
<dir>
	<title>Search</title>
	<tmdb>search</tmdb>
</dir>

<dir>
	<title>IN CINEMAS</title>
	<tmdb>movies/now_playing</tmdb>
</dir>

<dir>
	<title>MOVIES</title>
	<link>file://motu/movies/main.xml</link>
</dir>

<dir>
	<title>TV Shows</title>
	<link>file://motu/tvshows/main.xml</link>
</dir>

<dir>
	<title>LIVE TV</title>
	<link>file://motu/livetv/main.xml</link>
</dir>

<dir>
	<title>CELEBS</title>
	<link>file://motu/celebs/main.xml</link>
</dir>

<dir>
	<title>AWARDS</title>
	<tmdb>list/28</tmdb>
</dir>

<#item>
	<title>CALENDER</title>
	<link>ignorme</link>
</item>

<dir>
	<title>CONCERTS</title>
	<link>file://motu/concerts/concerts.xml</link>
</dir>

<dir>
	<title>Settings</title>
	<link>file://motu/main/msettings.xml</link>
</dir>