<dir>
	<title>[COLOR white]-----=====KODI'S YOUTUBE BLOGGERS=====-----[/COLOR]</title>
	<link>plugin://plugin.video.alleyezonme/?action=youtubeChannel&url=ignoreme</link>
</dir>

<plugin>
	<title>[COLOR orange]Soloman[/COLOR]</title>
	<link>plugin://plugin.video.alleyezonme/?action=youtubeChannel&url=UCuSdObYHdjize3ziP951org</link>
<thumbnail>https://yt3.ggpht.com/-YUHW44PfRLU/AAAAAAAAAAI/AAAAAAAAAAA/TMK9xizbGJU/s100-c-k-no-rj-c0xffffff/photo.jpg</thumbnail>
</plugin>

<plugin>
	<title>[COLOR orange]JoeNobody010101[/COLOR]</title>
	<link>plugin://plugin.video.alleyezonme/?action=youtubeChannel&url=UCZuZ4D4WGmyCLlWkgXvqqEg</link>
<thumbnail>https://yt3.ggpht.com/-yyi7bfBAFdM/AAAAAAAAAAI/AAAAAAAAAAA/YZtjGJ9XsYo/s100-c-k-no-mo-rj-c0xffffff/photo.jpg</thumbnail>
</plugin>

<plugin>
	<title>[COLOR orange]Husham Memar[/COLOR]</title>
	<link>plugin://plugin.video.alleyezonme/?action=youtubeChannel&url=UCb5DkdbEOBNoOY7RGkGN4pg</link>
<thumbnail>https://yt3.ggpht.com/-7MqMXmT3DR8/AAAAAAAAAAI/AAAAAAAAAAA/bfs3l0wg6u4/s100-c-k-no-rj-c0xffffff/photo.jpg</thumbnail>
</plugin>

<plugin>
	<title>[COLOR orange]Simply Caz[/COLOR]</title>
	<link>plugin://plugin.video.alleyezonme/?action=youtubeChannel&url=UCr_wSx5sZh5ydPzf7jOS7ZQ</link>
<thumbnail>https://yt3.ggpht.com/-swGWsXGqbbA/AAAAAAAAAAI/AAAAAAAAAAA/GnwcHOLcYfo/s100-c-k-no-mo-rj-c0xffffff/photo</thumbnail>
</plugin>

<plugin>
	<title>[COLOR orange]Touchtone[/COLOR]</title>
	<link>plugin://plugin.video.alleyezonme/?action=youtubeChannel&url=UCgRxR05Lmy_KVVW5I0PcTDA</link>
<thumbnail>https://yt3.ggpht.com/-PZf6tIaQqC4/AAAAAAAAAAI/AAAAAAAAAAA/LWrigWjcmcE/s100-c-k-no-mo-rj-c0xffffff/photo</thumbnail>
</plugin>

<plugin>
	<title>[COLOR orange]Pro N Cons[/COLOR]</title>
	<link>plugin://plugin.video.alleyezonme/?action=youtubeChannel&url=UC9cSIEYg1sU5kpeCKhm_FBA</link>
<thumbnail>https://yt3.ggpht.com/-m901ribHIZ4/AAAAAAAAAAI/AAAAAAAAAAA/uNxYAVowRDU/s100-c-k-no-rj-c0xffffff/photo</thumbnail>
</plugin>

<plugin>
	<title>[COLOR orange]Dimitrology[/COLOR]</title>
	<link>plugin://plugin.video.alleyezonme/?action=youtubeChannel&url=UCUY5BYXIaZoa4-HclwnNWDA</link>
<thumbnail>https://yt3.ggpht.com/-gc8RvvduE-E/AAAAAAAAAAI/AAAAAAAAAAA/7YIGzK1cPME/s100-c-k-no-mo-rj-c0xffffff/photo</thumbnail>
</plugin>

<plugin>
	<title>[COLOR orange]Lee TV[/COLOR]</title>
	<link>plugin://plugin.video.alleyezonme/?action=youtubeChannel&url=UClCRMB8kKz_-7funCdGdWLg</link>
<thumbnail>https://yt3.ggpht.com/-FnE4cQB7d-o/AAAAAAAAAAI/AAAAAAAAAAA/nHsRjgm55CY/s100-c-k-no-mo-rj-c0xffffff/photo</thumbnail>
</plugin>

<plugin>
	<title>[COLOR orange]Kodi Heaven[/COLOR]</title>
	<link>plugin://plugin.video.alleyezonme/?action=youtubeChannel&url=UCGd9srwfA7kn4GuKfMqWbMQ</link>
<thumbnail>https://yt3.ggpht.com/-Le-Q_Ny4ulU/AAAAAAAAAAI/AAAAAAAAAAA/3LqlYCWMdP4/s100-c-k-no-mo-rj-c0xffffff/photo</thumbnail>
</plugin>

<plugin>
	<title>[COLOR orange]MeacePeace -Kodi Tutorials-[/COLOR]</title>
	<link>plugin://plugin.video.alleyezonme/?action=youtubeChannel&url=UCx55aM88WDVMS-AR_q_VKUg</link>
<thumbnail>https://yt3.ggpht.com/-FJG-6RzIfqY/AAAAAAAAAAI/AAAAAAAAAAA/Va7CqtdjKgA/s100-c-k-no-mo-rj-c0xffffff/photo</thumbnail>
</plugin>

<plugin>
	<title>[COLOR orange]ASBYT[/COLOR]</title>
	<link>plugin://plugin.video.alleyezonme/?action=youtubeChannel&url=UC18WQbNSfrqxlIjKeIW3bGQ</link>
<thumbnail>https://yt3.ggpht.com/-OMUC1O8NtyI/AAAAAAAAAAI/AAAAAAAAAAA/cPrpjgnjkdE/s100-c-k-no-mo-rj-c0xffffff/photo</thumbnail>
</plugin>

<plugin>
	<title>[COLOR orange]Top Tutorials[/COLOR]</title>
	<link>plugin://plugin.video.alleyezonme/?action=youtubeChannel&url=UC0QRG-gMqHhF5-BPdmJfs1w</link>
<thumbnail>https://yt3.ggpht.com/-Qko8gm9_ncI/AAAAAAAAAAI/AAAAAAAAAAA/rDkvFqRYVUs/s100-c-k-no-mo-rj-c0xffffff/photo</thumbnail>
</plugin>

<plugin>
	<title>[COLOR orange]TARGETin1080P[/COLOR]</title>
	<link>plugin://plugin.video.alleyezonme/?action=youtubeChannel&url=UCIXdDyP0vUfFowI9n9M2WFg</link>
<thumbnail>https://yt3.ggpht.com/-BbCESrp7T_g/AAAAAAAAAAI/AAAAAAAAAAA/vYLUjXW1d2A/s100-c-k-no-mo-rj-c0xffffff/photo</thumbnail>
</plugin>

<plugin>
	<title>[COLOR orange]TARGETin1080P (Original)[/COLOR]</title>
	<link>plugin://plugin.video.alleyezonme/?action=youtubeChannel&url=UCvdVr9UCntCxe--bSroEeBQ</link>
<thumbnail>https://yt3.ggpht.com/-wCgQEzXoRCc/AAAAAAAAAAI/AAAAAAAAAAA/uAY_iWuNosk/s100-c-k-no-mo-rj-c0xffffff/photo</thumbnail>
</plugin>

<plugin>
	<title>[COLOR orange]Dexter Tv[/COLOR]</title>
	<link>plugin://plugin.video.alleyezonme/?action=youtubeChannel&url=UCYl26CDTQ4yGPr768C8LtFQ</link>
<thumbnail>https://yt3.ggpht.com/-UCQeDgi7HOc/AAAAAAAAAAI/AAAAAAAAAAA/emdw4Gam1IU/s100-c-k-no-mo-rj-c0xffffff/photo</thumbnail>
</plugin>

<plugin>
	<title>[COLOR orange]My Kodi[/COLOR]</title>
	<link>plugin://plugin.video.alleyezonme/?action=youtubeChannel&url=UCgYI_a85B2wYm6CPH56a77g</link>
<thumbnail>https://yt3.ggpht.com/-XZ4B4MqoYdo/AAAAAAAAAAI/AAAAAAAAAAA/zAXSx2gBOFA/s100-c-k-no-mo-rj-c0xffffff/photo</thumbnail>
</plugin>
 
<plugin>
	<title>[COLOR orange]Gen TeC[/COLOR]</title>
	<link>plugin://plugin.video.alleyezonme/?action=youtubeChannel&url=UC00Jx1zkJloh2Ow0ubv4mfQ</link>
<thumbnail>https://yt3.ggpht.com/-W0BrnKYJ-bA/AAAAAAAAAAI/AAAAAAAAAAA/XJ8P9GXM4tc/s100-c-k-no-mo-rj-c0xffffff/photo</thumbnail>
</plugin>

<plugin>
	<title>[COLOR orange]GAM3RDS[/COLOR]</title>
	<link>plugin://plugin.video.alleyezonme/?action=youtubeChannel&url=UCNO939DaqD5o-8Y2KWIWZXg</link>
<thumbnail>https://yt3.ggpht.com/-I0CSDReNHGE/AAAAAAAAAAI/AAAAAAAAAAA/IeJjaggdC-c/s100-c-k-no-mo-rj-c0xffffff/photo</thumbnail>
</plugin>

<plugin>
	<title>[COLOR orange]KODI SOLUTIONS[/COLOR]</title>
	<link>plugin://plugin.video.alleyezonme/?action=youtubeChannel&url=UCWJ3sjHCtaO240IYKueqkNw</link>
<thumbnail>https://yt3.ggpht.com/-EuxUdKKs8xI/AAAAAAAAAAI/AAAAAAAAAAA/NghEpit0kAk/s100-c-k-no-mo-rj-c0xffffff/photo</thumbnail>
</plugin>

<plugin>
	<title>[COLOR orange]newtechevolution[/COLOR]</title>
	<link>plugin://plugin.video.alleyezonme/?action=youtubeChannel&url=UCOQVoYzsSlRnDNIBWe2dY4g</link>
<thumbnail>https://yt3.ggpht.com/-Rn4z3ys8mIs/AAAAAAAAAAI/AAAAAAAAAAA/yPQtOUwwQKw/s100-c-k-no-mo-rj-c0xffffff/photo</thumbnail>
</plugin>

<plugin>
	<title>[COLOR orange]KRAZ inabox[/COLOR]</title>
	<link>plugin://plugin.video.alleyezonme/?action=youtubeChannel&url=UCTcmpCCEk6q0ovCrHANZoUw</link>
<thumbnail>https://yt3.ggpht.com/-cRThFqx7f4s/AAAAAAAAAAI/AAAAAAAAAAA/gEQAOW5hXPQ/s100-c-k-no-mo-rj-c0xffffff/photo</thumbnail>
</plugin>

<plugin>
	<title>[COLOR orange]Kodi Latino[/COLOR]</title>
	<link>plugin://plugin.video.alleyezonme/?action=youtubeChannel&url=UC4unx6bvKRXP8EZ4LQvtT8g</link>
<thumbnail>https://yt3.ggpht.com/-_hA6h23QE0c/AAAAAAAAAAI/AAAAAAAAAAA/ub6BUSWtzXQ/s100-c-k-no-mo-rj-c0xffffff/photo</thumbnail>
</plugin>

<plugin>
	<title>[COLOR orange]Acosta XBMC[/COLOR]</title>
	<link>plugin://plugin.video.alleyezonme/?action=youtubeChannel&url=UC8Vs1m9YmDBQHGMicqzg9OA</link>
<thumbnail>https://yt3.ggpht.com/-r8WbLIryyAU/AAAAAAAAAAI/AAAAAAAAAAA/0KWNwqjB8yM/s100-c-k-no-mo-rj-c0xffffff/photo</thumbnail>
</plugin>

<plugin>
	<title>[COLOR orange]Freeworld Entertaiment[/COLOR]</title>
	<link>plugin://plugin.video.alleyezonme/?action=youtubeChannel&url=UCrS-4eNHy0t5Ud_IDipurmg</link>
<thumbnail>https://yt3.ggpht.com/-INUL15rMSa0/AAAAAAAAAAI/AAAAAAAAAAA/bExtHCNbrus/s100-c-k-no-mo-rj-c0xffffff/photo</thumbnail>
</plugin>

<plugin>
	<title>[COLOR orange]Ariel Cintron[/COLOR]</title>
	<link>plugin://plugin.video.alleyezonme/?action=youtubeChannel&url=UCFzeyifP-7nbeq4e6X1x5vw</link>
<thumbnail>https://yt3.ggpht.com/-l3Vw3rxLNuo/AAAAAAAAAAI/AAAAAAAAAAA/XTbfqg2HjjQ/s100-c-k-no-mo-rj-c0xffffff/photo</thumbnail>
</plugin>

<plugin>
	<title>[COLOR orange]DaHenchmen Soulless[/COLOR]</title>
	<link>plugin://plugin.video.alleyezonme/?action=youtubeChannel&url=UC8IdNL6nD0UVJ82RzfMwjWQ</link>
<thumbnail>https://yt3.ggpht.com/-T5R891izvqc/AAAAAAAAAAI/AAAAAAAAAAA/yj2lp7_d1rs/s100-c-k-no-mo-rj-c0xffffff/photo</thumbnail>
</plugin>

<plugin>
	<title>[COLOR orange]Savy Techgirl[/COLOR]</title>
	<link>plugin://plugin.video.alleyezonme/?action=youtubeChannel&url=UCvXiYqrB6P30yGpqMjFqExQ</link>
<thumbnail>https://yt3.ggpht.com/-4njccu-t--I/AAAAAAAAAAI/AAAAAAAAAAA/c6Enzfl1DkM/s100-c-k-no-mo-rj-c0xffffff/photo</thumbnail>
</plugin>

<plugin>
	<title>[COLOR orange]Mari's Review Channel[/COLOR]</title>
	<link>plugin://plugin.video.alleyezonme/?action=youtubeChannel&url=UC4aBkc35BUp_XR4J3TtRgtA</link>
<thumbnail>https://yt3.ggpht.com/-Il4L8s9hUzg/AAAAAAAAAAI/AAAAAAAAAAA/jtgMLCZX9bE/s100-c-k-no-mo-rj-c0xffffff/photo</thumbnail>
</plugin>

<plugin>
	<title>[COLOR orange]XK MC[/COLOR]</title>
	<link>plugin://plugin.video.alleyezonme/?action=youtubeChannel&url=UCOjHrylJ3-y-D0h9JUM-vLQ</link>
<thumbnail>https://yt3.ggpht.com/-MO6brQ3gbCw/AAAAAAAAAAI/AAAAAAAAAAA/LTV3CPPI8U4/s100-c-k-no-mo-rj-c0xffffff/photo</thumbnail>
</plugin>

<plugin>
	<title>[COLOR orange]KODI PRO[/COLOR]</title>
	<link>plugin://plugin.video.alleyezonme/?action=youtubeChannel&url=UC_RuE2MikI2QF4qYnUPr09g</link>
<thumbnail>https://yt3.ggpht.com/-J1vHQwzPccc/AAAAAAAAAAI/AAAAAAAAAAA/QnhsbFhfPqo/s100-c-k-no-mo-rj-c0xffffff/photo</thumbnail>
</plugin>

<plugin>
	<title>[COLOR orange]KRATOS002[/COLOR]</title>
	<link>plugin://plugin.video.alleyezonme/?action=youtubeChannel&url=UCBuW46qJ0vOlzGheIyqK2xg</link>
<thumbnail>https://yt3.ggpht.com/-iBJF_OMuGU0/AAAAAAAAAAI/AAAAAAAAAAA/OeyeFdfVUME/s100-c-k-no-mo-rj-c0xffffff/photo</thumbnail>
</plugin>

<plugin>
	<title>[COLOR orange]XKMC Sin Music[/COLOR]</title>
	<link>plugin://plugin.video.alleyezonme/?action=youtubeChannel&url=UC1m4Spt5zrKpz77F1WuD2nQ</link>
<thumbnail>https://yt3.ggpht.com/-H5pmS5w_E6s/AAAAAAAAAAI/AAAAAAAAAAA/tJRJG0b5Sas/s100-c-k-no-mo-rj-c0xffffff/photo</thumbnail>
</plugin>

<plugin>
	<title>[COLOR orange]elchispaartista[/COLOR]</title>
	<link>plugin://plugin.video.alleyezonme/?action=youtubeChannel&url=UCK5sxkF-peyiVHO_ltHjipg</link>
<thumbnail>https://yt3.ggpht.com/-K7Y2OuJX6lU/AAAAAAAAAAI/AAAAAAAAAAA/cix9zelpcos/s100-c-k-no-mo-rj-c0xffffff/photo</thumbnail>
</plugin>

<plugin>
	<title>[COLOR orange]Kodiline 007[/COLOR]</title>
	<link>plugin://plugin.video.alleyezonme/?action=youtubeChannel&url=UC-IyE0ceB6COHSGd_ItcWiA</link>
<thumbnail>https://yt3.ggpht.com/-DQJA3XUuDTE/AAAAAAAAAAI/AAAAAAAAAAA/5v8qeIkY6vc/s100-c-k-no-mo-rj-c0xffffff/photo</thumbnail>
</plugin>

<plugin>
	<title>[COLOR orange]CW[/COLOR]</title>
	<link>plugin://plugin.video.alleyezonme/?action=youtubeChannel&url=UCypHJluApWqOtke0HY28gDQ</link>
<thumbnail>https://yt3.ggpht.com/-aoUNR6TihRQ/AAAAAAAAAAI/AAAAAAAAAAA/WtycToVTka8/s100-c-k-no-mo-rj-c0xffffff/photo</thumbnail>
</plugin>

<plugin>
	<title>[COLOR orange]Peter Carcione[/COLOR]</title>
	<link>plugin://plugin.video.alleyezonme/?action=youtubeChannel&url=UCQZcmkkx7hc0ik4wjaAtINQ</link>
<thumbnail>https://yt3.ggpht.com/-ILSynlg95ME/AAAAAAAAAAI/AAAAAAAAAAA/NUXKGDZ9LA8/s100-c-k-no-mo-rj-c0xffffff/photo</thumbnail>
</plugin>

<plugin>
	<title>[COLOR orange]The5thAvenueProject[/COLOR]</title>
	<link>plugin://plugin.video.alleyezonme/?action=youtubeChannel&url=UCpEeeUjodpy2DnID-wdDY-w</link>
<thumbnail>https://yt3.ggpht.com/-jh9z8wAJlEY/AAAAAAAAAAI/AAAAAAAAAAA/PDbeXRAOqco/s100-c-k-no-mo-rj-c0xffffff/photo</thumbnail>
</plugin>

<plugin>
	<title>[COLOR orange]Tech Timeruuu[/COLOR]</title>
	<link>plugin://plugin.video.alleyezonme/?action=youtubeChannel&url=UCoMOQDEEBECQ81CdojuEqfg</link>
<thumbnail>https://yt3.ggpht.com/-xrpSGZutUms/AAAAAAAAAAI/AAAAAAAAAAA/WoCkFC1pt8Q/s100-c-k-no-mo-rj-c0xffffff/photo</thumbnail>
</plugin>

<plugin>
	<title>[COLOR orange]CSSC0DER[/COLOR]</title>
	<link>plugin://plugin.video.alleyezonme/?action=youtubeChannel&url=UCNpGTnUm6xVUWxfOe3GEBVQ</link>
<thumbnail>https://yt3.ggpht.com/-3roPe7rO4bU/AAAAAAAAAAI/AAAAAAAAAAA/kb_I0Ga4gaM/s100-c-k-no-mo-rj-c0xffffff/photo</thumbnail>
</plugin>

<plugin>
	<title>[COLOR orange]Chris Blower[/COLOR]</title>
	<link>plugin://plugin.video.alleyezonme/?action=youtubeChannel&url=UCKRic5GN63gWXc2MsWaRUHA</link>
<thumbnail>https://yt3.ggpht.com/-cHYQjzYx_3k/AAAAAAAAAAI/AAAAAAAAAAA/4U46z5I0vyM/s100-c-k-no-mo-rj-c0xffffff/photo</thumbnail>
</plugin>

<plugin>
	<title>[COLOR orange]Hackelodeon[/COLOR]</title>
	<link>plugin://plugin.video.alleyezonme/?action=youtubeChannel&url=UCVyBXMQLmUT77OHCVg52UdA</link>
<thumbnail>https://yt3.ggpht.com/-XhfQrXxyvAs/AAAAAAAAAAI/AAAAAAAAAAA/llQdScQrAsE/s100-c-k-no-mo-rj-c0xffffff/photo</thumbnail>
</plugin>

<plugin>
	<title>[COLOR orange]Doc Squiffy[/COLOR]</title>
	<link>plugin://plugin.video.alleyezonme/?action=youtubeChannel&url=UCFOStcorp34JSwYTaTZB1oQ</link>
<thumbnail>https://yt3.ggpht.com/-nYgh3GLcdyc/AAAAAAAAAAI/AAAAAAAAAAA/eseha30N5uY/s100-c-k-no-mo-rj-c0xffffff/photo</thumbnail>
</plugin>

<plugin>
	<title>[COLOR orange]Jasonmoore85[/COLOR]</title>
	<link>plugin://plugin.video.alleyezonme/?action=youtubeChannel&url=UCTSfSNhVOXAHtvBTCcUzJAA</link>
<thumbnail>https://yt3.ggpht.com/-rzWOMM2Ols4/AAAAAAAAAAI/AAAAAAAAAAA/88W2kITY5o8/s100-c-k-no-mo-rj-c0xffffff/photo</thumbnail>
</plugin>
