<?xml version="1.0" encoding="UTF-8"?>
<addon id="plugin.program.HighEnergy.notifications" version="1.0" name="HighEnergy Notifications" provider-name="HighEnergy">
  <requires>
  	<import addon="xbmc.python" version="2.1.0"/>
  	<import addon="script.module.addon.common" optional="true" />
  </requires>
  <extension point="xbmc.python.script" library="default.py">
    <provides>executable</provides>
  </extension>
  <extension point="xbmc.service" library="service.py" start="startup">
  </extension>
  <extension point="xbmc.addon.metadata">
  	<summary></summary>
  	<description>HighEnergy Notifications Area.</description>
  	<disclaimer></disclaimer>
  	<language>en</language>
  	<platform>all</platform>
  	<forum></forum>
  	<website></website>
  	<source></source>
  	<email></email>
  </extension>
</addon>
