<#item>
	<title>[B] The Movie Shutter[/B]</title>
	<link>$doregex[makelist]</link>
	<thumbnail/>
	<regex>
		<name>makelist</name>
		<listrepeat>
			<![CDATA[
        <title>[makelist.param2]</title>
        <link>$doregex[makelist2]</link>
        <thumbnail>[makelist.param3]</thumbnail>
]]>
		</listrepeat>
		<expres>
			<![CDATA[#$pyFunction
def GetLSProData(page_data,Cookie_Jar,m,u = ''):
    from resources.lib.modules import cache,client,workers
    import re,urllib,xbmc,xbmcgui
    u = ''
    u = client.request('http://www.freekidsmovies.tv/')
    u = client.request('http://www.freekidsmovies.tv/page/2')
    u = client.request('http://www.freekidsmovies.tv/page/3')
    u = client.request('http://www.freekidsmovies.tv/page/4')
    u = client.request('http://www.freekidsmovies.tv/page/5')
    u = client.request('http://www.freekidsmovies.tv/page/6')
    u = client.request('http://www.freekidsmovies.tv/page/7')
    u = client.request('http://www.freekidsmovies.tv/page/8')
    u = client.request('http://www.freekidsmovies.tv/page/9')
    u = client.request('http://www.freekidsmovies.tv/page/10')
    u = client.request('http://www.freekidsmovies.tv/page/11')
    u = client.request('http://www.freekidsmovies.tv/page/12')
    u = client.request('http://www.freekidsmovies.tv/page/13')
    u = client.request('http://www.freekidsmovies.tv/page/14')
    u = client.request('http://www.freekidsmovies.tv/page/15')
    u = client.request('http://www.freekidsmovies.tv/page/16')
    u = client.request('http://www.freekidsmovies.tv/page/17')
    u = client.request('http://www.freekidsmovies.tv/page/18')
    u = client.request('http://www.freekidsmovies.tv/page/19')
    u = client.request('http://www.freekidsmovies.tv/page/20')
    u = client.request('http://www.freekidsmovies.tv/page/21')
    u = client.request('http://www.freekidsmovies.tv/page/22')
    u = client.request('http://www.freekidsmovies.tv/page/23')
    u = client.request('http://www.freekidsmovies.tv/page/23')
    u = client.request('http://www.freekidsmovies.tv/page/24')
    u = client.request('http://www.freekidsmovies.tv/page/25')
    u = client.request('http://www.freekidsmovies.tv/page/26')
    u = client.request('http://www.freekidsmovies.tv/page/27')
    u = client.request('http://www.freekidsmovies.tv/page/28')
    u = client.request('http://www.freekidsmovies.tv/page/29')
    u = client.request('http://www.freekidsmovies.tv/page/30')
    u = client.request('http://www.freekidsmovies.tv/page/31')
    u = client.request('http://www.freekidsmovies.tv/page/32')
    u = client.request('http://www.freekidsmovies.tv/page/33')
    u = client.request('http://www.freekidsmovies.tv/page/34')
    u = client.request('http://www.freekidsmovies.tv/page/34')
    u = client.request('http://www.freekidsmovies.tv/page/35')
    u = client.request('http://www.freekidsmovies.tv/page/36')
    u = client.request('http://www.freekidsmovies.tv/page/37')
    u = client.request('http://www.freekidsmovies.tv/page/38')
    u = client.request('http://www.freekidsmovies.tv/page/39')
    u = client.request('http://www.freekidsmovies.tv/page/40')
    u = client.request('http://www.freekidsmovies.tv/page/41')
    u = client.request('http://www.freekidsmovies.tv/page/42')
    u = client.request('http://www.freekidsmovies.tv/page/43')
    u = client.request('http://www.freekidsmovies.tv/page/44')
    u = client.request('http://www.freekidsmovies.tv/page/45')
    u = client.request('http://www.freekidsmovies.tv/page/46')
    u = client.request('http://www.freekidsmovies.tv/page/47')
    u = client.request('http://www.freekidsmovies.tv/page/48')
    u = client.request('http://www.freekidsmovies.tv/page/49')
    u = client.request('http://www.freekidsmovies.tv/page/50')
    u = client.request('http://www.freekidsmovies.tv/page/51')
    u = client.request('http://www.freekidsmovies.tv/page/52')
    u = client.request('http://www.freekidsmovies.tv/page/53')
    u = client.request('http://www.freekidsmovies.tv/page/54')
    u = client.request('http://www.freekidsmovies.tv/page/55')
    u = client.request('http://www.freekidsmovies.tv/page/56')
    u = client.request('http://www.freekidsmovies.tv/page/57')
    u = client.request('http://www.freekidsmovies.tv/page/58')
    u = client.request('http://www.freekidsmovies.tv/page/59')
    u = client.request('http://www.freekidsmovies.tv/page/60')
    u = client.request('http://www.freekidsmovies.tv/page/61')
    u = client.request('http://www.freekidsmovies.tv/page/62')
    u = client.request('http://www.freekidsmovies.tv/page/63')
    u = client.request('http://www.freekidsmovies.tv/page/64')
    u = client.request('http://www.freekidsmovies.tv/page/65')
    u = client.request('http://www.freekidsmovies.tv/page/66')
    u = client.request('http://www.freekidsmovies.tv/page/67')
    u = client.request('http://www.freekidsmovies.tv/page/68')
    u = client.request('http://www.freekidsmovies.tv/page/69')
    u = client.request('http://www.freekidsmovies.tv/page/70')
    u = client.request('http://www.freekidsmovies.tv/page/71')
    u = client.request('http://www.freekidsmovies.tv/page/72')
    u = client.request('http://www.freekidsmovies.tv/page/73')
    u = client.request('http://www.freekidsmovies.tv/page/74')
    u = client.request('http://www.freekidsmovies.tv/page/75')
    e = re.findall('(?s)class="release-wrapper">.+?f="[^"]*.+?>([^\(]*)\(([^\)]*).+?bar" id="([^"]*).+?img src="([^"]*)', u)
    e = [(i[0],i[1],'tt'+i[2],i[3]) for i in e]
    return e
]]></expres>
<page></page>
</regex>
</item>

<dir>
	<title>[B] ANIMATION SHOWS[/B]</title>
	<tmdb>genre/shows/16</tmdb>
</dir>

<dir>
	<title>[B] DISNEY CLASSIC COLLECTION[/B]</title>
	<tmdb>list/338</tmdb>
</dir>

<dir>
	<title>[B] PIXAR ANIMATIONS[/B]</title>
	<tmdb>company/movies/3</tmdb>
</dir>

<plugin>
	<title>[B] FILMON KIDZ [/B]</title>
	<link>plugin://plugin.video.SportsDevil/?item=url.tmp%3d%252Fgroup%252Fkids%26title%3dKIDS%26url%3dhttp%253A%252F%252Fwww.filmon.com%252Fgroup%252Fkids%26cfg%3dfilmon.com.cfg%2540Channels%26definedIn%3dcustoms%252Ffilmon.com.cfg%26director%3dfilmon.com%26genre%3dLive%2bTV%26type%3drss%26icon%3dhttps%253A%252F%252Fstatic.filmon.com%252Fassets%252Fgroups%252F13%252Fbig_logo.png&amp;mode=1&quot;,return)</link>
	<thumbnail>https://static.filmon.com/assets/groups/13/big_logo.png</thumbnail>
</plugin>

<dir>
	<name>[B] KIDZ TV[/B]</name>
	<link>file://lists/kedz/tv.xml</link>
	<thumbnail>file://lists/images/kidztv.png</thumbnail>
</dir>

<dir>
	<name>[B] KIDZ MOVIES[/B]</name>
	<link>file://lists/kedz/movies.xml</link>
	<thumbnail>file://lists/images/kidzmovies.png</thumbnail>
</dir>

<dir>
	<name>[B] KIDZ DISNEY[/B]</name>
	<link>file://lists/kedz/disney.xml</link>
	<thumbnail>file://lists/images/kidzdisney.png</thumbnail>
</dir>

<dir>
	<name>[B] KIDZ CARTOONS[/B]</name>
	<link>file://lists/kedz/cartoons.xml</link>
	<thumbnail>file://lists/images/kidzcartoon.png</thumbnail>
</dir>

<dir>
	<name>[B] KIDZ YOUTUBE[/B]</name>
	<link>file://lists/kedz/youtube.xml</link>
	<thumbnail>file://lists/images/kidzyoutube.png</thumbnail>
</dir>

<plugin>
	<title>=== CLASSIC CARTOONS ===</title>
	<link>https://www.youtube.com/watch?v=PLiw81NHveQ80awM5DnTsv2WjUd5nK0LQz</link>
</plugin>

<plugin>
	<title>Transformers</title>
	<link>Plugin://plugin.video.youtube/playlist/PL7857F7FC0CE2EC05/?page=0</link>
</plugin>

<plugin>
	<title>Inspector Gadget</title>
	<link>Plugin://plugin.video.youtube/playlist/PLqcNVz8UuCsJ0yJ5Td4bxbVHejncVncIj/?page=0</link>
</plugin>

<plugin>
	<title>Bananas In Pyjamas</title>
	<link>Plugin://plugin.video.youtube/playlist/PLpd15K7DiNG8lGcUaD52cbUAMJge9IJWX/?page=0</link>
</plugin>

<plugin>
	<title>Animaniacs</title>
	<link>Plugin://plugin.video.youtube/playlist/PLEED6U9clBc2H8KpI1N73JpYWjg7O4eeQ/?page=0</link>
</plugin>

<plugin>
	<title>Thomas and Friends</title>
	<link>Plugin://plugin.video.youtube/playlist/PLIVL8wR3lPnhdZp8m2HgFoFdzOkxsZe76/?page=0</link>
</plugin>

<plugin>
	<title>Rugrats</title>
	<link>Plugin://plugin.video.youtube/playlist/PLUwRRavNgwZYLwqaz0dPjuWEo59enXsxM/?page=0</link>
</plugin>

<plugin>
	<title>The TrapDoor</title>
	<link>Plugin://plugin.video.youtube/playlist/PLnig_T0hoznIAvJe73-QUmE-cYMWPjy35/?page=0</link>
</plugin>

<plugin>
	<title>Paw Patrol</title>
	<link>Plugin://plugin.video.youtube/playlist/PL89jbmhaqzU5BlzuVjkJ0AwT-rZ3BB9rZ/?page=0</link>
</plugin>

<plugin>
	<title>Classic Popeye Cartoons</title>
	<link>Plugin://plugin.video.youtube/playlist/PLsssbVJ2wz5Eshm4mSaasdTpNl97MFcLd/?page=0</link>
</plugin>

<plugin>
	<title>DangerMouse</title>
	<link>Plugin://plugin.video.youtube/playlist/PLbcNlGLh0jHlkwHCvS8rP_mLe7Z43mP9G/?page=0</link>
</plugin>

<plugin>
	<title>Thundercats</title>
	<link>Plugin://plugin.video.youtube/playlist/PL984hZnzBPSYtf4Og0botTtEQWzKCETfB/?page=0</link>
</plugin>

<plugin>
	<title>Topcat</title>
	<link>Plugin://plugin.video.youtube/playlist/PLgpmL5TvSrJ6F4hMdVXTOCRT-KB9gxpn0/?page=0</link>
</plugin>

<plugin>
	<title>Count Duckula</title>
	<link>Plugin://plugin.video.youtube/playlist/PLZs0gQed9tMSiX5n5vr2fBs3jeqeIvtd1/?page=0</link>
</plugin>

<plugin>
	<title>Thunderbirds</title>
	<link>Plugin://plugin.video.youtube/playlist/PLvKxlng74qQbpQOGEc8dlSQx0JepusMOC/?page=0</link>
</plugin>

<plugin>
	<title>Tom and Jerry</title>
	<link>Plugin://plugin.video.youtube/playlist/PLSZgBu1Js5dlN_VgH06GIXVyq_kpOQ3Cl/?page=0</link>
</plugin>

<plugin>
	<title>Roadrunner</title>
	<link>Plugin://plugin.video.youtube/playlist/PLL3uNn7f3npgkXGEU71mZSlb31vki3v-J/?page=0</link>
</plugin>

<plugin>
	<title>Bob the Builder</title>
	<link>Plugin://plugin.video.youtube/playlist/PLqVJV_alutqgatWVowQ31CZVLXGVzueb8/?page=0</link>
</plugin>

<plugin>
	<title>Postman Pat</title>
	<link>Plugin://plugin.video.youtube/playlist/PLzcEpQYkRSQ0nlZg_PEjMvI2SBP-Fyw9V/?page=0</link>
</plugin>

<plugin>
	<title>Magic Roundabout</title>
	<link>Plugin://plugin.video.youtube/playlist/PLRrFnCPN_OdtWGYfsAKb6ZpKtsO41BPBb/?page=0</link>
</plugin>

<plugin>
	<title>The Mask</title>
	<link>Plugin://plugin.video.youtube/playlist/PLby1c0jaiV-tnH08MiO9lnP2fgUCYvYnW/?page=0</link>
</plugin>

<plugin>
	<title>Bananaman</title>
	<link>Plugin://plugin.video.youtube/playlist/PLtyROzLVa1e6n7sKPWBsUQ9EWduwDcDmD/?page=0</link>
</plugin>

<plugin>
	<title>Fireman Sam</title>
	<link>Plugin://plugin.video.youtube/playlist/PLwiXrAvIA5TEUjwrzTaYek4h1iyzEVS2L/?page=0</link>
</plugin>

<plugin>
	<title>ICarly</title>
	<link>Plugin://plugin.video.youtube/playlist/PLvmy_R5w0xmuvjN5T1VXEbn-7KUf0sQ9J/?page=0</link>
</plugin>

<plugin>
	<title>SuperTed Season 1</title>
	<link>Plugin://plugin.video.youtube/playlist/PL4kugFcJg_kZA2hrTAyX89LKmVQyGV2CZ/?page=0</link>
</plugin>

<plugin>
	<title>SuperTed Season 2</title>
	<link>Plugin://plugin.video.youtube/playlist/PL4kugFcJg_ka9MVIh8nxwhvdVXHl7jVao/?page=0</link>
</plugin>

<plugin>
	<title>SuperTed Season 3</title>
	<link>Plugin://plugin.video.youtube/playlist/PL4kugFcJg_kYrvU9URxMfj6eTerpFq-I-/?page=0</link>
</plugin>

<plugin>
	<title>Ben and holly's little kingdom</title>
	<link>Plugin://plugin.video.youtube/playlist/PLviDWJCM2htdxSbw9sf1u6JaDDuN4ppSQ/?page=0</link>
</plugin>

<plugin>
	<title>Lazy Town</title>
	<link>Plugin://plugin.video.youtube/playlist/PLFSSgxcVeFPSLX1tEQ3IIgcASFW1i7Ctp/?page=0</link>
</plugin>

<plugin>
	<title>She-Ra: Princess of Power</title>
	<link>Plugin://plugin.video.youtube/playlist/PLB-blR_kfzRD63AirQPyo-yDnxt_qa53s/?page=0</link>
</plugin>

<plugin>
	<title>HE-MAN and the Masters of the Universe</title>
	<link>Plugin://plugin.video.youtube/playlist/PL1AF8CCD9155BB6F7/?page=0</link>
</plugin>

<plugin>
	<title>Looney Tunes Show</title>
	<link>Plugin://plugin.video.youtube/playlist/PLTfICmEzxkQQzr6mCL2KuBMe_ZvOlRY5O/?page=0</link>
</plugin>

<item>
	<title>Looney Tunes Compilation: Bugs Bunny, Daffy Duck and more!</title>
	<link>https://www.youtube.com/watch?v=OM6xvpzqCUA</link>
</item>

<item>
	<title>Looney Tunes Compilation In 4K</title>
	<link>https://www.youtube.com/watch?v=cUsvKvfpdNA</link>
</item>

<plugin>
	<title>Woody Woodpecker</title>
	<link>Plugin://plugin.video.youtube/playlist/PLwGVx_eLrtc6cmDc9oqBccxLT25UIkr9B/?page=0</link>
</plugin>

<plugin>
	<title>Peppa Pig All Seasons & Episodes</title>
	<link>Plugin://plugin.video.youtube/playlist/PL0qkhhDzibUc2_kMx-YcqZ8u9Oknu9xAq/?page=0</link>
</plugin>

<plugin>
	<title>scooby doo !!</title>
	<link>Plugin://plugin.video.youtube/playlist/PLiw81NHveQ80awM5DnTsv2WjUd5nK0LQz/?page=0</link>
</plugin>

<item>
	<title>Christmas Cartoons Compilation</title>
	<link>https://www.youtube.com/watch?v=tJb0HXH4ZFw</link>
</item>

<item>
	<title>Daffy Duck Compilation</title>
	<link>https://www.youtube.com/watch?v=JUBOG7VIi44</link>
</item>

<item>
	<title>Bugs Bunny Compilation</title>
	<link>https://www.youtube.com/watch?v=zCFxKdak9uA</link>
</item>

<item>
	<title>MGM Cartoon Compilation</title>
	<link>https://www.youtube.com/watch?v=wYNXqwuD1no</link>
</item>

<item>
	<title>Barbie Life in the Dreamhouse - Barbie the Princess and Doctor Barbie</title>
	<link>https://www.youtube.com/watch?v=QSSDaRdKgLk</link>
</item>

<item>
	<title>=== 24/7 CARTOONS ===</title>
	<link>https://www.youtube.com/watch?v=PLiw81NHveQ80awM5DnTsv2WjUd5nK0LQz</link>
</item>

<item>
	<title>King of the Hill - 24/7</title>
	<link>https://www.youtube.com/watch?v=1ouIVDJt_iQ</link>
</item>

<item>
	<title>Spongebob Squarepants - 24/7</title>
	<link>https://www.youtube.com/watch?v=7PJ8fg5zTWU</link>
</item>

<item>
	<title>American Dad - 24/7</title>
	<link>https://www.youtube.com/watch?v=nw2oy9B28Dw</link>
</item>

<item>
	<title>Family Guy - 24/7</title>
	<link>https://www.youtube.com/watch?v=4-8nDPpzEJ4</link>
</item>

<item>
	<title>South Park - 24/7</title>
	<link>https://www.youtube.com/watch?v=wlUCWTq55dA</link>
</item>