<alleyezonme>
    <mainmenu>
    <layouttype>List</layouttype>


        <dir>
           <title>[B]AEOM SEARCH[/B]</title>
           <meta>
               <title>[B]AEOM SEARCH[/B]</title>
               <summary></summary>
           </meta> 			
           <trakt>search</trakt>
           <thumbnail>https://raw.githubusercontent.com/Daffy81/repository.alleyezonme/master/zips/plugin.video.alleyezonme/images/search.png</thumbnail>
           <about>this is the search area for aeom. search for tvshows or movies.</about>
        </dir>

        <dir>
           <title>[B]MOVIE OF THE WEEK[/B]</title>
           <meta>
               <title>[B]MOVIE OF THE WEEK[/B]</title>
               <summary>Movie of the week, check back for a new movie, voted for by ME.</summary>
           </meta> 			
           <link>file://lists/movies/motw.xml</link>
           <thumbnail>https://2.bp.blogspot.com/-BxhLOevvXfI/Tv03tHgro5I/AAAAAAAACkI/LQ1KA-o6E1o/s1600/movie+of+the+week.jpg</thumbnail>
           <fanart>https://keithandthemovies.files.wordpress.com/2012/05/movie_theatre-this-week.jpg</fanart>
        </dir>

        <dir>
            <title>[B]MOST POPULAR MOVIES[/B]</title>
            <meta>
                <title>[B]MOST POPULAR MOVIES[/B]</title>
                <summary></summary>
            </meta> 			
            <imdburl>chart/moviemeter</imdburl>
            <thumbnail>https://raw.githubusercontent.com/Daffy81/repository.alleyezonme/master/zips/plugin.video.alleyezonme/images/mostpopular.png</thumbnail>
      </dir>

        <dir>
            <title>[B]IN THEATRES NOW[/B]</title>
            <meta>
                <title>[B]IN THEATRES NOW[/B]</title>
                <summary></summary>
            </meta> 			
            <imdburl>years/2018</imdburl>
            <thumbnail>https://raw.githubusercontent.com/Daffy81/repository.alleyezonme/master/zips/plugin.video.alleyezonme/images/newreleases.png</thumbnail>
        </dir>

        <dir>
            <title>[B]CCTV[/B]</title>
            <meta>
                <title>[B]CCTV[/B]</title>
                <summary></summary>
            </meta> 			
            <m3u>file://lists/tv/cctv.m3u</m3u>
        </dir>

        <dir>
            <title>[B]DOCUMENTARIES[/B]</title>
            <meta>
                <title>[B]DOCUMENTARIES[/B]</title>
                <summary></summary>
            </meta> 			
            <link>file://lists/tv/documentaries.xml</link>
            <thumbnail>https://raw.githubusercontent.com/Daffy81/repository.alleyezonme/master/zips/plugin.video.alleyezonme/images/documentaries.png</thumbnail>
        </dir>

        <dir>
            <title>[B]KEEP FIT[/B]</title>
            <meta>
                <title>[B]KEEP FIT[/B]</title>
                <summary></summary>
            </meta> 			
            <link>file://lists/fitness/fitness.xml</link>
            <thumbnail>https://raw.githubusercontent.com/Daffy81/repository.alleyezonme/master/zips/plugin.video.alleyezonme/images/fitness.png</thumbnail>
        </dir>

        <dir>
            <title>[B]KIDZ[/B]</title>
            <meta>
                <title>[B]KIDZ[/B]</title>
                <summary></summary>
            </meta> 			
            <link>file://lists/kedz/main.xml</link>
            <thumbnail>https://raw.githubusercontent.com/Daffy81/repository.alleyezonme/master/zips/plugin.video.alleyezonme/images/kidztv.png</thumbnail>
        </dir>

        <dir>
            <title>[B]LIVE TV[/B]</title>
            <meta>
                <title>[B]LIVE TV[/B]</title>
                <summary></summary>
            </meta> 			
            <link>file://lists/tv/livetv.xml</link>
            <thumbnail>https://raw.githubusercontent.com/Daffy81/repository.alleyezonme/master/zips/plugin.video.alleyezonme/images/iptv.png</thumbnail>
        </dir>

        <dir>
            <title>[B]MOVIES[/B]</title>
            <meta>
                <title>[B]MOVIES[/B]</title>
                <summary></summary>
            </meta> 			
            <link>file://lists/movies/main.xml</link>
            <thumbnail>https://raw.githubusercontent.com/Daffy81/repository.alleyezonme/master/zips/plugin.video.alleyezonme/images/movies.png</thumbnail>
        </dir>

        <dir>
            <title>[B]MUSIC[/B]</title>
            <meta>
                <title>[B]MUSIC[/B]</title>
                <summary></summary>
            </meta> 			
            <link>file://lists/music/main.xml</link>
            <thumbnail>https://raw.githubusercontent.com/Daffy81/repository.alleyezonme/master/zips/plugin.video.alleyezonme/images/music.png</thumbnail>
        </dir>

        <dir>
            <title>[B]RADIO[/B]</title>
            <meta>
                <title>[B]RADIO[/B]</title>
                <summary></summary>
            </meta> 			
            <m3u>file://lists/music/radio.m3u</m3u>
        </dir>

        <dir>
            <title>[B]SPORTS[/B]</title>
            <meta>
                <title>[B]SPORTS[/B]</title>
                <summary></summary>
            </meta> 			
            <link>file://lists/sports/sports.xml</link>
            <thumbnail>https://raw.githubusercontent.com/Daffy81/repository.alleyezonme/master/zips/plugin.video.alleyezonme/images/sports.png</thumbnail>
        </dir>

        <dir>
            <title>[B]TV SHOWS[/B]</title>
            <meta>
                <title>[B]TV SHOWS[/B]</title>
                <summary></summary>
            </meta> 			
            <link>file://lists/tvshows/tvshows.xml</link>
            <thumbnail>https://raw.githubusercontent.com/Daffy81/repository.alleyezonme/master/zips/plugin.video.alleyezonme/images/tvshows.png</thumbnail>
        </dir>

        <dir>
            <title>[B]YOUTUBE[/B]</title>
            <meta>
                <title>[B]YOUTUBE[/B]</title>
                <summary></summary>
            </meta>                        
            <link>file://lists/youtube/youtube.xml</link>
            <thumbnail>https://raw.githubusercontent.com/Daffy81/repository.alleyezonme/master/zips/plugin.video.alleyezonme/images/youtube.png</thumbnail>
        </dir>

         <dir>
            <title>***ADULT SECTION***</title>
            <meta>
                <title>***ADULT SECTION***</title>
                <summary></summary>
            </meta>            
            <summary>This content is only for 18+, and is disabled by default. Once enabled, you will need the password to gain access</summary>            
            <link>file://lists/xxx/adult.xml</link>
            <password>get/YWVvbQ==</password>            
        </dir>

         <dir>
            <title>Settings</title>
            <meta>
                <title>Settings</title>
                <summary>AEOM settings, scraper settings, pairing, and more</summary>
            </meta>            
            <link>file://lists/msettings.xml</link>
            <thumbnail>https://raw.githubusercontent.com/Daffy81/repository.alleyezonme/master/zips/plugin.video.alleyezonme/images/settings.png</thumbnail>            
        </dir>

    </mainmenu>
</alleyezonme>