﻿<?xml version="1.0" encoding="UTF-8" standalone="yes"?>
<addon id="plugin.video.motu" name="[B]Masters Of The Universe[/B]" version="06.25.18" provider-name="He-Man">
    <requires>
        <import addon="xbmc.python" version="2.19.0" />
        <import addon="script.module.universalscrapers" version="1.0.0" />
        <import addon="script.module.python.koding.aio" version="0.9.6.6" />
        <import addon="script.module.beautifulsoup" version="3.2.1" />
        <import addon="script.module.requests" version="2.9.1" />
        <import addon="script.module.addon.common" version="2.0.0" />
        <import addon="script.module.xmltodict" version="0.9.0" />
        <!--<import addon="script.module.web-pdb" version="1.0"/>-->
        <import addon="script.module.resolveurl" />
        <import addon="script.module.mobdro" version="11" />		
    </requires>
    <extension point="xbmc.python.pluginsource" library="default.py">
        <provides>audio video</provides>
    </extension>
    <extension point="xbmc.service" library="service.py" start="[login|startup]" />
    <extension point="xbmc.addon.metadata">
      <summary lang="en">tv and movie add on</summary>
	  <description lang="en">Fabulous secret powers were revealed to me the day I held aloft my magic sword and said... By the power of Greyskull! He-Man: I have the Power! Cringer became the Mighty Battle Cat, and I became He-Man the most powerful man in the universe.</description>
      <disclaimer lang="en">Fabulous secret powers were revealed to me the day I held aloft my magic sword and said... By the power of Greyskull! He-Man: I have the Power! Cringer became the Mighty Battle Cat, and I became He-Man the most powerful man in the universe.</disclaimer>
	  <news>Fabulous secret powers were revealed to me the day I held aloft my magic sword and said... By the power of Greyskull! He-Man: I have the Power! Cringer became the Mighty Battle Cat, and I became He-Man the most powerful man in the universe.</news>
	  <platform>all</platform>
    </extension>
</addon>
