<Layout>List</Layout>

<item>
<title>--- Enjoy Our Choice For This Weeks Movie ---</title>
<link></link>
</item>

<item>
<title>[B][/B]</title>
<link></link>
</item>

<item>
<title>Death Row Chronicles (2018)</title>
<meta>
<content>movie</content>
<imdb>tt7895644</imdb>
<title>Death Row Chronicles</title>
<year>2018</year>
</meta>
<link>
<sublink>search</sublink>
<sublink>searchsd</sublink>
</link>
<thumbnail>https://m.media-amazon.com/images/M/MV5BYTdhM2Q0Y2EtNzVjYS00NWEwLTgyNzktZGVkMjRhNTQ1ZmE4XkEyXkFqcGdeQXVyNzA4NzAxOA@@._V1_UX182_CR0,0,182,268_AL_.jpg</thumbnail>
<fanart>https://m.media-amazon.com/images/M/MV5BYTdhM2Q0Y2EtNzVjYS00NWEwLTgyNzktZGVkMjRhNTQ1ZmE4XkEyXkFqcGdeQXVyNzA4NzAxOA@@._V1_UX182_CR0,0,182,268_AL_.jpg</fanart>
</item>
