

<item>
<title>48 Hrs. (1982)</title>
<thumbnail>https://image.tmdb.org/t/p/w500/rrraPWKiY8T6SEzODxZamqUSv6f.jpg</thumbnail>
<fanart>https://image.tmdb.org/t/p/w1280/36ulYRqTmDWmE3LgdmKdoVcC98O.jpg</fanart>
<meta>
<content>movie</content>
<collection>48 Hrs.</collection>
<title>48 Hrs.</title>
<imdb>tt0083511</imdb>
<year>1982</year>
</meta>
<link>
<sublink>search</sublink>
<sublink>searchsd</sublink>
</link>
</item>

<item>
<title>Another 48 Hrs. (1990)</title>
<thumbnail>https://image.tmdb.org/t/p/w500/gqorSVKGtBPyJrCVd6507O9NYfw.jpg</thumbnail>
<fanart>https://image.tmdb.org/t/p/w1280/51EeMc03rUWCxwzfq5X2VmrOjSv.jpg</fanart>
<meta>
<content>movie</content>
<collection>48 Hrs.</collection>
<title>Another 48 Hrs.</title>
<imdb>tt0099044</imdb>
<year>1990</year>
</meta>
<link>
<sublink>search</sublink>
<sublink>searchsd</sublink>
</link>
</item>

