

<item>
<title>A Haunted House (2013)</title>
<thumbnail>https://image.tmdb.org/t/p/w500/e2PehlDPj2WEeEuMVJZTOyTnZZZ.jpg</thumbnail>
<fanart>https://image.tmdb.org/t/p/w1280/AbgdeWvmTv3UI2zknDWzKiuFwrU.jpg</fanart>
<meta>
<content>movie</content>
<collection>A Haunted House</collection>
<title>A Haunted House</title>
<imdb>tt2243537</imdb>
<year>2013</year>
</meta>
<link>
<sublink>search</sublink>
<sublink>searchsd</sublink>
</link>
</item>

<item>
<title>A Haunted House 2 (2014)</title>
<thumbnail>https://image.tmdb.org/t/p/w500/2c9utC3RGiw5NrqB72YIbp00uiF.jpg</thumbnail>
<fanart>https://image.tmdb.org/t/p/w1280/xHepwzZjTGngtGPAztcn7mI79JD.jpg</fanart>
<meta>
<content>movie</content>
<collection>A Haunted House</collection>
<title>A Haunted House 2</title>
<imdb>tt2828996</imdb>
<year>2014</year>
</meta>
<link>
<sublink>search</sublink>
<sublink>searchsd</sublink>
</link>
</item>

