

<item>
<title>Ace Ventura: Pet Detective (1994)</title>
<thumbnail>https://image.tmdb.org/t/p/w500/nZirljb8XYbKTWsRQTplDGhx39Q.jpg</thumbnail>
<fanart>https://image.tmdb.org/t/p/w1280/i5eednK46nZQvOkkp6Uh9sVxUq.jpg</fanart>
<meta>
<content>movie</content>
<collection>Ace Ventura</collection>
<title>Ace Ventura: Pet Detective</title>
<imdb>tt0109040</imdb>
<year>1994</year>
</meta>
<link>
<sublink>search</sublink>
<sublink>searchsd</sublink>
</link>
</item>

<item>
<title>Ace Ventura: When Nature Calls (1995)</title>
<thumbnail>https://image.tmdb.org/t/p/w500/wRlGnJhEzcxBjvWtvbjhDSU1cIY.jpg</thumbnail>
<fanart>https://image.tmdb.org/t/p/w1280/zM8D3dSzxISwLilMKzLuzaU3O9j.jpg</fanart>
<meta>
<content>movie</content>
<collection>Ace Ventura</collection>
<title>Ace Ventura: When Nature Calls</title>
<imdb>tt0112281</imdb>
<year>1995</year>
</meta>
<link>
<sublink>search</sublink>
<sublink>searchsd</sublink>
</link>
</item>

