

<item>
<title>Air Bud (1997)</title>
<thumbnail>https://image.tmdb.org/t/p/w500/ny0lBB66RdnhIkfzsqpLl2suQaY.jpg</thumbnail>
<fanart>https://image.tmdb.org/t/p/w1280/lBkZWcYhjFImLhLnaMd6RoO3jos.jpg</fanart>
<meta>
<content>movie</content>
<collection>Air Bud</collection>
<title>Air Bud</title>
<imdb>tt0118570</imdb>
<year>1997</year>
</meta>
<link>
<sublink>search</sublink>
<sublink>searchsd</sublink>
</link>
</item>

<item>
<title>Air Bud: Golden Receiver (1998)</title>
<thumbnail>https://image.tmdb.org/t/p/w500/8iy8JlIgLPACRR32wzTJBpZ3iMk.jpg</thumbnail>
<fanart>https://image.tmdb.org/t/p/w1280/9XqoGiKvldMxIKKpqkqh45yGjAE.jpg</fanart>
<meta>
<content>movie</content>
<collection>Air Bud</collection>
<title>Air Bud: Golden Receiver</title>
<imdb>tt0140796</imdb>
<year>1998</year>
</meta>
<link>
<sublink>search</sublink>
<sublink>searchsd</sublink>
</link>
</item>

