

<item>
<title>All Dogs Go to Heaven (1989)</title>
<thumbnail>https://image.tmdb.org/t/p/w500/fb6CRpryYQB5eqjohSnLbjHxJQK.jpg</thumbnail>
<fanart>https://image.tmdb.org/t/p/w1280/pKaXWFXFYG2NDimnb4wsGsZSl6Q.jpg</fanart>
<meta>
<content>movie</content>
<collection>All Dogs Go To Heaven</collection>
<title>All Dogs Go to Heaven</title>
<imdb>tt0096787</imdb>
<year>1989</year>
</meta>
<link>
<sublink>search</sublink>
<sublink>searchsd</sublink>
</link>
</item>

<item>
<title>All Dogs Go to Heaven 2 (1996)</title>
<thumbnail>https://image.tmdb.org/t/p/w500/4JClwkSL1L64bkExyuShmm8zHLR.jpg</thumbnail>
<fanart>https://image.tmdb.org/t/p/w1280/rOn7Avuue15trxMmrJvJeHUNIsV.jpg</fanart>
<meta>
<content>movie</content>
<collection>All Dogs Go To Heaven</collection>
<title>All Dogs Go to Heaven 2</title>
<imdb>tt0115509</imdb>
<year>1996</year>
</meta>
<link>
<sublink>search</sublink>
<sublink>searchsd</sublink>
</link>
</item>

