

<item>
<title>An American Werewolf in London (1981)</title>
<thumbnail>https://image.tmdb.org/t/p/w500/a8doVE7sXezmIeAFyXJcI3hPna5.jpg</thumbnail>
<fanart>https://image.tmdb.org/t/p/w1280/lFiEdW3zVjR2Wujxu3yZLpL2N8n.jpg</fanart>
<meta>
<content>movie</content>
<collection>American Werewolf</collection>
<title>An American Werewolf in London</title>
<imdb>tt0082010</imdb>
<year>1981</year>
</meta>
<link>
<sublink>search</sublink>
<sublink>searchsd</sublink>
</link>
</item>

<item>
<title>An American Werewolf in Paris (1997)</title>
<thumbnail>https://image.tmdb.org/t/p/w500/vyAyL3MyZb0U959ipD6sajxGUcJ.jpg</thumbnail>
<fanart>https://image.tmdb.org/t/p/w1280/bz3BbPs1pGyoJxWllxbdxRdmwgS.jpg</fanart>
<meta>
<content>movie</content>
<collection>American Werewolf</collection>
<title>An American Werewolf in Paris</title>
<imdb>tt0118604</imdb>
<year>1997</year>
</meta>
<link>
<sublink>search</sublink>
<sublink>searchsd</sublink>
</link>
</item>

