

<item>
<title>An American Tail (1986)</title>
<thumbnail>https://image.tmdb.org/t/p/w500/glZNfxN4cef0pJeD08xru7ZVWlI.jpg</thumbnail>
<fanart>https://image.tmdb.org/t/p/w1280/64voYgYvbD4Serj71NWITiPTipK.jpg</fanart>
<meta>
<content>movie</content>
<collection>American Tail</collection>
<title>An American Tail</title>
<imdb>tt0090633</imdb>
<year>1986</year>
</meta>
<link>
<sublink>search</sublink>
<sublink>searchsd</sublink>
</link>
</item>

<item>
<title>An American Tail: Fievel Goes West (1991)</title>
<thumbnail>https://image.tmdb.org/t/p/w500/gmqgrnENRE2xO1wtK9kBJZrWLYb.jpg</thumbnail>
<fanart>https://image.tmdb.org/t/p/w1280/ebFzrdBeyamDaPtuhCjB6ddMvL2.jpg</fanart>
<meta>
<content>movie</content>
<collection>American Tail</collection>
<title>An American Tail: Fievel Goes West</title>
<imdb>tt0101329</imdb>
<year>1991</year>
</meta>
<link>
<sublink>search</sublink>
<sublink>searchsd</sublink>
</link>
</item>

