

<item>
<title>Anaconda (1997)</title>
<thumbnail>https://image.tmdb.org/t/p/w500/DcGgcAAdZnW5A9AV03JTFFjft5.jpg</thumbnail>
<fanart>https://image.tmdb.org/t/p/w1280/rQIozsi7Lr8hY5dhgHV3KPdCvSS.jpg</fanart>
<meta>
<content>movie</content>
<collection>Anaconda</collection>
<title>Anaconda</title>
<imdb>tt0118615</imdb>
<year>1997</year>
</meta>
<link>
<sublink>search</sublink>
<sublink>searchsd</sublink>
</link>
</item>

<item>
<title>Anacondas: The Hunt for the Blood Orchid (2004)</title>
<thumbnail>https://image.tmdb.org/t/p/w500/kgTZK00U6fMMXj8C4G6174ZZUe7.jpg</thumbnail>
<fanart>https://image.tmdb.org/t/p/w1280/nSfPTyb342NQxbCZnWW8IUSVld.jpg</fanart>
<meta>
<content>movie</content>
<collection>Anaconda</collection>
<title>Anacondas: The Hunt for the Blood Orchid</title>
<imdb>tt0366174</imdb>
<year>2004</year>
</meta>
<link>
<sublink>search</sublink>
<sublink>searchsd</sublink>
</link>
</item>

