

<item>
<title>Analyze This (1999)</title>
<thumbnail>https://image.tmdb.org/t/p/w500/vmVE6jRbYegQSoxJYtVkwm0oZOY.jpg</thumbnail>
<fanart>https://image.tmdb.org/t/p/w1280/sGEzPq2p85Wgn0JbAK0MVgCpzDL.jpg</fanart>
<meta>
<content>movie</content>
<collection>Analyze This</collection>
<title>Analyze This</title>
<imdb>tt0122933</imdb>
<year>1999</year>
</meta>
<link>
<sublink>search</sublink>
<sublink>searchsd</sublink>
</link>
</item>

<item>
<title>Analyze That (2002)</title>
<thumbnail>https://image.tmdb.org/t/p/w500/6G6DrXsaNYPciPB3sugHL9TIewN.jpg</thumbnail>
<fanart>https://image.tmdb.org/t/p/w1280/4HBhDTmAY2MkdvQm7WDyDIgNDNj.jpg</fanart>
<meta>
<content>movie</content>
<collection>Analyze This</collection>
<title>Analyze That</title>
<imdb>tt0289848</imdb>
<year>2002</year>
</meta>
<link>
<sublink>search</sublink>
<sublink>searchsd</sublink>
</link>
</item>

