

<item>
<title>Arthur (1981)</title>
<thumbnail>https://image.tmdb.org/t/p/w500/jddxGVvDxhcnnRphdI2krUGYw6O.jpg</thumbnail>
<fanart>https://image.tmdb.org/t/p/w1280/7i4A8qR3oZX9Ajdaf0IsZAhvtr8.jpg</fanart>
<meta>
<content>movie</content>
<collection>Arthur</collection>
<title>Arthur</title>
<imdb>tt0082031</imdb>
<year>1981</year>
</meta>
<link>
<sublink>search</sublink>
<sublink>searchsd</sublink>
</link>
</item>

<item>
<title>Arthur 2: On the Rocks (1988)</title>
<thumbnail>https://image.tmdb.org/t/p/w500/m4dYKx8NBxI4cw0WE1ofkELsc5R.jpg</thumbnail>
<fanart>https://image.tmdb.org/t/p/w1280/at0LB5LtMgXUEk7UCOUwMCCu7Cr.jpg</fanart>
<meta>
<content>movie</content>
<collection>Arthur</collection>
<title>Arthur 2: On the Rocks</title>
<imdb>tt0094678</imdb>
<year>1988</year>
</meta>
<link>
<sublink>search</sublink>
<sublink>searchsd</sublink>
</link>
</item>

