

<item>
<title>Babe (1995)</title>
<thumbnail>https://image.tmdb.org/t/p/w500/gN6X3fwPya8pLffk9OEWV3DqBnE.jpg</thumbnail>
<fanart>https://image.tmdb.org/t/p/w1280/b7n6U8WtNLgmcGruGu5FCIgGYHg.jpg</fanart>
<meta>
<content>movie</content>
<collection>Babe</collection>
<title>Babe</title>
<imdb>tt0112431</imdb>
<year>1995</year>
</meta>
<link>
<sublink>search</sublink>
<sublink>searchsd</sublink>
</link>
</item>

<item>
<title>Babe: Pig in the City (1998)</title>
<thumbnail>https://image.tmdb.org/t/p/w500/yjZ3d2mKC94Lz0XGJYGRbAOrA4Q.jpg</thumbnail>
<fanart>https://image.tmdb.org/t/p/w1280/lCz18Ft06dHfxHvaQEerVOBCL83.jpg</fanart>
<meta>
<content>movie</content>
<collection>Babe</collection>
<title>Babe: Pig in the City</title>
<imdb>tt0120595</imdb>
<year>1998</year>
</meta>
<link>
<sublink>search</sublink>
<sublink>searchsd</sublink>
</link>
</item>

