

<item>
<title>Back to the Future (1985)</title>
<thumbnail>https://image.tmdb.org/t/p/w500/pTpxQB1N0waaSc3OSn0e9oc8kx9.jpg</thumbnail>
<fanart>https://image.tmdb.org/t/p/w1280/4co826v5HlHwzpYfTJJgwfBR9ZH.jpg</fanart>
<meta>
<content>movie</content>
<collection>Back to the Future</collection>
<title>Back to the Future</title>
<imdb>tt0088763</imdb>
<year>1985</year>
</meta>
<link>
<sublink>search</sublink>
<sublink>searchsd</sublink>
</link>
</item>

<item>
<title>Back to the Future Part II (1989)</title>
<thumbnail>https://image.tmdb.org/t/p/w500/k5dzvCQkXU2CAhLtlj9BHE7xmyK.jpg</thumbnail>
<fanart>https://image.tmdb.org/t/p/w1280/jND94vw0zBsxbRk9RKfsjdSJjrY.jpg</fanart>
<meta>
<content>movie</content>
<collection>Back to the Future</collection>
<title>Back to the Future Part II</title>
<imdb>tt0096874</imdb>
<year>1989</year>
</meta>
<link>
<sublink>search</sublink>
<sublink>searchsd</sublink>
</link>
</item>

<item>
<title>Back to the Future Part III (1990)</title>
<thumbnail>https://image.tmdb.org/t/p/w500/6DmgPTZYaug7QNDjOhUDWyjOQDl.jpg</thumbnail>
<fanart>https://image.tmdb.org/t/p/w1280/bOAVuX4Q83ecJvWk982ZrKo5sgD.jpg</fanart>
<meta>
<content>movie</content>
<collection>Back to the Future</collection>
<title>Back to the Future Part III</title>
<imdb>tt0099088</imdb>
<year>1990</year>
</meta>
<link>
<sublink>search</sublink>
<sublink>searchsd</sublink>
</link>
</item>

