

<item>
<title>Bad Santa (2003)</title>
<thumbnail>https://image.tmdb.org/t/p/w500/103KNOz11U4iojwW6F1rOKKZIDp.jpg</thumbnail>
<fanart>https://image.tmdb.org/t/p/w1280/xZKE444VlbDzyJhLOybfunAmvFz.jpg</fanart>
<meta>
<content>movie</content>
<collection>Bad Santa</collection>
<title>Bad Santa</title>
<imdb>tt0307987</imdb>
<year>2003</year>
</meta>
<link>
<sublink>search</sublink>
<sublink>searchsd</sublink>
</link>
</item>

<item>
<title>Bad Santa 2 (2016)</title>
<thumbnail>https://image.tmdb.org/t/p/w500/y3kVZVknjDeLZSanLewaXsuwP12.jpg</thumbnail>
<fanart>https://image.tmdb.org/t/p/w1280/pYlxIN3xae22rIP05yS0i3VG4j1.jpg</fanart>
<meta>
<content>movie</content>
<collection>Bad Santa</collection>
<title>Bad Santa 2</title>
<imdb>tt1798603</imdb>
<year>2016</year>
</meta>
<link>
<sublink>search</sublink>
<sublink>searchsd</sublink>
</link>
</item>

