

<item>
<title>The Bad News Bears (1976)</title>
<thumbnail>https://image.tmdb.org/t/p/w500/fsOwHPZBtCgn1APmOtWlp1KNcIZ.jpg</thumbnail>
<fanart>https://image.tmdb.org/t/p/w1280/6BxcdvEgRFO5gt68x8vpGW4QZew.jpg</fanart>
<meta>
<content>movie</content>
<collection>Bad News Bears</collection>
<title>The Bad News Bears</title>
<imdb>tt0074174</imdb>
<year>1976</year>
</meta>
<link>
<sublink>search</sublink>
<sublink>searchsd</sublink>
</link>
</item>

<item>
<title>The Bad News Bears Go to Japan (1978)</title>
<thumbnail>https://image.tmdb.org/t/p/w500/sWbWZrzS1nDA0eWrxYWxFzm4yqe.jpg</thumbnail>
<fanart>https://image.tmdb.org/t/p/w1280/tAhKKcVLZbaqPF4MtxKNEquePN1.jpg</fanart>
<meta>
<content>movie</content>
<collection>Bad News Bears</collection>
<title>The Bad News Bears Go to Japan</title>
<imdb>tt0077199</imdb>
<year>1978</year>
</meta>
<link>
<sublink>search</sublink>
<sublink>searchsd</sublink>
</link>
</item>

