

<item>
<title>Barbershop (2002)</title>
<thumbnail>https://image.tmdb.org/t/p/w500/7WB5ULvA6TLfypq8JlW1xUHCVgj.jpg</thumbnail>
<fanart>https://image.tmdb.org/t/p/w1280/xIA97c95X8i6MlO81AfspMo21UN.jpg</fanart>
<meta>
<content>movie</content>
<collection>Barbershop</collection>
<title>Barbershop</title>
<imdb>tt0303714</imdb>
<year>2002</year>
</meta>
<link>
<sublink>search</sublink>
<sublink>searchsd</sublink>
</link>
</item>

<item>
<title>Barbershop 2: Back in Business (2004)</title>
<thumbnail>https://image.tmdb.org/t/p/w500/6vBCVaaG2h2ggMuTz3VyXISL6l5.jpg</thumbnail>
<fanart>https://image.tmdb.org/t/p/w1280/sP4B39BMYA69lWdAvGRxiclBxMi.jpg</fanart>
<meta>
<content>movie</content>
<collection>Barbershop</collection>
<title>Barbershop 2: Back in Business</title>
<imdb>tt0337579</imdb>
<year>2004</year>
</meta>
<link>
<sublink>search</sublink>
<sublink>searchsd</sublink>
</link>
</item>

<item>
<title>Barbershop: The Next Cut (2016)</title>
<thumbnail>https://image.tmdb.org/t/p/w500/aUPjbU8gnMtl84Qyybi873jawE5.jpg</thumbnail>
<fanart>https://image.tmdb.org/t/p/w1280/pZvzGAMpus8Q23gt9jmztN50kVl.jpg</fanart>
<meta>
<content>movie</content>
<collection>Barbershop</collection>
<title>Barbershop: The Next Cut</title>
<imdb>tt3628584</imdb>
<year>2016</year>
</meta>
<link>
<sublink>search</sublink>
<sublink>searchsd</sublink>
</link>
</item>

