

<item>
<title>Basic Instinct (1992)</title>
<thumbnail>https://image.tmdb.org/t/p/w500/xBAzCqJ9OUySWBN8MpZrcVJqm5G.jpg</thumbnail>
<fanart>https://image.tmdb.org/t/p/w1280/13Eqt5vMyV5bLjZPYL1gBWIHuZj.jpg</fanart>
<meta>
<content>movie</content>
<collection>Basic Instinct</collection>
<title>Basic Instinct</title>
<imdb>tt0103772</imdb>
<year>1992</year>
</meta>
<link>
<sublink>search</sublink>
<sublink>searchsd</sublink>
</link>
</item>

<item>
<title>Basic Instinct 2 (2006)</title>
<thumbnail>https://image.tmdb.org/t/p/w500/mr8JpPoxIew3WNWck4ONMzH1lg6.jpg</thumbnail>
<fanart>https://image.tmdb.org/t/p/w1280/vBK9BcD8BAajyUD2YfGF60ihIxP.jpg</fanart>
<meta>
<content>movie</content>
<collection>Basic Instinct</collection>
<title>Basic Instinct 2</title>
<imdb>tt0430912</imdb>
<year>2006</year>
</meta>
<link>
<sublink>search</sublink>
<sublink>searchsd</sublink>
</link>
</item>

