

<item>
<title>Batman (1989)</title>
<thumbnail>https://image.tmdb.org/t/p/w500/kBf3g9crrADGMc2AMAMlLBgSm2h.jpg</thumbnail>
<fanart>https://image.tmdb.org/t/p/w1280/gWGv5f3YDITLrozdf40HzWbgBhl.jpg</fanart>
<meta>
<content>movie</content>
<collection>Batman</collection>
<title>Batman</title>
<imdb>tt0096895</imdb>
<year>1989</year>
</meta>
<link>
<sublink>search</sublink>
<sublink>searchsd</sublink>
</link>
</item>

<item>
<title>Batman Returns (1992)</title>
<thumbnail>https://image.tmdb.org/t/p/w500/ifzddUhnsTf1h6guBUKBlDwuS1t.jpg</thumbnail>
<fanart>https://image.tmdb.org/t/p/w1280/wNIE5dpkiHU2csDRptMutFjAGiV.jpg</fanart>
<meta>
<content>movie</content>
<collection>Batman</collection>
<title>Batman Returns</title>
<imdb>tt0103776</imdb>
<year>1992</year>
</meta>
<link>
<sublink>search</sublink>
<sublink>searchsd</sublink>
</link>
</item>

<item>
<title>Batman: Mask of the Phantasm (1993)</title>
<thumbnail>https://image.tmdb.org/t/p/w500/apxYGxjJhjsf0TunFE0VwXEmqTd.jpg</thumbnail>
<fanart>https://image.tmdb.org/t/p/w1280/efuApVoXsynZpmx1WGeIjsIqipU.jpg</fanart>
<meta>
<content>movie</content>
<collection>Batman</collection>
<title>Batman: Mask of the Phantasm</title>
<imdb>tt0106364</imdb>
<year>1993</year>
</meta>
<link>
<sublink>search</sublink>
<sublink>searchsd</sublink>
</link>
</item>

<item>
<title>Batman Forever (1995)</title>
<thumbnail>https://image.tmdb.org/t/p/w500/eTMrHEhlFPHNxpqGwpGGTdAa0xV.jpg</thumbnail>
<fanart>https://image.tmdb.org/t/p/w1280/gVTTtYgKIBurNvkGiGC6735b8y.jpg</fanart>
<meta>
<content>movie</content>
<collection>Batman</collection>
<title>Batman Forever</title>
<imdb>tt0112462</imdb>
<year>1995</year>
</meta>
<link>
<sublink>search</sublink>
<sublink>searchsd</sublink>
</link>
</item>

<item>
<title>Batman & Robin (1997)</title>
<thumbnail>https://image.tmdb.org/t/p/w500/79AYCcxw3kSKbhGpx1LiqaCAbwo.jpg</thumbnail>
<fanart>https://image.tmdb.org/t/p/w1280/h4tsxkwe0lRHBK1WHliNASK63IK.jpg</fanart>
<meta>
<content>movie</content>
<collection>Batman</collection>
<title>Batman & Robin</title>
<imdb>tt0118688</imdb>
<year>1997</year>
</meta>
<link>
<sublink>search</sublink>
<sublink>searchsd</sublink>
</link>
</item>

<item>
<title>Batman Begins (2005)</title>
<thumbnail>https://image.tmdb.org/t/p/w500/5snTivNyOOpF4L8oO2RVTTQ54RM.jpg</thumbnail>
<fanart>https://image.tmdb.org/t/p/w1280/65JWXDCAfwHhJKnDwRnEgVB411X.jpg</fanart>
<meta>
<content>movie</content>
<collection>Batman</collection>
<title>Batman Begins</title>
<imdb>tt0372784</imdb>
<year>2005</year>
</meta>
<link>
<sublink>search</sublink>
<sublink>searchsd</sublink>
</link>
</item>

<item>
<title>The Dark Knight (2008)</title>
<thumbnail>https://image.tmdb.org/t/p/w500/1hRoyzDtpgMU7Dz4JF22RANzQO7.jpg</thumbnail>
<fanart>https://image.tmdb.org/t/p/w1280/nnMC0BM6XbjIIrT4miYmMtPGcQV.jpg</fanart>
<meta>
<content>movie</content>
<collection>Batman</collection>
<title>The Dark Knight</title>
<imdb>tt0468569</imdb>
<year>2008</year>
</meta>
<link>
<sublink>search</sublink>
<sublink>searchsd</sublink>
</link>
</item>

<item>
<title>The Dark Knight Rises (2012)</title>
<thumbnail>https://image.tmdb.org/t/p/w500/dEYnvnUfXrqvqeRSqvIEtmzhoA8.jpg</thumbnail>
<fanart>https://image.tmdb.org/t/p/w1280/67wEltjm3ivUytnZTP6Ue647Ama.jpg</fanart>
<meta>
<content>movie</content>
<collection>Batman</collection>
<title>The Dark Knight Rises</title>
<imdb>tt1345836</imdb>
<year>2012</year>
</meta>
<link>
<sublink>search</sublink>
<sublink>searchsd</sublink>
</link>
</item>

<item>
<title>Batman v Superman: Dawn of Justice (2016)</title>
<thumbnail>https://image.tmdb.org/t/p/w500/cGOPbv9wA5gEejkUN892JrveARt.jpg</thumbnail>
<fanart>https://image.tmdb.org/t/p/w1280/vsjBeMPZtyB7yNsYY56XYxifaQZ.jpg</fanart>
<meta>
<content>movie</content>
<collection>Batman</collection>
<title>Batman v Superman: Dawn of Justice</title>
<imdb>tt2975590</imdb>
<year>2016</year>
</meta>
<link>
<sublink>search</sublink>
<sublink>searchsd</sublink>
</link>
</item>

