

<item>
<title>Before Sunrise (1995)</title>
<thumbnail>https://image.tmdb.org/t/p/w500/9NBjDNPHA6SkThIweOs8iCfsA8a.jpg</thumbnail>
<fanart>https://image.tmdb.org/t/p/w1280/x2M8mp6wSU4iFPECacHJkQuuvYx.jpg</fanart>
<meta>
<content>movie</content>
<collection>Before Sunrise</collection>
<title>Before Sunrise</title>
<imdb>tt0112471</imdb>
<year>1995</year>
</meta>
<link>
<sublink>search</sublink>
<sublink>searchsd</sublink>
</link>
</item>

<item>
<title>Before Sunset (2004)</title>
<thumbnail>https://image.tmdb.org/t/p/w500/cIj6yWJKUjdCCO7vuZQKl0NqCQe.jpg</thumbnail>
<fanart>https://image.tmdb.org/t/p/w1280/2Kx2q1GOmYRjxmILEFIusMIGTUc.jpg</fanart>
<meta>
<content>movie</content>
<collection>Before Sunrise</collection>
<title>Before Sunset</title>
<imdb>tt0381681</imdb>
<year>2004</year>
</meta>
<link>
<sublink>search</sublink>
<sublink>searchsd</sublink>
</link>
</item>

<item>
<title>Before Midnight (2013)</title>
<thumbnail>https://image.tmdb.org/t/p/w500/uDdobcCBfPObD2pqDSTjXxELt3c.jpg</thumbnail>
<fanart>https://image.tmdb.org/t/p/w1280/6dRor6UgPVDUKTaxh0fsYCTP5VQ.jpg</fanart>
<meta>
<content>movie</content>
<collection>Before Sunrise</collection>
<title>Before Midnight</title>
<imdb>tt2209418</imdb>
<year>2013</year>
</meta>
<link>
<sublink>search</sublink>
<sublink>searchsd</sublink>
</link>
</item>

