

<item>
<title>Benji (1974)</title>
<thumbnail>https://image.tmdb.org/t/p/w500/79yeY2waBOZW8K5N5aIVSw94lEJ.jpg</thumbnail>
<fanart>https://image.tmdb.org/t/p/w1280/tWRquOHOmZqp0SOkUUVzVgVbhFn.jpg</fanart>
<meta>
<content>movie</content>
<collection>Benji</collection>
<title>Benji</title>
<imdb>tt0071206</imdb>
<year>1974</year>
</meta>
<link>
<sublink>search</sublink>
<sublink>searchsd</sublink>
</link>
</item>

<item>
<title>For the Love of Benji (1977)</title>
<thumbnail>https://image.tmdb.org/t/p/w500/na5DeUyQ1IijbFYsJCpF3HODRSV.jpg</thumbnail>
<fanart>https://image.tmdb.org/t/p/w1280/tWRquOHOmZqp0SOkUUVzVgVbhFn.jpg</fanart>
<meta>
<content>movie</content>
<collection>Benji</collection>
<title>For the Love of Benji</title>
<imdb>tt0076044</imdb>
<year>1977</year>
</meta>
<link>
<sublink>search</sublink>
<sublink>searchsd</sublink>
</link>
</item>

<item>
<title>Oh Heavenly Dog (1980)</title>
<thumbnail>https://image.tmdb.org/t/p/w500/vUOMGlofowYesXx5V1RXybW2Nkq.jpg</thumbnail>
<fanart>https://image.tmdb.org/t/p/w1280/6iOLmqgWOrVr0BPyPpf6vMjNchF.jpg</fanart>
<meta>
<content>movie</content>
<collection>Benji</collection>
<title>Oh Heavenly Dog</title>
<imdb>tt0081269</imdb>
<year>1980</year>
</meta>
<link>
<sublink>search</sublink>
<sublink>searchsd</sublink>
</link>
</item>

<item>
<title>Benji the Hunted (1987)</title>
<thumbnail>https://image.tmdb.org/t/p/w500/1n9BSkRe6j57oXkC1Kl64ki3As2.jpg</thumbnail>
<fanart>https://image.tmdb.org/t/p/w1280/f33FOhenVKNleZxhdSnUtQzhijt.jpg</fanart>
<meta>
<content>movie</content>
<collection>Benji</collection>
<title>Benji the Hunted</title>
<imdb>tt0092638</imdb>
<year>1987</year>
</meta>
<link>
<sublink>search</sublink>
<sublink>searchsd</sublink>
</link>
</item>

<item>
<title>Benji: Off the Leash! (2004)</title>
<thumbnail>https://image.tmdb.org/t/p/w500/vOKF6MY6sZcBRmqDxhp7HijosTX.jpg</thumbnail>
<fanart>https://image.tmdb.org/t/p/w1280/tWRquOHOmZqp0SOkUUVzVgVbhFn.jpg</fanart>
<meta>
<content>movie</content>
<collection>Benji</collection>
<title>Benji: Off the Leash!</title>
<imdb>tt0315273</imdb>
<year>2004</year>
</meta>
<link>
<sublink>search</sublink>
<sublink>searchsd</sublink>
</link>
</item>

