

<item>
<title>Bill & Ted's Excellent Adventure (1989)</title>
<thumbnail>https://image.tmdb.org/t/p/w500/b2yKJ1STPklVSRtso2Tg4TPXK7u.jpg</thumbnail>
<fanart>https://image.tmdb.org/t/p/w1280/290G566cVklT3ZQDWnAPXM4gQ3F.jpg</fanart>
<meta>
<content>movie</content>
<collection>Bill & Ted</collection>
<title>Bill & Ted's Excellent Adventure</title>
<imdb>tt0096928</imdb>
<year>1989</year>
</meta>
<link>
<sublink>search</sublink>
<sublink>searchsd</sublink>
</link>
</item>

<item>
<title>Bill & Ted's Bogus Journey (1991)</title>
<thumbnail>https://image.tmdb.org/t/p/w500/svSPrV7o3pSwuuJcDrDLH1wNF8a.jpg</thumbnail>
<fanart>https://image.tmdb.org/t/p/w1280/yTZKBx66njeBNXFM1A26Rm49AWL.jpg</fanart>
<meta>
<content>movie</content>
<collection>Bill & Ted</collection>
<title>Bill & Ted's Bogus Journey</title>
<imdb>tt0101452</imdb>
<year>1991</year>
</meta>
<link>
<sublink>search</sublink>
<sublink>searchsd</sublink>
</link>
</item>

