

<item>
<title>The Brady Bunch Movie (1995)</title>
<thumbnail>https://image.tmdb.org/t/p/w500/zqUFRgbHec3zEMI8jqzau5jYn8Z.jpg</thumbnail>
<fanart>https://image.tmdb.org/t/p/w1280/gd4ezBMAbWuNdFphEGBhxCW8CjS.jpg</fanart>
<meta>
<content>movie</content>
<collection>Brady Bunch</collection>
<title>The Brady Bunch Movie</title>
<imdb>tt0112572</imdb>
<year>1995</year>
</meta>
<link>
<sublink>search</sublink>
<sublink>searchsd</sublink>
</link>
</item>

<item>
<title>A Very Brady Sequel (1996)</title>
<thumbnail>https://image.tmdb.org/t/p/w500/qzsNA9uYrnjeKDnuRNf5rUOCpOH.jpg</thumbnail>
<fanart>https://image.tmdb.org/t/p/w1280/gSoFmAaUAwcEyhvtIn2JY12Nq0d.jpg</fanart>
<meta>
<content>movie</content>
<collection>Brady Bunch</collection>
<title>A Very Brady Sequel</title>
<imdb>tt0118073</imdb>
<year>1996</year>
</meta>
<link>
<sublink>search</sublink>
<sublink>searchsd</sublink>
</link>
</item>

