

<item>
<title>Breakin' (1984)</title>
<thumbnail>https://image.tmdb.org/t/p/w500/btZeyuVPpD8jtsf5E2rEzLl6C4C.jpg</thumbnail>
<fanart>https://image.tmdb.org/t/p/w1280/7iTbhw7rbGgAtqUmaZvNGjgEfMT.jpg</fanart>
<meta>
<content>movie</content>
<collection>Breakin'</collection>
<title>Breakin'</title>
<imdb>tt0086998</imdb>
<year>1984</year>
</meta>
<link>
<sublink>search</sublink>
<sublink>searchsd</sublink>
</link>
</item>

<item>
<title>Breakin' 2: Electric Boogaloo (1984)</title>
<thumbnail>https://image.tmdb.org/t/p/w500/lJM6ihKdiVAJs3bbQ3JJjVwg1wC.jpg</thumbnail>
<fanart>https://image.tmdb.org/t/p/w1280/1NHcoLRLnWjvA5ruH8t3QMPaxlX.jpg</fanart>
<meta>
<content>movie</content>
<collection>Breakin'</collection>
<title>Breakin' 2: Electric Boogaloo</title>
<imdb>tt0086999</imdb>
<year>1984</year>
</meta>
<link>
<sublink>search</sublink>
<sublink>searchsd</sublink>
</link>
</item>

