

<item>
<title>Carrie (1976)</title>
<thumbnail>https://image.tmdb.org/t/p/w500/7dn65rHCGi4ekPB0ivrPQTZOZTb.jpg</thumbnail>
<fanart>https://image.tmdb.org/t/p/w1280/e351Mm7KvzyrKfBdMWdo1lWlYt8.jpg</fanart>
<meta>
<content>movie</content>
<collection>Carrie</collection>
<title>Carrie</title>
<imdb>tt0074285</imdb>
<year>1976</year>
</meta>
<link>
<sublink>search</sublink>
<sublink>searchsd</sublink>
</link>
</item>

<item>
<title>The Rage: Carrie 2 (1999)</title>
<thumbnail>https://image.tmdb.org/t/p/w500/hW82RCgBkup7nWjd4foZNevLSmu.jpg</thumbnail>
<fanart>https://image.tmdb.org/t/p/w1280/ghwPTHqD98ERaSiaAsCFZoXXMup.jpg</fanart>
<meta>
<content>movie</content>
<collection>Carrie</collection>
<title>The Rage: Carrie 2</title>
<imdb>tt0144814</imdb>
<year>1999</year>
</meta>
<link>
<sublink>search</sublink>
<sublink>searchsd</sublink>
</link>
</item>

