

<item>
<title>Cats & Dogs (2001)</title>
<thumbnail>https://image.tmdb.org/t/p/w500/1RLlzNwnrpMMNFt71OVFAnJp6ww.jpg</thumbnail>
<fanart>https://image.tmdb.org/t/p/w1280/kKiJMmlwFoNk0yMIR5lGDR6Rbpb.jpg</fanart>
<meta>
<content>movie</content>
<collection>Cats and Dogs</collection>
<title>Cats & Dogs</title>
<imdb>tt0239395</imdb>
<year>2001</year>
</meta>
<link>
<sublink>search</sublink>
<sublink>searchsd</sublink>
</link>
</item>

<item>
<title>Cats & Dogs: The Revenge of Kitty Galore (2010)</title>
<thumbnail>https://image.tmdb.org/t/p/w500/6V1TFvZsbQi2fpxIZtseqBCvuRM.jpg</thumbnail>
<fanart>https://image.tmdb.org/t/p/w1280/8MJcCupnfyvh560FA3PmaHu1tMU.jpg</fanart>
<meta>
<content>movie</content>
<collection>Cats and Dogs</collection>
<title>Cats & Dogs: The Revenge of Kitty Galore</title>
<imdb>tt1287468</imdb>
<year>2010</year>
</meta>
<link>
<sublink>search</sublink>
<sublink>searchsd</sublink>
</link>
</item>

