

<item>
<title>Cheaper by the Dozen (2003)</title>
<thumbnail>https://image.tmdb.org/t/p/w500/8vhbMWKJOcGJuX5bAtm8d7QqpAY.jpg</thumbnail>
<fanart>https://image.tmdb.org/t/p/w1280/yy97aQyggq23BFFIpddAekgcFpe.jpg</fanart>
<meta>
<content>movie</content>
<collection>Cheaper by the Dozen</collection>
<title>Cheaper by the Dozen</title>
<imdb>tt0349205</imdb>
<year>2003</year>
</meta>
<link>
<sublink>search</sublink>
<sublink>searchsd</sublink>
</link>
</item>

<item>
<title>Cheaper by the Dozen 2 (2005)</title>
<thumbnail>https://image.tmdb.org/t/p/w500/ftrEtXOMnYzF5k14tBJiS3MYby2.jpg</thumbnail>
<fanart>https://image.tmdb.org/t/p/w1280/nNvReK5QSyygLQDLcaxhrXa8eR0.jpg</fanart>
<meta>
<content>movie</content>
<collection>Cheaper by the Dozen</collection>
<title>Cheaper by the Dozen 2</title>
<imdb>tt0452598</imdb>
<year>2005</year>
</meta>
<link>
<sublink>search</sublink>
<sublink>searchsd</sublink>
</link>
</item>

