

<item>
<title>Chinatown (1974)</title>
<thumbnail>https://image.tmdb.org/t/p/w500/eIeDTzuUt9c6CVJL7X31MdXyL5D.jpg</thumbnail>
<fanart>https://image.tmdb.org/t/p/w1280/uArEeO3U7ASyQA9UbMMyn3Z6Ajw.jpg</fanart>
<meta>
<content>movie</content>
<collection>Chinatown</collection>
<title>Chinatown</title>
<imdb>tt0071315</imdb>
<year>1974</year>
</meta>
<link>
<sublink>search</sublink>
<sublink>searchsd</sublink>
</link>
</item>

<item>
<title>The Two Jakes (1990)</title>
<thumbnail>https://image.tmdb.org/t/p/w500/yIVkNzi08VNs8aFd5uxGHDI29Fg.jpg</thumbnail>
<fanart>https://image.tmdb.org/t/p/w1280/osuQWgr5wNwVeSeT9A1oc7sMh95.jpg</fanart>
<meta>
<content>movie</content>
<collection>Chinatown</collection>
<title>The Two Jakes</title>
<imdb>tt0100828</imdb>
<year>1990</year>
</meta>
<link>
<sublink>search</sublink>
<sublink>searchsd</sublink>
</link>
</item>

<item>
<title>To Live (1994)</title>
<thumbnail>https://image.tmdb.org/t/p/w500/kKZYobKNLPGoOt7p2pfTRggelgP.jpg</thumbnail>
<fanart>https://image.tmdb.org/t/p/w1280/peZyq9WQgTjTaWXV2gC0FcZomLN.jpg</fanart>
<meta>
<content>movie</content>
<collection>Chinatown</collection>
<title>To Live</title>
<imdb>tt0110081</imdb>
<year>1994</year>
</meta>
<link>
<sublink>search</sublink>
<sublink>searchsd</sublink>
</link>
</item>

