

<item>
<title>City of God (2002)</title>
<thumbnail>https://image.tmdb.org/t/p/w500/gCqnQaq8T4CfioP9uETLx9iMJF4.jpg</thumbnail>
<fanart>https://image.tmdb.org/t/p/w1280/7ykBZ8IJohJsDSdASQsmLCB2jgX.jpg</fanart>
<meta>
<content>movie</content>
<collection>City of God</collection>
<title>City of God</title>
<imdb>tt0317248</imdb>
<year>2002</year>
</meta>
<link>
<sublink>search</sublink>
<sublink>searchsd</sublink>
</link>
</item>

<item>
<title>City of Men (2007)</title>
<thumbnail>https://image.tmdb.org/t/p/w500/bIg5Hv4FZn9210BIO2wJ36MOjMF.jpg</thumbnail>
<fanart>https://image.tmdb.org/t/p/w1280/1Rx2CUzT0sABHw9loorBuQXAPzr.jpg</fanart>
<meta>
<content>movie</content>
<collection>City of God</collection>
<title>City of Men</title>
<imdb>tt0870090</imdb>
<year>2007</year>
</meta>
<link>
<sublink>search</sublink>
<sublink>searchsd</sublink>
</link>
</item>

