

<item>
<title>Clerks (1994)</title>
<thumbnail>https://image.tmdb.org/t/p/w500/dmNytzvQTjylI83qrgDoS1KQ0ev.jpg</thumbnail>
<fanart>https://image.tmdb.org/t/p/w1280/m4VGcPvmurbr1Gd66FbXha3NdWR.jpg</fanart>
<meta>
<content>movie</content>
<collection>Clerks</collection>
<title>Clerks</title>
<imdb>tt0109445</imdb>
<year>1994</year>
</meta>
<link>
<sublink>search</sublink>
<sublink>searchsd</sublink>
</link>
</item>

<item>
<title>Clerks II (2006)</title>
<thumbnail>https://image.tmdb.org/t/p/w500/luPEGTlN8egktVeomdf2nEap5SP.jpg</thumbnail>
<fanart>https://image.tmdb.org/t/p/w1280/oFMAFH0uweN2rnH9kuVIzDTSxng.jpg</fanart>
<meta>
<content>movie</content>
<collection>Clerks</collection>
<title>Clerks II</title>
<imdb>tt0424345</imdb>
<year>2006</year>
</meta>
<link>
<sublink>search</sublink>
<sublink>searchsd</sublink>
</link>
</item>

