

<item>
<title>Cloudy with a Chance of Meatballs (2009)</title>
<thumbnail>https://image.tmdb.org/t/p/w500/75QV0rNm6QHpMnpIGrZK0ev08rH.jpg</thumbnail>
<fanart>https://image.tmdb.org/t/p/w1280/1Xxee6iPBAcEUSzIlaNRlqZnzLd.jpg</fanart>
<meta>
<content>movie</content>
<collection>Cloudy with a Chance of Meatballs</collection>
<title>Cloudy with a Chance of Meatballs</title>
<imdb>tt0844471</imdb>
<year>2009</year>
</meta>
<link>
<sublink>search</sublink>
<sublink>searchsd</sublink>
</link>
</item>

<item>
<title>Cloudy with a Chance of Meatballs 2 (2013)</title>
<thumbnail>https://image.tmdb.org/t/p/w500/oZjluB568NJVtRrny4rpeApGuNi.jpg</thumbnail>
<fanart>https://image.tmdb.org/t/p/w1280/7VZ38q1KK50VL8MDimRP6Y7rSY3.jpg</fanart>
<meta>
<content>movie</content>
<collection>Cloudy with a Chance of Meatballs</collection>
<title>Cloudy with a Chance of Meatballs 2</title>
<imdb>tt1985966</imdb>
<year>2013</year>
</meta>
<link>
<sublink>search</sublink>
<sublink>searchsd</sublink>
</link>
</item>

