

<item>
<title>Cocoon (1985)</title>
<thumbnail>https://image.tmdb.org/t/p/w500/foIhEPQoqDctfwsHmmYwbNz5A2g.jpg</thumbnail>
<fanart>https://image.tmdb.org/t/p/w1280/cAcyouQgeS0RXXaO354TgNoegza.jpg</fanart>
<meta>
<content>movie</content>
<collection>Cocoon</collection>
<title>Cocoon</title>
<imdb>tt0088933</imdb>
<year>1985</year>
</meta>
<link>
<sublink>search</sublink>
<sublink>searchsd</sublink>
</link>
</item>

<item>
<title>Cocoon: The Return (1988)</title>
<thumbnail>https://image.tmdb.org/t/p/w500/AkPcfRIZ1ZynIB2nnOOOWzHPOT9.jpg</thumbnail>
<fanart>https://image.tmdb.org/t/p/w1280/k2p8bbDARn6QwyJRsQfLldTJB38.jpg</fanart>
<meta>
<content>movie</content>
<collection>Cocoon</collection>
<title>Cocoon: The Return</title>
<imdb>tt0094890</imdb>
<year>1988</year>
</meta>
<link>
<sublink>search</sublink>
<sublink>searchsd</sublink>
</link>
</item>

