

<item>
<title>Creepshow (1982)</title>
<thumbnail>https://image.tmdb.org/t/p/w500/hgKeTL416BPzLZntcsD1k7mNFRN.jpg</thumbnail>
<fanart>https://image.tmdb.org/t/p/w1280/eHaGbnX2kukzcYGOpNF3YLPmOG5.jpg</fanart>
<meta>
<content>movie</content>
<collection>Creepshow</collection>
<title>Creepshow</title>
<imdb>tt0083767</imdb>
<year>1982</year>
</meta>
<link>
<sublink>search</sublink>
<sublink>searchsd</sublink>
</link>
</item>

<item>
<title>Creepshow 2 (1987)</title>
<thumbnail>https://image.tmdb.org/t/p/w500/qxJWtBb89RaSRgLuz1d6ZuFTfVG.jpg</thumbnail>
<fanart>https://image.tmdb.org/t/p/w1280/cEOva5ciTQxJCQgcXb6vpAx1BcP.jpg</fanart>
<meta>
<content>movie</content>
<collection>Creepshow</collection>
<title>Creepshow 2</title>
<imdb>tt0092796</imdb>
<year>1987</year>
</meta>
<link>
<sublink>search</sublink>
<sublink>searchsd</sublink>
</link>
</item>

