

<item>
<title>Death Wish (1974)</title>
<thumbnail>https://image.tmdb.org/t/p/w500/3PKm5qtlxxIX7WEmWkCub6PCFSX.jpg</thumbnail>
<fanart>https://image.tmdb.org/t/p/w1280/kIPE9R2pEOl6SpZN2IzUe0eG3ut.jpg</fanart>
<meta>
<content>movie</content>
<collection>Death Wish</collection>
<title>Death Wish</title>
<imdb>tt0071402</imdb>
<year>1974</year>
</meta>
<link>
<sublink>search</sublink>
<sublink>searchsd</sublink>
</link>
</item>

<item>
<title>Death Wish II (1982)</title>
<thumbnail>https://image.tmdb.org/t/p/w500/jGhpwm6X0LqpvoFzFISKuGyC1zy.jpg</thumbnail>
<fanart>https://image.tmdb.org/t/p/w1280/laYZNXPuNVmCarjFviRgGsqrYUd.jpg</fanart>
<meta>
<content>movie</content>
<collection>Death Wish</collection>
<title>Death Wish II</title>
<imdb>tt0082250</imdb>
<year>1982</year>
</meta>
<link>
<sublink>search</sublink>
<sublink>searchsd</sublink>
</link>
</item>

<item>
<title>Death Wish 3 (1985)</title>
<thumbnail>https://image.tmdb.org/t/p/w500/8l4AX0giiApHUkQ7jchL3esxPWz.jpg</thumbnail>
<fanart>https://image.tmdb.org/t/p/w1280/6Cmb6GTZWrGSnB56fcQx26gi0io.jpg</fanart>
<meta>
<content>movie</content>
<collection>Death Wish</collection>
<title>Death Wish 3</title>
<imdb>tt0089003</imdb>
<year>1985</year>
</meta>
<link>
<sublink>search</sublink>
<sublink>searchsd</sublink>
</link>
</item>

<item>
<title>Death Wish 4: The Crackdown (1987)</title>
<thumbnail>https://image.tmdb.org/t/p/w500/u0GXumr6gf9ydzfY4K0rp4dF44l.jpg</thumbnail>
<fanart>https://image.tmdb.org/t/p/w1280/6hEJavVyTyrMmD81yFnyhdqSshe.jpg</fanart>
<meta>
<content>movie</content>
<collection>Death Wish</collection>
<title>Death Wish 4: The Crackdown</title>
<imdb>tt0092857</imdb>
<year>1987</year>
</meta>
<link>
<sublink>search</sublink>
<sublink>searchsd</sublink>
</link>
</item>

<item>
<title>Death Wish V: The Face of Death (1994)</title>
<thumbnail>https://image.tmdb.org/t/p/w500/qacn8dK159zyN6vryETks23hVNl.jpg</thumbnail>
<fanart>https://image.tmdb.org/t/p/w1280/xXtPHkNeKaLLKHF09lPo8uVySim.jpg</fanart>
<meta>
<content>movie</content>
<collection>Death Wish</collection>
<title>Death Wish V: The Face of Death</title>
<imdb>tt0109578</imdb>
<year>1994</year>
</meta>
<link>
<sublink>search</sublink>
<sublink>searchsd</sublink>
</link>
</item>

