

<item>
<title>Dirty Harry (1971)</title>
<thumbnail>https://image.tmdb.org/t/p/w500/6AlKDmfVi5cqQFprxJCf1FWihPk.jpg</thumbnail>
<fanart>https://image.tmdb.org/t/p/w1280/wpr0XLoivHwygMsYNOsQ1dUs6St.jpg</fanart>
<meta>
<content>movie</content>
<collection>Dirty Harry</collection>
<title>Dirty Harry</title>
<imdb>tt0066999</imdb>
<year>1971</year>
</meta>
<link>
<sublink>search</sublink>
<sublink>searchsd</sublink>
</link>
</item>

<item>
<title>Magnum Force (1973)</title>
<thumbnail>https://image.tmdb.org/t/p/w500/5aJc45aGwGcNTQmZFB75Gd3j6cV.jpg</thumbnail>
<fanart>https://image.tmdb.org/t/p/w1280/ybf6U0395tyW25Vi2IoGmkS1nvL.jpg</fanart>
<meta>
<content>movie</content>
<collection>Dirty Harry</collection>
<title>Magnum Force</title>
<imdb>tt0070355</imdb>
<year>1973</year>
</meta>
<link>
<sublink>search</sublink>
<sublink>searchsd</sublink>
</link>
</item>

<item>
<title>The Enforcer (1976)</title>
<thumbnail>https://image.tmdb.org/t/p/w500/nzde4U4Z7JuqT9VSqPWJxLfWkc0.jpg</thumbnail>
<fanart>https://image.tmdb.org/t/p/w1280/tAeUxFqTZcwVGuvUJMqNUcyojGF.jpg</fanart>
<meta>
<content>movie</content>
<collection>Dirty Harry</collection>
<title>The Enforcer</title>
<imdb>tt0074483</imdb>
<year>1976</year>
</meta>
<link>
<sublink>search</sublink>
<sublink>searchsd</sublink>
</link>
</item>

<item>
<title>Sudden Impact (1983)</title>
<thumbnail>https://image.tmdb.org/t/p/w500/w9nrkMoKufZ4R2bR2TLofgaIhk0.jpg</thumbnail>
<fanart>https://image.tmdb.org/t/p/w1280/l3olA9wHBvjPVr79aIs4Ywwi3DC.jpg</fanart>
<meta>
<content>movie</content>
<collection>Dirty Harry</collection>
<title>Sudden Impact</title>
<imdb>tt0086383</imdb>
<year>1983</year>
</meta>
<link>
<sublink>search</sublink>
<sublink>searchsd</sublink>
</link>
</item>

<item>
<title>The Dead Pool (1988)</title>
<thumbnail>https://image.tmdb.org/t/p/w500/cFvblhl8o6ysFNU6FHPKLaGarEu.jpg</thumbnail>
<fanart>https://image.tmdb.org/t/p/w1280/fXwj3xRSQqjRewgIEh3GJ7xK79W.jpg</fanart>
<meta>
<content>movie</content>
<collection>Dirty Harry</collection>
<title>The Dead Pool</title>
<imdb>tt0094963</imdb>
<year>1988</year>
</meta>
<link>
<sublink>search</sublink>
<sublink>searchsd</sublink>
</link>
</item>

