

<item>
<title>Dolphin Tale (2011)</title>
<thumbnail>https://image.tmdb.org/t/p/w500/47eRTWQDx9lPkQgTWmuATNNkwBJ.jpg</thumbnail>
<fanart>https://image.tmdb.org/t/p/w1280/1oIPSmyYVLxry3r8pvLv1e3Vxgm.jpg</fanart>
<meta>
<content>movie</content>
<collection>Dolphin Tale</collection>
<title>Dolphin Tale</title>
<imdb>tt1564349</imdb>
<year>2011</year>
</meta>
<link>
<sublink>search</sublink>
<sublink>searchsd</sublink>
</link>
</item>

<item>
<title>Dolphin Tale 2 (2014)</title>
<thumbnail>https://image.tmdb.org/t/p/w500/ga714OrcrFhCrhbHUfDG47fUU5F.jpg</thumbnail>
<fanart>https://image.tmdb.org/t/p/w1280/mAGjEDmpqOU9iy6ZDNQmMxcNtOl.jpg</fanart>
<meta>
<content>movie</content>
<collection>Dolphin Tale</collection>
<title>Dolphin Tale 2</title>
<imdb>tt2978462</imdb>
<year>2014</year>
</meta>
<link>
<sublink>search</sublink>
<sublink>searchsd</sublink>
</link>
</item>

