

<item>
<title>Dumb & Dumber (1994)</title>
<thumbnail>https://image.tmdb.org/t/p/w500/st4P2TtPrAfNwu8HLXoPsPPii42.jpg</thumbnail>
<fanart>https://image.tmdb.org/t/p/w1280/nJaVxQNC4pb6eYH5jv0UUokfH5X.jpg</fanart>
<meta>
<content>movie</content>
<collection>Dumb and Dumber</collection>
<title>Dumb & Dumber</title>
<imdb>tt0109686</imdb>
<year>1994</year>
</meta>
<link>
<sublink>search</sublink>
<sublink>searchsd</sublink>
</link>
</item>

<item>
<title>Dumb and Dumberer: When Harry Met Lloyd (2003)</title>
<thumbnail>https://image.tmdb.org/t/p/w500/eizaKEnF108gQq89f1XsAyVxjq6.jpg</thumbnail>
<fanart>https://image.tmdb.org/t/p/w1280/dzGocMNPdWMfo52LcofnkfwrMaj.jpg</fanart>
<meta>
<content>movie</content>
<collection>Dumb and Dumber</collection>
<title>Dumb and Dumberer: When Harry Met Lloyd</title>
<imdb>tt0329028</imdb>
<year>2003</year>
</meta>
<link>
<sublink>search</sublink>
<sublink>searchsd</sublink>
</link>
</item>

<item>
<title>Dumb and Dumber To (2014)</title>
<thumbnail>https://image.tmdb.org/t/p/w500/Ekw3ijq9L6RiKvv5m2tPOEklHF.jpg</thumbnail>
<fanart>https://image.tmdb.org/t/p/w1280/iGmJOG0OHt7Lg7eScNSnVnhvgCR.jpg</fanart>
<meta>
<content>movie</content>
<collection>Dumb and Dumber</collection>
<title>Dumb and Dumber To</title>
<imdb>tt2096672</imdb>
<year>2014</year>
</meta>
<link>
<sublink>search</sublink>
<sublink>searchsd</sublink>
</link>
</item>

