

<item>
<title>Elizabeth (1998)</title>
<thumbnail>https://image.tmdb.org/t/p/w500/y4ynYOy205LorkOIN6hs6DgJ1xa.jpg</thumbnail>
<fanart>https://image.tmdb.org/t/p/w1280/804kjzDNr1zjD4Gmj08ELvYlNtm.jpg</fanart>
<meta>
<content>movie</content>
<collection>Elizabeth</collection>
<title>Elizabeth</title>
<imdb>tt0127536</imdb>
<year>1998</year>
</meta>
<link>
<sublink>search</sublink>
<sublink>searchsd</sublink>
</link>
</item>

<item>
<title>The Golden Age (2007)</title>
<thumbnail>https://image.tmdb.org/t/p/w500/kER0eNIgnZ9rlvrk5f2syGWaknK.jpg</thumbnail>
<fanart>https://image.tmdb.org/t/p/w1280/w2cV5QkRxQRpoCb9HxBafWNnODn.jpg</fanart>
<meta>
<content>movie</content>
<collection>Elizabeth</collection>
<title>The Golden Age</title>
<imdb>tt0414055</imdb>
<year>2007</year>
</meta>
<link>
<sublink>search</sublink>
<sublink>searchsd</sublink>
</link>
</item>

