

<item>
<title>The Exorcist (1973)</title>
<thumbnail>https://image.tmdb.org/t/p/w500/eYVZP9CibJg1fyZnZahfFIYqfPr.jpg</thumbnail>
<fanart>https://image.tmdb.org/t/p/w1280/9yatuqrO7f1gy1an6H3gOV3lJf6.jpg</fanart>
<meta>
<content>movie</content>
<collection>Exorcist</collection>
<title>The Exorcist</title>
<imdb>tt0070047</imdb>
<year>1973</year>
</meta>
<link>
<sublink>search</sublink>
<sublink>searchsd</sublink>
</link>
</item>

<item>
<title>Exorcist II: The Heretic (1977)</title>
<thumbnail>https://image.tmdb.org/t/p/w500/jIVYbxsp6y80wyfLlnKkRc9rI6Q.jpg</thumbnail>
<fanart>https://image.tmdb.org/t/p/w1280/sABEfSEb3ZTu8eO0q20sixezbVY.jpg</fanart>
<meta>
<content>movie</content>
<collection>Exorcist</collection>
<title>Exorcist II: The Heretic</title>
<imdb>tt0076009</imdb>
<year>1977</year>
</meta>
<link>
<sublink>search</sublink>
<sublink>searchsd</sublink>
</link>
</item>

<item>
<title>The Exorcist III (1990)</title>
<thumbnail>https://image.tmdb.org/t/p/w500/xU1mJq4AihDXAhEmdOmCgPCy1li.jpg</thumbnail>
<fanart>https://image.tmdb.org/t/p/w1280/be0nR66qvr539GN2n8wVz78SqaC.jpg</fanart>
<meta>
<content>movie</content>
<collection>Exorcist</collection>
<title>The Exorcist III</title>
<imdb>tt0099528</imdb>
<year>1990</year>
</meta>
<link>
<sublink>search</sublink>
<sublink>searchsd</sublink>
</link>
</item>

<item>
<title>Exorcist: The Beginning (2004)</title>
<thumbnail>https://image.tmdb.org/t/p/w500/6ZX7GVR6uTTNzYPMNeECXjytAPa.jpg</thumbnail>
<fanart>https://image.tmdb.org/t/p/w1280/nJeQbUwTPnFdy9OKgOgERttp16v.jpg</fanart>
<meta>
<content>movie</content>
<collection>Exorcist</collection>
<title>Exorcist: The Beginning</title>
<imdb>tt0204313</imdb>
<year>2004</year>
</meta>
<link>
<sublink>search</sublink>
<sublink>searchsd</sublink>
</link>
</item>

<item>
<title>Dominion: Prequel to the Exorcist (2005)</title>
<thumbnail>https://image.tmdb.org/t/p/w500/6EtKdEZzCbUZu2MF5eft91i0wAc.jpg</thumbnail>
<fanart>https://image.tmdb.org/t/p/w1280/t9nWzNIVohUYp1qEJo2ECYq5MoF.jpg</fanart>
<meta>
<content>movie</content>
<collection>Exorcist</collection>
<title>Dominion: Prequel to the Exorcist</title>
<imdb>tt0449086</imdb>
<year>2005</year>
</meta>
<link>
<sublink>search</sublink>
<sublink>searchsd</sublink>
</link>
</item>

