

<item>
<title>F/X (1986)</title>
<thumbnail>https://image.tmdb.org/t/p/w500/6VAiIPBnIRPWXi70sxsHDn9rXA8.jpg</thumbnail>
<fanart>https://image.tmdb.org/t/p/w1280/t0u76RL3YlcfnWdRWgRudROqEkg.jpg</fanart>
<meta>
<content>movie</content>
<collection>F/X</collection>
<title>F/X</title>
<imdb>tt0089118</imdb>
<year>1986</year>
</meta>
<link>
<sublink>search</sublink>
<sublink>searchsd</sublink>
</link>
</item>

<item>
<title>F/X2 (1991)</title>
<thumbnail>https://image.tmdb.org/t/p/w500/v44Ozx00NDrYYvvqI9fMVPHU0Gz.jpg</thumbnail>
<fanart>https://image.tmdb.org/t/p/w1280/9v2a9G98m8RJxr4EekFmnh9YYfJ.jpg</fanart>
<meta>
<content>movie</content>
<collection>F/X</collection>
<title>F/X2</title>
<imdb>tt0101846</imdb>
<year>1991</year>
</meta>
<link>
<sublink>search</sublink>
<sublink>searchsd</sublink>
</link>
</item>

