

<item>
<title>Father of the Bride (1991)</title>
<thumbnail>https://image.tmdb.org/t/p/w500/bNQpz6e35wuA3QgJb9VF2oUpZNA.jpg</thumbnail>
<fanart>https://image.tmdb.org/t/p/w1280/cC8xK5DTZkOG92nBB2sMDcedmse.jpg</fanart>
<meta>
<content>movie</content>
<collection>Father of the Bride</collection>
<title>Father of the Bride</title>
<imdb>tt0101862</imdb>
<year>1991</year>
</meta>
<link>
<sublink>search</sublink>
<sublink>searchsd</sublink>
</link>
</item>

<item>
<title>Father of the Bride Part II (1995)</title>
<thumbnail>https://image.tmdb.org/t/p/w500/e64sOI48hQXyru7naBFyssKFxVd.jpg</thumbnail>
<fanart>https://image.tmdb.org/t/p/w1280/cZs50rEk4T13qWedon0uCnbYQzW.jpg</fanart>
<meta>
<content>movie</content>
<collection>Father of the Bride</collection>
<title>Father of the Bride Part II</title>
<imdb>tt0113041</imdb>
<year>1995</year>
</meta>
<link>
<sublink>search</sublink>
<sublink>searchsd</sublink>
</link>
</item>

