

<item>
<title>Fletch (1985)</title>
<thumbnail>https://image.tmdb.org/t/p/w500/t8VjThRC6uKvjR5jVlhj5bBBUUy.jpg</thumbnail>
<fanart>https://image.tmdb.org/t/p/w1280/abgBc1URyvEOYfO28I6iGcwwZaS.jpg</fanart>
<meta>
<content>movie</content>
<collection>Fletch</collection>
<title>Fletch</title>
<imdb>tt0089155</imdb>
<year>1985</year>
</meta>
<link>
<sublink>search</sublink>
<sublink>searchsd</sublink>
</link>
</item>

<item>
<title>Fletch Lives (1989)</title>
<thumbnail>https://image.tmdb.org/t/p/w500/7sufFmTJWokxhXYCaAs8SRxT6r0.jpg</thumbnail>
<fanart>https://image.tmdb.org/t/p/w1280/x9zdcv0zwhPuoFreGBco1z1AQeY.jpg</fanart>
<meta>
<content>movie</content>
<collection>Fletch</collection>
<title>Fletch Lives</title>
<imdb>tt0097366</imdb>
<year>1989</year>
</meta>
<link>
<sublink>search</sublink>
<sublink>searchsd</sublink>
</link>
</item>

