

<item>
<title>The Flintstones (1994)</title>
<thumbnail>https://image.tmdb.org/t/p/w500/kCJofdPv2HqiKeUJ0743Ae4UlFr.jpg</thumbnail>
<fanart>https://image.tmdb.org/t/p/w1280/bHipYbLfjR1790MOHg8bwRfH5t4.jpg</fanart>
<meta>
<content>movie</content>
<collection>Flintstones</collection>
<title>The Flintstones</title>
<imdb>tt0109813</imdb>
<year>1994</year>
</meta>
<link>
<sublink>search</sublink>
<sublink>searchsd</sublink>
</link>
</item>

<item>
<title>The Flintstones in Viva Rock Vegas (2000)</title>
<thumbnail>https://image.tmdb.org/t/p/w500/fExHMSOItdqZHYUrPwqgRfbP7BH.jpg</thumbnail>
<fanart>https://image.tmdb.org/t/p/w1280/fqlDRnXRfUWziuBbVrujfhdRjMI.jpg</fanart>
<meta>
<content>movie</content>
<collection>Flintstones</collection>
<title>The Flintstones in Viva Rock Vegas</title>
<imdb>tt0158622</imdb>
<year>2000</year>
</meta>
<link>
<sublink>search</sublink>
<sublink>searchsd</sublink>
</link>
</item>

