

<item>
<title>The Fly (1986)</title>
<thumbnail>https://image.tmdb.org/t/p/w500/q49tjSe3O152t9QVwaradePGu7W.jpg</thumbnail>
<fanart>https://image.tmdb.org/t/p/w1280/kvYV8D3Us3pqW0JhkkZmSp4CKzR.jpg</fanart>
<meta>
<content>movie</content>
<collection>Fly</collection>
<title>The Fly</title>
<imdb>tt0091064</imdb>
<year>1986</year>
</meta>
<link>
<sublink>search</sublink>
<sublink>searchsd</sublink>
</link>
</item>

<item>
<title>The Fly II (1989)</title>
<thumbnail>https://image.tmdb.org/t/p/w500/zoIWGWVMCbkmsVieP99br9ZC8yY.jpg</thumbnail>
<fanart>https://image.tmdb.org/t/p/w1280/3OSCXukzs74pnHnbWkQfaR1N8qO.jpg</fanart>
<meta>
<content>movie</content>
<collection>Fly</collection>
<title>The Fly II</title>
<imdb>tt0097368</imdb>
<year>1989</year>
</meta>
<link>
<sublink>search</sublink>
<sublink>searchsd</sublink>
</link>
</item>

