

<item>
<title>Valentine's Day (2010)</title>
<thumbnail>https://image.tmdb.org/t/p/w500/qrZ49dcenKqtRWSbOK8zWLQC6GG.jpg</thumbnail>
<fanart>https://image.tmdb.org/t/p/w1280/9yQWwc7mwWID0ssy4eIm50fxXCd.jpg</fanart>
<meta>
<content>movie</content>
<collection>Garry Marshall's Holiday Franchise</collection>
<title>Valentine's Day</title>
<imdb>tt0817230</imdb>
<year>2010</year>
</meta>
<link>
<sublink>search</sublink>
<sublink>searchsd</sublink>
</link>
</item>

<item>
<title>New Year's Eve (2011)</title>
<thumbnail>https://image.tmdb.org/t/p/w500/el1pKVogVwmE1dpbeAO1Ol6y1Vl.jpg</thumbnail>
<fanart>https://image.tmdb.org/t/p/w1280/3NtD6nPaJz7SLreJfZMrOrfC6va.jpg</fanart>
<meta>
<content>movie</content>
<collection>Garry Marshall's Holiday Franchise</collection>
<title>New Year's Eve</title>
<imdb>tt1598822</imdb>
<year>2011</year>
</meta>
<link>
<sublink>search</sublink>
<sublink>searchsd</sublink>
</link>
</item>

<item>
<title>Mother's Day (2016)</title>
<thumbnail>https://image.tmdb.org/t/p/w500/7tgBdoplLSkHfaB523tzqLACs1Z.jpg</thumbnail>
<fanart>https://image.tmdb.org/t/p/w1280/q0KvVM1VkSXXkib3sEAMcreTyyL.jpg</fanart>
<meta>
<content>movie</content>
<collection>Garry Marshall's Holiday Franchise</collection>
<title>Mother's Day</title>
<imdb>tt4824302</imdb>
<year>2016</year>
</meta>
<link>
<sublink>search</sublink>
<sublink>searchsd</sublink>
</link>
</item>

