

<item>
<title>Night of the Living Dead (1968)</title>
<thumbnail>https://image.tmdb.org/t/p/w500/faPfcZ181gWmCoMbal7bAXFPFh9.jpg</thumbnail>
<fanart>https://image.tmdb.org/t/p/w1280/jixekHe0lX093eZHUe5wqKM8SOR.jpg</fanart>
<meta>
<content>movie</content>
<collection>George A. Romero's Dead Series</collection>
<title>Night of the Living Dead</title>
<imdb>tt0063350</imdb>
<year>1968</year>
</meta>
<link>
<sublink>search</sublink>
<sublink>searchsd</sublink>
</link>
</item>

<item>
<title>Dawn of the Dead (1978)</title>
<thumbnail>https://image.tmdb.org/t/p/w500/yK8BmYEvd0IPpDXL6zzlTA2geDf.jpg</thumbnail>
<fanart>https://image.tmdb.org/t/p/w1280/owajDLUdKJV6vXzNg0px5CBzV6I.jpg</fanart>
<meta>
<content>movie</content>
<collection>George A. Romero's Dead Series</collection>
<title>Dawn of the Dead</title>
<imdb>tt0077402</imdb>
<year>1978</year>
</meta>
<link>
<sublink>search</sublink>
<sublink>searchsd</sublink>
</link>
</item>

<item>
<title>Day of the Dead (1985)</title>
<thumbnail>https://image.tmdb.org/t/p/w500/bG2Nq1nTm9mJJeaxOUw0wKDMepY.jpg</thumbnail>
<fanart>https://image.tmdb.org/t/p/w1280/nK0QROkoviRd99kcRHEdxfID4TI.jpg</fanart>
<meta>
<content>movie</content>
<collection>George A. Romero's Dead Series</collection>
<title>Day of the Dead</title>
<imdb>tt0088993</imdb>
<year>1985</year>
</meta>
<link>
<sublink>search</sublink>
<sublink>searchsd</sublink>
</link>
</item>

<item>
<title>Land of the Dead (2005)</title>
<thumbnail>https://image.tmdb.org/t/p/w500/xE1ZZ1y5rfqQfkR5fGMCLlsMQff.jpg</thumbnail>
<fanart>https://image.tmdb.org/t/p/w1280/auPv1B8wVHnDn9ypAxeit44CFMN.jpg</fanart>
<meta>
<content>movie</content>
<collection>George A. Romero's Dead Series</collection>
<title>Land of the Dead</title>
<imdb>tt0418819</imdb>
<year>2005</year>
</meta>
<link>
<sublink>search</sublink>
<sublink>searchsd</sublink>
</link>
</item>

<item>
<title>Diary of the Dead (2007)</title>
<thumbnail>https://image.tmdb.org/t/p/w500/t1M7zONXBBR1HMekQiyctoBkVvh.jpg</thumbnail>
<fanart>https://image.tmdb.org/t/p/w1280/bm10e0XGHEY0OMFsQMfFDwnvoyq.jpg</fanart>
<meta>
<content>movie</content>
<collection>George A. Romero's Dead Series</collection>
<title>Diary of the Dead</title>
<imdb>tt0848557</imdb>
<year>2007</year>
</meta>
<link>
<sublink>search</sublink>
<sublink>searchsd</sublink>
</link>
</item>

<item>
<title>Survival of the Dead (2009)</title>
<thumbnail>https://image.tmdb.org/t/p/w500/oGTMVwgQqwyJxJ841MNmVzoUgRg.jpg</thumbnail>
<fanart>https://image.tmdb.org/t/p/w1280/dxX7F8rSZ8c6YyQZylRroErN8hy.jpg</fanart>
<meta>
<content>movie</content>
<collection>George A. Romero's Dead Series</collection>
<title>Survival of the Dead</title>
<imdb>tt1134854</imdb>
<year>2009</year>
</meta>
<link>
<sublink>search</sublink>
<sublink>searchsd</sublink>
</link>
</item>

