

<item>
<title>Ghostbusters (1984)</title>
<thumbnail>https://image.tmdb.org/t/p/w500/3FS3oBdorgczgfCkFi2u8ZTFfpS.jpg</thumbnail>
<fanart>https://image.tmdb.org/t/p/w1280/cN6I8KhzTopz2lAQGik5inosY38.jpg</fanart>
<meta>
<content>movie</content>
<collection>Ghostbusters</collection>
<title>Ghostbusters</title>
<imdb>tt0087332</imdb>
<year>1984</year>
</meta>
<link>
<sublink>search</sublink>
<sublink>searchsd</sublink>
</link>
</item>

<item>
<title>Ghostbusters II (1989)</title>
<thumbnail>https://image.tmdb.org/t/p/w500/4nN0EYNbOWHJ9UO39maO5Kvcdfa.jpg</thumbnail>
<fanart>https://image.tmdb.org/t/p/w1280/8o58ZFCcdz1XVZTaPXVFDqYOTeh.jpg</fanart>
<meta>
<content>movie</content>
<collection>Ghostbusters</collection>
<title>Ghostbusters II</title>
<imdb>tt0097428</imdb>
<year>1989</year>
</meta>
<link>
<sublink>search</sublink>
<sublink>searchsd</sublink>
</link>
</item>

<item>
<title>Ghostbusters (2016)</title>
<thumbnail>https://image.tmdb.org/t/p/w500/4qnJ1hsMADxzwnOmnwjZTNp0rKT.jpg</thumbnail>
<fanart>https://image.tmdb.org/t/p/w1280/KNTzU7RNPROE2k3iCOiGDG3oZz.jpg</fanart>
<meta>
<content>movie</content>
<collection>Ghostbusters</collection>
<title>Ghostbusters</title>
<imdb>tt1289401</imdb>
<year>2016</year>
</meta>
<link>
<sublink>search</sublink>
<sublink>searchsd</sublink>
</link>
</item>

