

<item>
<title>Goal! The Dream Begins (2005)</title>
<thumbnail>https://image.tmdb.org/t/p/w500/wMHXE4qkxBdaahCNhCK2wPJHRKD.jpg</thumbnail>
<fanart>https://image.tmdb.org/t/p/w1280/d6M6G6pKIX97hp236KlrDh5uO7P.jpg</fanart>
<meta>
<content>movie</content>
<collection>Goal</collection>
<title>Goal! The Dream Begins</title>
<imdb>tt0380389</imdb>
<year>2005</year>
</meta>
<link>
<sublink>search</sublink>
<sublink>searchsd</sublink>
</link>
</item>

<item>
<title>Goal II: Living the Dream (2007)</title>
<thumbnail>https://image.tmdb.org/t/p/w500/4wi6m3MYRTYEquldlACxtOyovNd.jpg</thumbnail>
<fanart>https://image.tmdb.org/t/p/w1280/6AKN1xl7CnEQx77PAALqXIp0nW3.jpg</fanart>
<meta>
<content>movie</content>
<collection>Goal</collection>
<title>Goal II: Living the Dream</title>
<imdb>tt0473360</imdb>
<year>2007</year>
</meta>
<link>
<sublink>search</sublink>
<sublink>searchsd</sublink>
</link>
</item>

