

<item>
<title>The Godfather (1972)</title>
<thumbnail>https://image.tmdb.org/t/p/w500/w7t3f2XhtmLF6z9RcxQcexRSZrg.jpg</thumbnail>
<fanart>https://image.tmdb.org/t/p/w1280/dxGewkdpioTIHOBDflpipNRLSp6.jpg</fanart>
<meta>
<content>movie</content>
<collection>Godfather</collection>
<title>The Godfather</title>
<imdb>tt0068646</imdb>
<year>1972</year>
</meta>
<link>
<sublink>search</sublink>
<sublink>searchsd</sublink>
</link>
</item>

<item>
<title>The Godfather: Part II (1974)</title>
<thumbnail>https://image.tmdb.org/t/p/w500/eRXf0nuvtRByOa0hdJXEOhVZyQ9.jpg</thumbnail>
<fanart>https://image.tmdb.org/t/p/w1280/9qTnj9MHAkNojW1Rlv3GAGfQJo7.jpg</fanart>
<meta>
<content>movie</content>
<collection>Godfather</collection>
<title>The Godfather: Part II</title>
<imdb>tt0071562</imdb>
<year>1974</year>
</meta>
<link>
<sublink>search</sublink>
<sublink>searchsd</sublink>
</link>
</item>

<item>
<title>The Godfather: Part III (1990)</title>
<thumbnail>https://image.tmdb.org/t/p/w500/uzaP0L7BEprcJHCuwbaHiYT0UYX.jpg</thumbnail>
<fanart>https://image.tmdb.org/t/p/w1280/mhdJ2rOK3JGnceqxNK9WufYmFr7.jpg</fanart>
<meta>
<content>movie</content>
<collection>Godfather</collection>
<title>The Godfather: Part III</title>
<imdb>tt0099674</imdb>
<year>1990</year>
</meta>
<link>
<sublink>search</sublink>
<sublink>searchsd</sublink>
</link>
</item>

