

<item>
<title>Godzilla (1998)</title>
<thumbnail>https://image.tmdb.org/t/p/w500/5axr56XqJH2xqkzI4j5sjzgV1Hu.jpg</thumbnail>
<fanart>https://image.tmdb.org/t/p/w1280/d8aOyxSMD7oQGFsPORCU8AJ6EQ3.jpg</fanart>
<meta>
<content>movie</content>
<collection>Godzilla</collection>
<title>Godzilla</title>
<imdb>tt0120685</imdb>
<year>1998</year>
</meta>
<link>
<sublink>search</sublink>
<sublink>searchsd</sublink>
</link>
</item>

<item>
<title>Godzilla 2000 (1999)</title>
<thumbnail>https://image.tmdb.org/t/p/w500/iFqf6rOnVdBGR3PIqn1eRUffuaH.jpg</thumbnail>
<fanart>https://image.tmdb.org/t/p/w1280/Cvn5ZFGKmiRFnkvxkykKfjR8NG.jpg</fanart>
<meta>
<content>movie</content>
<collection>Godzilla</collection>
<title>Godzilla 2000</title>
<imdb>tt0188640</imdb>
<year>1999</year>
</meta>
<link>
<sublink>search</sublink>
<sublink>searchsd</sublink>
</link>
</item>

<item>
<title>Godzilla: Final Wars (2004)</title>
<thumbnail>https://image.tmdb.org/t/p/w500/qmoiF6E1KHJ241MB8spONpH2ttO.jpg</thumbnail>
<fanart>https://image.tmdb.org/t/p/w1280/nFHdB6f93ZZgpxqLtE4Rv2lgZBE.jpg</fanart>
<meta>
<content>movie</content>
<collection>Godzilla</collection>
<title>Godzilla: Final Wars</title>
<imdb>tt0399102</imdb>
<year>2004</year>
</meta>
<link>
<sublink>search</sublink>
<sublink>searchsd</sublink>
</link>
</item>

<item>
<title>Godzilla (2014)</title>
<thumbnail>https://image.tmdb.org/t/p/w500/szVwkB4H5yyOJBVuQ432b9boO0N.jpg</thumbnail>
<fanart>https://image.tmdb.org/t/p/w1280/32CvdVjOV85lsMXTe52egUICOlL.jpg</fanart>
<meta>
<content>movie</content>
<collection>Godzilla</collection>
<title>Godzilla</title>
<imdb>tt0831387</imdb>
<year>2014</year>
</meta>
<link>
<sublink>search</sublink>
<sublink>searchsd</sublink>
</link>
</item>

<item>
<title>Shin Godzilla (2016)</title>
<thumbnail>https://image.tmdb.org/t/p/w500/8YWirGQidtZeSEmhqvQM5FrI6N1.jpg</thumbnail>
<fanart>https://image.tmdb.org/t/p/w1280/d2K6mMk9rg2Vy2DAfS8TsuVjOUM.jpg</fanart>
<meta>
<content>movie</content>
<collection>Godzilla</collection>
<title>Shin Godzilla</title>
<imdb>tt4262980</imdb>
<year>2016</year>
</meta>
<link>
<sublink>search</sublink>
<sublink>searchsd</sublink>
</link>
</item>

