

<item>
<title>Grease (1978)</title>
<thumbnail>https://image.tmdb.org/t/p/w500/iMHdFTrCYhue74sBnXkdO39AJ3R.jpg</thumbnail>
<fanart>https://image.tmdb.org/t/p/w1280/39F4g6JjAKVA5dOkEhc8IFjmnLJ.jpg</fanart>
<meta>
<content>movie</content>
<collection>Grease</collection>
<title>Grease</title>
<imdb>tt0077631</imdb>
<year>1978</year>
</meta>
<link>
<sublink>search</sublink>
<sublink>searchsd</sublink>
</link>
</item>

<item>
<title>Grease 2 (1982)</title>
<thumbnail>https://image.tmdb.org/t/p/w500/rfV03gWvZHGQyoG4tnxTRrjlOSC.jpg</thumbnail>
<fanart>https://image.tmdb.org/t/p/w1280/trVS2zJ2rJvHLVZe9acUt7TSXZw.jpg</fanart>
<meta>
<content>movie</content>
<collection>Grease</collection>
<title>Grease 2</title>
<imdb>tt0084021</imdb>
<year>1982</year>
</meta>
<link>
<sublink>search</sublink>
<sublink>searchsd</sublink>
</link>
</item>

