

<item>
<title>Grown Ups (2010)</title>
<thumbnail>https://image.tmdb.org/t/p/w500/t6Yj2UlqsrHHK6kJO1FWepR6mEd.jpg</thumbnail>
<fanart>https://image.tmdb.org/t/p/w1280/rRcvEQGhPagXBn5clCgtMpPJtJT.jpg</fanart>
<meta>
<content>movie</content>
<collection>Grown Ups</collection>
<title>Grown Ups</title>
<imdb>tt1375670</imdb>
<year>2010</year>
</meta>
<link>
<sublink>search</sublink>
<sublink>searchsd</sublink>
</link>
</item>

<item>
<title>Grown Ups 2 (2013)</title>
<thumbnail>https://image.tmdb.org/t/p/w500/xVfzcl1fcTDA4T76enoHF80MR4n.jpg</thumbnail>
<fanart>https://image.tmdb.org/t/p/w1280/38gotrOLWV1nfXJ8EzqzpmKdFDZ.jpg</fanart>
<meta>
<content>movie</content>
<collection>Grown Ups</collection>
<title>Grown Ups 2</title>
<imdb>tt2191701</imdb>
<year>2013</year>
</meta>
<link>
<sublink>search</sublink>
<sublink>searchsd</sublink>
</link>
</item>

