

<item>
<title>Grumpy Old Men (1993)</title>
<thumbnail>https://image.tmdb.org/t/p/w500/2Kr5u2cvt0lKcIk1NyUrUs8eeDN.jpg</thumbnail>
<fanart>https://image.tmdb.org/t/p/w1280/3Ceen6Gj6OSb0F3eEeiheAIqpzA.jpg</fanart>
<meta>
<content>movie</content>
<collection>Grumpy Old Men</collection>
<title>Grumpy Old Men</title>
<imdb>tt0107050</imdb>
<year>1993</year>
</meta>
<link>
<sublink>search</sublink>
<sublink>searchsd</sublink>
</link>
</item>

<item>
<title>Grumpier Old Men (1995)</title>
<thumbnail>https://image.tmdb.org/t/p/w500/6ksm1sjKMFLbO7UY2i6G1ju9SML.jpg</thumbnail>
<fanart>https://image.tmdb.org/t/p/w1280/vl0ytQ1cgSnIVE2SSyhJTIKsUjW.jpg</fanart>
<meta>
<content>movie</content>
<collection>Grumpy Old Men</collection>
<title>Grumpier Old Men</title>
<imdb>tt0113228</imdb>
<year>1995</year>
</meta>
<link>
<sublink>search</sublink>
<sublink>searchsd</sublink>
</link>
</item>

