

<item>
<title>The Guns of Navarone (1961)</title>
<thumbnail>https://image.tmdb.org/t/p/w500/4REb08G4Bk00lp9TFWjC6iEsStZ.jpg</thumbnail>
<fanart>https://image.tmdb.org/t/p/w1280/8ip9JSKeTNe1DKRO9h8T8xhgP4L.jpg</fanart>
<meta>
<content>movie</content>
<collection>Guns of Navarone</collection>
<title>The Guns of Navarone</title>
<imdb>tt0054953</imdb>
<year>1961</year>
</meta>
<link>
<sublink>search</sublink>
<sublink>searchsd</sublink>
</link>
</item>

<item>
<title>Force 10 from Navarone (1978)</title>
<thumbnail>https://image.tmdb.org/t/p/w500/hcvhw7ev8uxtMCtaXG8iWesZ2fw.jpg</thumbnail>
<fanart>https://image.tmdb.org/t/p/w1280/sydcbZSa55wQWcBNxMacjWQeKip.jpg</fanart>
<meta>
<content>movie</content>
<collection>Guns of Navarone</collection>
<title>Force 10 from Navarone</title>
<imdb>tt0077572</imdb>
<year>1978</year>
</meta>
<link>
<sublink>search</sublink>
<sublink>searchsd</sublink>
</link>
</item>

