

<item>
<title>The Hangover (2009)</title>
<thumbnail>https://image.tmdb.org/t/p/w500/eshEkiG7NmU4ekA8CtpIdYiYufZ.jpg</thumbnail>
<fanart>https://image.tmdb.org/t/p/w1280/39LohvXfll5dGCQIV9B9VJ16ImE.jpg</fanart>
<meta>
<content>movie</content>
<collection>Hangover</collection>
<title>The Hangover</title>
<imdb>tt1119646</imdb>
<year>2009</year>
</meta>
<link>
<sublink>search</sublink>
<sublink>searchsd</sublink>
</link>
</item>

<item>
<title>The Hangover Part II (2011)</title>
<thumbnail>https://image.tmdb.org/t/p/w500/hFUsdnUoQDQ02EVlKTyhDTdehEr.jpg</thumbnail>
<fanart>https://image.tmdb.org/t/p/w1280/hnu7rEmUXyrRBqlRTd2CzDBUap4.jpg</fanart>
<meta>
<content>movie</content>
<collection>Hangover</collection>
<title>The Hangover Part II</title>
<imdb>tt1411697</imdb>
<year>2011</year>
</meta>
<link>
<sublink>search</sublink>
<sublink>searchsd</sublink>
</link>
</item>

<item>
<title>The Hangover Part III (2013)</title>
<thumbnail>https://image.tmdb.org/t/p/w500/etxhFiukXlYKVm4Yxon01YbiC5Y.jpg</thumbnail>
<fanart>https://image.tmdb.org/t/p/w1280/ddqGKr0uDf5Sz4Y9SGI60sL1Uyg.jpg</fanart>
<meta>
<content>movie</content>
<collection>Hangover</collection>
<title>The Hangover Part III</title>
<imdb>tt1951261</imdb>
<year>2013</year>
</meta>
<link>
<sublink>search</sublink>
<sublink>searchsd</sublink>
</link>
</item>

