

<item>
<title>Homeward Bound: The Incredible Journey (1993)</title>
<thumbnail>https://image.tmdb.org/t/p/w500/iYoBxNDgL37iuJGJNQpg8kQwA2u.jpg</thumbnail>
<fanart>https://image.tmdb.org/t/p/w1280/xBodl3B2IvBHQYMjn0WwtrYuxLl.jpg</fanart>
<meta>
<content>movie</content>
<collection>Homeward Bound</collection>
<title>Homeward Bound: The Incredible Journey</title>
<imdb>tt0107131</imdb>
<year>1993</year>
</meta>
<link>
<sublink>search</sublink>
<sublink>searchsd</sublink>
</link>
</item>

<item>
<title>Homeward Bound II: Lost in San Francisco (1996)</title>
<thumbnail>https://image.tmdb.org/t/p/w500/6oFXtbLt9IyoK6rdvdt0ccF6hGP.jpg</thumbnail>
<fanart>https://image.tmdb.org/t/p/w1280/a1c9rYLgKdhzIGfxPQGsXD1k1SL.jpg</fanart>
<meta>
<content>movie</content>
<collection>Homeward Bound</collection>
<title>Homeward Bound II: Lost in San Francisco</title>
<imdb>tt0116552</imdb>
<year>1996</year>
</meta>
<link>
<sublink>search</sublink>
<sublink>searchsd</sublink>
</link>
</item>

