

<item>
<title>Honey, I Shrunk the Kids (1989)</title>
<thumbnail>https://image.tmdb.org/t/p/w500/f5eFxKYAd7hN1BxYzBg9qL1SDRe.jpg</thumbnail>
<fanart>https://image.tmdb.org/t/p/w1280/5AhzhhWMD7VxjXjvr1Cx3BmPxyj.jpg</fanart>
<meta>
<content>movie</content>
<collection>Honey I Shrunk the Kids</collection>
<title>Honey, I Shrunk the Kids</title>
<imdb>tt0097523</imdb>
<year>1989</year>
</meta>
<link>
<sublink>search</sublink>
<sublink>searchsd</sublink>
</link>
</item>

<item>
<title>Honey I Blew Up the Kid (1992)</title>
<thumbnail>https://image.tmdb.org/t/p/w500/gwda8CnPAfHGwygclGiKddt60fX.jpg</thumbnail>
<fanart>https://image.tmdb.org/t/p/w1280/ae2oJzjdGcGo14iECNnkcnLlUyI.jpg</fanart>
<meta>
<content>movie</content>
<collection>Honey I Shrunk the Kids</collection>
<title>Honey I Blew Up the Kid</title>
<imdb>tt0104437</imdb>
<year>1992</year>
</meta>
<link>
<sublink>search</sublink>
<sublink>searchsd</sublink>
</link>
</item>

