

<item>
<title>Horrible Bosses (2011)</title>
<thumbnail>https://image.tmdb.org/t/p/w500/17rVRW7ond0PR2KJHY0xY00isTB.jpg</thumbnail>
<fanart>https://image.tmdb.org/t/p/w1280/1iVZJmeHW8MVMq7xlaHgLSv6qrc.jpg</fanart>
<meta>
<content>movie</content>
<collection>Horrible Bosses</collection>
<title>Horrible Bosses</title>
<imdb>tt1499658</imdb>
<year>2011</year>
</meta>
<link>
<sublink>search</sublink>
<sublink>searchsd</sublink>
</link>
</item>

<item>
<title>Horrible Bosses 2 (2014)</title>
<thumbnail>https://image.tmdb.org/t/p/w500/zRkLCOx7o9tjPYb9s7u6mpw8VOs.jpg</thumbnail>
<fanart>https://image.tmdb.org/t/p/w1280/7OluTl9LoaMDZ2MVdrFVuU2os09.jpg</fanart>
<meta>
<content>movie</content>
<collection>Horrible Bosses</collection>
<title>Horrible Bosses 2</title>
<imdb>tt2170439</imdb>
<year>2014</year>
</meta>
<link>
<sublink>search</sublink>
<sublink>searchsd</sublink>
</link>
</item>

