

<item>
<title>House Party (1990)</title>
<thumbnail>https://image.tmdb.org/t/p/w500/qKQ32fCcM7g5tLKMsLR75ZOOPmv.jpg</thumbnail>
<fanart>https://image.tmdb.org/t/p/w1280/uXXKldxfzAXfMY7x0OwBtQqeHTO.jpg</fanart>
<meta>
<content>movie</content>
<collection>House Party</collection>
<title>House Party</title>
<imdb>tt0099800</imdb>
<year>1990</year>
</meta>
<link>
<sublink>search</sublink>
<sublink>searchsd</sublink>
</link>
</item>

<item>
<title>House Party 2 (1991)</title>
<thumbnail>https://image.tmdb.org/t/p/w500/h6zniHE94wg65lMvYbFOdNkJvjy.jpg</thumbnail>
<fanart>https://image.tmdb.org/t/p/w1280/AnHt4F82CI2pXJYQyC9brZZQVeh.jpg</fanart>
<meta>
<content>movie</content>
<collection>House Party</collection>
<title>House Party 2</title>
<imdb>tt0102065</imdb>
<year>1991</year>
</meta>
<link>
<sublink>search</sublink>
<sublink>searchsd</sublink>
</link>
</item>

<item>
<title>House Party 3 (1994)</title>
<thumbnail>https://image.tmdb.org/t/p/w500/b6yh57uYZUvpYkH3RKL3ZIvoszl.jpg</thumbnail>
<fanart>https://image.tmdb.org/t/p/w1280/dodqMMX8UNXyHwYdU7Of8srLmuD.jpg</fanart>
<meta>
<content>movie</content>
<collection>House Party</collection>
<title>House Party 3</title>
<imdb>tt0110064</imdb>
<year>1994</year>
</meta>
<link>
<sublink>search</sublink>
<sublink>searchsd</sublink>
</link>
</item>

