

<item>
<title>House of 1000 Corpses (2003)</title>
<thumbnail>https://image.tmdb.org/t/p/w500/rfkyA9ZQt07Lnn09QKcfDYBYoem.jpg</thumbnail>
<fanart>https://image.tmdb.org/t/p/w1280/bnXs5dibTbH8YdoFCgPUf52GASd.jpg</fanart>
<meta>
<content>movie</content>
<collection>House of 1,000 Corpses</collection>
<title>House of 1000 Corpses</title>
<imdb>tt0251736</imdb>
<year>2003</year>
</meta>
<link>
<sublink>search</sublink>
<sublink>searchsd</sublink>
</link>
</item>

<item>
<title>The Devil's Rejects (2005)</title>
<thumbnail>https://image.tmdb.org/t/p/w500/fj4rrpUlBpFjPaJecpjID6yqacx.jpg</thumbnail>
<fanart>https://image.tmdb.org/t/p/w1280/Gp0HI19ElGWgS22IBvKcuXn3Ha.jpg</fanart>
<meta>
<content>movie</content>
<collection>House of 1,000 Corpses</collection>
<title>The Devil's Rejects</title>
<imdb>tt0395584</imdb>
<year>2005</year>
</meta>
<link>
<sublink>search</sublink>
<sublink>searchsd</sublink>
</link>
</item>

