

<item>
<title>Ice Age (2002)</title>
<thumbnail>https://image.tmdb.org/t/p/w500/zpaQwR0YViPd83bx1e559QyZ35i.jpg</thumbnail>
<fanart>https://image.tmdb.org/t/p/w1280/hkdcjT5VpeLNsBA427wGcK10rlG.jpg</fanart>
<meta>
<content>movie</content>
<collection>Ice Age</collection>
<title>Ice Age</title>
<imdb>tt0268380</imdb>
<year>2002</year>
</meta>
<link>
<sublink>search</sublink>
<sublink>searchsd</sublink>
</link>
</item>

<item>
<title>Ice Age: The Meltdown (2006)</title>
<thumbnail>https://image.tmdb.org/t/p/w500/isRuztu5Ch7FJdtSBLcG8QSOpEI.jpg</thumbnail>
<fanart>https://image.tmdb.org/t/p/w1280/307WTsi7PraBzW7ivOZqo9eqcoy.jpg</fanart>
<meta>
<content>movie</content>
<collection>Ice Age</collection>
<title>Ice Age: The Meltdown</title>
<imdb>tt0438097</imdb>
<year>2006</year>
</meta>
<link>
<sublink>search</sublink>
<sublink>searchsd</sublink>
</link>
</item>

<item>
<title>Ice Age: Dawn of the Dinosaurs (2009)</title>
<thumbnail>https://image.tmdb.org/t/p/w500/crAf8b9gFpcdvY7majL8xWzTbem.jpg</thumbnail>
<fanart>https://image.tmdb.org/t/p/w1280/wnvo8z4HtWylhbEbvkLLPD6wY7r.jpg</fanart>
<meta>
<content>movie</content>
<collection>Ice Age</collection>
<title>Ice Age: Dawn of the Dinosaurs</title>
<imdb>tt1080016</imdb>
<year>2009</year>
</meta>
<link>
<sublink>search</sublink>
<sublink>searchsd</sublink>
</link>
</item>

<item>
<title>Ice Age: Continental Drift (2012)</title>
<thumbnail>https://image.tmdb.org/t/p/w500/u30xsZd3mijrdBKA6CeDsozx48g.jpg</thumbnail>
<fanart>https://image.tmdb.org/t/p/w1280/7eSTjOBc7YcAaWIWQTZR8omLcDp.jpg</fanart>
<meta>
<content>movie</content>
<collection>Ice Age</collection>
<title>Ice Age: Continental Drift</title>
<imdb>tt1667889</imdb>
<year>2012</year>
</meta>
<link>
<sublink>search</sublink>
<sublink>searchsd</sublink>
</link>
</item>

<item>
<title>Ice Age: Collision Course (2016)</title>
<thumbnail>https://image.tmdb.org/t/p/w500/1ZQVHkvOegv5wVzxD2fphcxl1Ba.jpg</thumbnail>
<fanart>https://image.tmdb.org/t/p/w1280/59Ec3pVBEk784C0mROZmYbbX60I.jpg</fanart>
<meta>
<content>movie</content>
<collection>Ice Age</collection>
<title>Ice Age: Collision Course</title>
<imdb>tt3416828</imdb>
<year>2016</year>
</meta>
<link>
<sublink>search</sublink>
<sublink>searchsd</sublink>
</link>
</item>

