

<item>
<title>Independence Day (1996)</title>
<thumbnail>https://image.tmdb.org/t/p/w500/bqLlWZJdhrS0knfEJRkquW7L8z2.jpg</thumbnail>
<fanart>https://image.tmdb.org/t/p/w1280/ewMSszqEvI3G1U21SfYbOeoKdxS.jpg</fanart>
<meta>
<content>movie</content>
<collection>Independence Day</collection>
<title>Independence Day</title>
<imdb>tt0116629</imdb>
<year>1996</year>
</meta>
<link>
<sublink>search</sublink>
<sublink>searchsd</sublink>
</link>
</item>

<item>
<title>Independence Day: Resurgence (2016)</title>
<thumbnail>https://image.tmdb.org/t/p/w500/9KQX22BeFzuNM66pBA6JbiaJ7Mi.jpg</thumbnail>
<fanart>https://image.tmdb.org/t/p/w1280/jlabReqTKDttdAUOGLq7VMNyv1u.jpg</fanart>
<meta>
<content>movie</content>
<collection>Independence Day</collection>
<title>Independence Day: Resurgence</title>
<imdb>tt1628841</imdb>
<year>2016</year>
</meta>
<link>
<sublink>search</sublink>
<sublink>searchsd</sublink>
</link>
</item>

