

<item>
<title>Iron Eagle (1986)</title>
<thumbnail>https://image.tmdb.org/t/p/w500/A9OK8YTyTpJPo0H43BO30HZUkTm.jpg</thumbnail>
<fanart>https://image.tmdb.org/t/p/w1280/1LKqxl6POOFsnPLnXkAkoyoOttq.jpg</fanart>
<meta>
<content>movie</content>
<collection>Iron Eagle</collection>
<title>Iron Eagle</title>
<imdb>tt0091278</imdb>
<year>1986</year>
</meta>
<link>
<sublink>search</sublink>
<sublink>searchsd</sublink>
</link>
</item>

<item>
<title>Iron Eagle II (1988)</title>
<thumbnail>https://image.tmdb.org/t/p/w500/86JBY9iKNk7ASZ0J69gYVYzkY2P.jpg</thumbnail>
<fanart>https://image.tmdb.org/t/p/w1280/7tpr9ETwl4ciMr10E4IDF2pL4ps.jpg</fanart>
<meta>
<content>movie</content>
<collection>Iron Eagle</collection>
<title>Iron Eagle II</title>
<imdb>tt0095382</imdb>
<year>1988</year>
</meta>
<link>
<sublink>search</sublink>
<sublink>searchsd</sublink>
</link>
</item>

<item>
<title>Aces: Iron Eagle III (1992)</title>
<thumbnail>https://image.tmdb.org/t/p/w500/ysYGHB5IbajHuIm11rh7ikxZ0V.jpg</thumbnail>
<fanart>https://image.tmdb.org/t/p/w1280/qu6gkdr8ANMwstt0ZWARNYhstJG.jpg</fanart>
<meta>
<content>movie</content>
<collection>Iron Eagle</collection>
<title>Aces: Iron Eagle III</title>
<imdb>tt0103617</imdb>
<year>1992</year>
</meta>
<link>
<sublink>search</sublink>
<sublink>searchsd</sublink>
</link>
</item>

