

<item>
<title>Iron Man (2008)</title>
<thumbnail>https://image.tmdb.org/t/p/w500/s2IG9qXfhJYxIttKyroYFBsHwzQ.jpg</thumbnail>
<fanart>https://image.tmdb.org/t/p/w1280/yFJnfYihqcUKqcYdwnixC29vQ2G.jpg</fanart>
<meta>
<content>movie</content>
<collection>Iron Man</collection>
<title>Iron Man</title>
<imdb>tt0371746</imdb>
<year>2008</year>
</meta>
<link>
<sublink>search</sublink>
<sublink>searchsd</sublink>
</link>
</item>

<item>
<title>Iron Man 2 (2010)</title>
<thumbnail>https://image.tmdb.org/t/p/w500/ArqpkNYGfcTIA6umWt6xihfIZZv.jpg</thumbnail>
<fanart>https://image.tmdb.org/t/p/w1280/wCGamBmBpayIXeIuaO66gTHwrbN.jpg</fanart>
<meta>
<content>movie</content>
<collection>Iron Man</collection>
<title>Iron Man 2</title>
<imdb>tt1228705</imdb>
<year>2010</year>
</meta>
<link>
<sublink>search</sublink>
<sublink>searchsd</sublink>
</link>
</item>

<item>
<title>Iron Man 3 (2013)</title>
<thumbnail>https://image.tmdb.org/t/p/w500/7XiGqZE8meUv7L4720L0tIDd7gO.jpg</thumbnail>
<fanart>https://image.tmdb.org/t/p/w1280/1fqcv0bcwkrK98i5exwfujyl3nP.jpg</fanart>
<meta>
<content>movie</content>
<collection>Iron Man</collection>
<title>Iron Man 3</title>
<imdb>tt1300854</imdb>
<year>2013</year>
</meta>
<link>
<sublink>search</sublink>
<sublink>searchsd</sublink>
</link>
</item>

