

<item>
<title>Jackass: The Movie (2002)</title>
<thumbnail>https://image.tmdb.org/t/p/w500/iCB8mLrRoMp6sFta1qgZyZgmu9W.jpg</thumbnail>
<fanart>https://image.tmdb.org/t/p/w1280/ljUOge9fGvyg47iK1GAjuNiVwBB.jpg</fanart>
<meta>
<content>movie</content>
<collection>Jackass</collection>
<title>Jackass: The Movie</title>
<imdb>tt0322802</imdb>
<year>2002</year>
</meta>
<link>
<sublink>search</sublink>
<sublink>searchsd</sublink>
</link>
</item>

<item>
<title>Jackass Number Two (2006)</title>
<thumbnail>https://image.tmdb.org/t/p/w500/tu4BZcdkAuah70ilVT30Wfo2HjF.jpg</thumbnail>
<fanart>https://image.tmdb.org/t/p/w1280/ad8TF1Vj8KTJRcXm0BLf6Ceey1o.jpg</fanart>
<meta>
<content>movie</content>
<collection>Jackass</collection>
<title>Jackass Number Two</title>
<imdb>tt0493430</imdb>
<year>2006</year>
</meta>
<link>
<sublink>search</sublink>
<sublink>searchsd</sublink>
</link>
</item>

<item>
<title>Jackass 3D (2010)</title>
<thumbnail>https://image.tmdb.org/t/p/w500/5j9VFEVjYn0FtqZGqDcmMPYSVoY.jpg</thumbnail>
<fanart>https://image.tmdb.org/t/p/w1280/b4INWqrkezuuzabR7p4TH0K2e1N.jpg</fanart>
<meta>
<content>movie</content>
<collection>Jackass</collection>
<title>Jackass 3D</title>
<imdb>tt1116184</imdb>
<year>2010</year>
</meta>
<link>
<sublink>search</sublink>
<sublink>searchsd</sublink>
</link>
</item>

<item>
<title>Bad Grandpa (2013)</title>
<thumbnail>https://image.tmdb.org/t/p/w500/9XJ1RICUVM8nxSHFphl5c6ZyQtH.jpg</thumbnail>
<fanart>https://image.tmdb.org/t/p/w1280/qPxbuKexc8842G6rPrQb3PV9cKq.jpg</fanart>
<meta>
<content>movie</content>
<collection>Jackass</collection>
<title>Bad Grandpa</title>
<imdb>tt3063516</imdb>
<year>2013</year>
</meta>
<link>
<sublink>search</sublink>
<sublink>searchsd</sublink>
</link>
</item>

