

<item>
<title>From Russia with Love (1963)</title>
<thumbnail>https://image.tmdb.org/t/p/w500/fvIG285JwenrV1K6kVASi1TECJ0.jpg</thumbnail>
<fanart>https://image.tmdb.org/t/p/w1280/yTMjGlNkPQYtZ1BPNF1dPrmsxOB.jpg</fanart>
<meta>
<content>movie</content>
<collection>James Bond</collection>
<title>From Russia with Love</title>
<imdb>tt0057076</imdb>
<year>1963</year>
</meta>
<link>
<sublink>search</sublink>
<sublink>searchsd</sublink>
</link>
</item>

<item>
<title>Goldfinger (1964)</title>
<thumbnail>https://image.tmdb.org/t/p/w500/1ND9h73lcaS9tAb1ltkJtPy3K3S.jpg</thumbnail>
<fanart>https://image.tmdb.org/t/p/w1280/aEjRAr79S1sodGvVX3YrdHaGVso.jpg</fanart>
<meta>
<content>movie</content>
<collection>James Bond</collection>
<title>Goldfinger</title>
<imdb>tt0058150</imdb>
<year>1964</year>
</meta>
<link>
<sublink>search</sublink>
<sublink>searchsd</sublink>
</link>
</item>

<item>
<title>Thunderball (1965)</title>
<thumbnail>https://image.tmdb.org/t/p/w500/fNdm3Y4nwpc7HrVPXOaQcktYw9Q.jpg</thumbnail>
<fanart>https://image.tmdb.org/t/p/w1280/sInF0TPDG59jrPPmyHCqSjiZlGy.jpg</fanart>
<meta>
<content>movie</content>
<collection>James Bond</collection>
<title>Thunderball</title>
<imdb>tt0059800</imdb>
<year>1965</year>
</meta>
<link>
<sublink>search</sublink>
<sublink>searchsd</sublink>
</link>
</item>

<item>
<title>You Only Live Twice (1967)</title>
<thumbnail>https://image.tmdb.org/t/p/w500/cre042xBwUv9NEDsSCiJkz1ChWN.jpg</thumbnail>
<fanart>https://image.tmdb.org/t/p/w1280/WKtcKNNR4Rg7DFQFYOyi7f6iBy.jpg</fanart>
<meta>
<content>movie</content>
<collection>James Bond</collection>
<title>You Only Live Twice</title>
<imdb>tt0062512</imdb>
<year>1967</year>
</meta>
<link>
<sublink>search</sublink>
<sublink>searchsd</sublink>
</link>
</item>

<item>
<title>On Her Majesty's Secret Service (1969)</title>
<thumbnail>https://image.tmdb.org/t/p/w500/pSnGOF0pSEfoMsMAz1oLkPqdCT1.jpg</thumbnail>
<fanart>https://image.tmdb.org/t/p/w1280/lPc4Kb4XTnEtdfEAnxjx82SkNpx.jpg</fanart>
<meta>
<content>movie</content>
<collection>James Bond</collection>
<title>On Her Majesty's Secret Service</title>
<imdb>tt0064757</imdb>
<year>1969</year>
</meta>
<link>
<sublink>search</sublink>
<sublink>searchsd</sublink>
</link>
</item>

<item>
<title>Diamonds Are Forever (1971)</title>
<thumbnail>https://image.tmdb.org/t/p/w500/viPjZ3JCOahcfNCcVhiPExusJoZ.jpg</thumbnail>
<fanart>https://image.tmdb.org/t/p/w1280/di2noQMWDJUyxP6d6M2H9ThwKGF.jpg</fanart>
<meta>
<content>movie</content>
<collection>James Bond</collection>
<title>Diamonds Are Forever</title>
<imdb>tt0066995</imdb>
<year>1971</year>
</meta>
<link>
<sublink>search</sublink>
<sublink>searchsd</sublink>
</link>
</item>

<item>
<title>Live and Let Die (1973)</title>
<thumbnail>https://image.tmdb.org/t/p/w500/smcdGfEPCrpsawRst1YBv934vFA.jpg</thumbnail>
<fanart>https://image.tmdb.org/t/p/w1280/eLLAXa0HJ5ozoufElPMVYiCTpcJ.jpg</fanart>
<meta>
<content>movie</content>
<collection>James Bond</collection>
<title>Live and Let Die</title>
<imdb>tt0070328</imdb>
<year>1973</year>
</meta>
<link>
<sublink>search</sublink>
<sublink>searchsd</sublink>
</link>
</item>

<item>
<title>The Man with the Golden Gun (1974)</title>
<thumbnail>https://image.tmdb.org/t/p/w500/uZgPBBdKpJgLZZkswddRrIlwlw4.jpg</thumbnail>
<fanart>https://image.tmdb.org/t/p/w1280/mariuikhetBWmrEQuW6wmYv5EnX.jpg</fanart>
<meta>
<content>movie</content>
<collection>James Bond</collection>
<title>The Man with the Golden Gun</title>
<imdb>tt0071807</imdb>
<year>1974</year>
</meta>
<link>
<sublink>search</sublink>
<sublink>searchsd</sublink>
</link>
</item>

<item>
<title>The Spy Who Loved Me (1977)</title>
<thumbnail>https://image.tmdb.org/t/p/w500/x5i18vhVMUnUf6Dc3eSAQ4WSglk.jpg</thumbnail>
<fanart>https://image.tmdb.org/t/p/w1280/2uBDOtfqUQywWC5xC5egTE0VRYH.jpg</fanart>
<meta>
<content>movie</content>
<collection>James Bond</collection>
<title>The Spy Who Loved Me</title>
<imdb>tt0076752</imdb>
<year>1977</year>
</meta>
<link>
<sublink>search</sublink>
<sublink>searchsd</sublink>
</link>
</item>

<item>
<title>Moonraker (1979)</title>
<thumbnail>https://image.tmdb.org/t/p/w500/bIiTYuG1NRtLZAY7lxOwNafn2BV.jpg</thumbnail>
<fanart>https://image.tmdb.org/t/p/w1280/2l9C4rRMXb1Y1kDhANRMshRlmgK.jpg</fanart>
<meta>
<content>movie</content>
<collection>James Bond</collection>
<title>Moonraker</title>
<imdb>tt0079574</imdb>
<year>1979</year>
</meta>
<link>
<sublink>search</sublink>
<sublink>searchsd</sublink>
</link>
</item>

<item>
<title>For Your Eyes Only (1981)</title>
<thumbnail>https://image.tmdb.org/t/p/w500/6vHmfgChXVTIJ0HuxanHeYfxu5b.jpg</thumbnail>
<fanart>https://image.tmdb.org/t/p/w1280/9yCjMVoeFET6dgC5sttYhsyauuh.jpg</fanart>
<meta>
<content>movie</content>
<collection>James Bond</collection>
<title>For Your Eyes Only</title>
<imdb>tt0082398</imdb>
<year>1981</year>
</meta>
<link>
<sublink>search</sublink>
<sublink>searchsd</sublink>
</link>
</item>

<item>
<title>Octopussy (1983)</title>
<thumbnail>https://image.tmdb.org/t/p/w500/s1GeJcwTclopbed1Bo2hjunSika.jpg</thumbnail>
<fanart>https://image.tmdb.org/t/p/w1280/wAjYvZ5IbCwvFMhOCLlVX4hpFW4.jpg</fanart>
<meta>
<content>movie</content>
<collection>James Bond</collection>
<title>Octopussy</title>
<imdb>tt0086034</imdb>
<year>1983</year>
</meta>
<link>
<sublink>search</sublink>
<sublink>searchsd</sublink>
</link>
</item>

<item>
<title>Never Say Never Again (1983)</title>
<thumbnail>https://image.tmdb.org/t/p/w500/s6FOcQhuKFh1pOHUIeB6jrlPtij.jpg</thumbnail>
<fanart>https://image.tmdb.org/t/p/w1280/2IBqm90N4k1HXyI9AlD5RzGWp5X.jpg</fanart>
<meta>
<content>movie</content>
<collection>James Bond</collection>
<title>Never Say Never Again</title>
<imdb>tt0086006</imdb>
<year>1983</year>
</meta>
<link>
<sublink>search</sublink>
<sublink>searchsd</sublink>
</link>
</item>

<item>
<title>A View to a Kill (1985)</title>
<thumbnail>https://image.tmdb.org/t/p/w500/1fXnKez9i8XGO2VqqQz2XYxhSDh.jpg</thumbnail>
<fanart>https://image.tmdb.org/t/p/w1280/6QdI6AzhP6ZcWox2PTbyhNA6tH9.jpg</fanart>
<meta>
<content>movie</content>
<collection>James Bond</collection>
<title>A View to a Kill</title>
<imdb>tt0090264</imdb>
<year>1985</year>
</meta>
<link>
<sublink>search</sublink>
<sublink>searchsd</sublink>
</link>
</item>

<item>
<title>The Living Daylights (1987)</title>
<thumbnail>https://image.tmdb.org/t/p/w500/yEryMe58dx7zm1QBhQFeuYcv2aH.jpg</thumbnail>
<fanart>https://image.tmdb.org/t/p/w1280/mlNKufbo7TzsuXB211oAmT4aGgU.jpg</fanart>
<meta>
<content>movie</content>
<collection>James Bond</collection>
<title>The Living Daylights</title>
<imdb>tt0093428</imdb>
<year>1987</year>
</meta>
<link>
<sublink>search</sublink>
<sublink>searchsd</sublink>
</link>
</item>

<item>
<title>Licence to Kill (1989)</title>
<thumbnail>https://image.tmdb.org/t/p/w500/nqf7XIikhuADO4VPD0anbVowtDL.jpg</thumbnail>
<fanart>https://image.tmdb.org/t/p/w1280/5nDGrO6jZniSOxrks69k3GpOo1R.jpg</fanart>
<meta>
<content>movie</content>
<collection>James Bond</collection>
<title>Licence to Kill</title>
<imdb>tt0097742</imdb>
<year>1989</year>
</meta>
<link>
<sublink>search</sublink>
<sublink>searchsd</sublink>
</link>
</item>

<item>
<title>GoldenEye (1995)</title>
<thumbnail>https://image.tmdb.org/t/p/w500/50fxZ2GdbSZt6HsyVVl6bSmoUkg.jpg</thumbnail>
<fanart>https://image.tmdb.org/t/p/w1280/dA9I0Vd9OZzRQ2GyGcsFXdKGMz3.jpg</fanart>
<meta>
<content>movie</content>
<collection>James Bond</collection>
<title>GoldenEye</title>
<imdb>tt0113189</imdb>
<year>1995</year>
</meta>
<link>
<sublink>search</sublink>
<sublink>searchsd</sublink>
</link>
</item>

<item>
<title>Tomorrow Never Dies (1997)</title>
<thumbnail>https://image.tmdb.org/t/p/w500/k3eI9q7ISgpDEu2CMwR2s6inJVp.jpg</thumbnail>
<fanart>https://image.tmdb.org/t/p/w1280/ovHHN2CcrF1pyPgErVZTNPapWmf.jpg</fanart>
<meta>
<content>movie</content>
<collection>James Bond</collection>
<title>Tomorrow Never Dies</title>
<imdb>tt0120347</imdb>
<year>1997</year>
</meta>
<link>
<sublink>search</sublink>
<sublink>searchsd</sublink>
</link>
</item>

<item>
<title>The World Is Not Enough (1999)</title>
<thumbnail>https://image.tmdb.org/t/p/w500/aPfALBxfgx2tsbTwRMR1MbNHSvn.jpg</thumbnail>
<fanart>https://image.tmdb.org/t/p/w1280/2brjuHQ4UlMoLLEhjoSOAzpXKcU.jpg</fanart>
<meta>
<content>movie</content>
<collection>James Bond</collection>
<title>The World Is Not Enough</title>
<imdb>tt0143145</imdb>
<year>1999</year>
</meta>
<link>
<sublink>search</sublink>
<sublink>searchsd</sublink>
</link>
</item>

<item>
<title>Die Another Day (2002)</title>
<thumbnail>https://image.tmdb.org/t/p/w500/2EVXl6vzD50rg6IwZCSHlcVucjO.jpg</thumbnail>
<fanart>https://image.tmdb.org/t/p/w1280/pAsjLXzu5V7DIgUprsnaFJyRQkj.jpg</fanart>
<meta>
<content>movie</content>
<collection>James Bond</collection>
<title>Die Another Day</title>
<imdb>tt0246460</imdb>
<year>2002</year>
</meta>
<link>
<sublink>search</sublink>
<sublink>searchsd</sublink>
</link>
</item>

<item>
<title>Casino Royale (2006)</title>
<thumbnail>https://image.tmdb.org/t/p/w500/zlWBxz2pTA9p45kUTrI8AQiKrHm.jpg</thumbnail>
<fanart>https://image.tmdb.org/t/p/w1280/kQsoK8QIImUqSLPSYaIIAXE9HR7.jpg</fanart>
<meta>
<content>movie</content>
<collection>James Bond</collection>
<title>Casino Royale</title>
<imdb>tt0381061</imdb>
<year>2006</year>
</meta>
<link>
<sublink>search</sublink>
<sublink>searchsd</sublink>
</link>
</item>

<item>
<title>Quantum of Solace (2008)</title>
<thumbnail>https://image.tmdb.org/t/p/w500/6mlNx0Jiqhg3D7NlANT9pidsgPJ.jpg</thumbnail>
<fanart>https://image.tmdb.org/t/p/w1280/hmth2jdH6iF2bmkDP93BzTWIEKR.jpg</fanart>
<meta>
<content>movie</content>
<collection>James Bond</collection>
<title>Quantum of Solace</title>
<imdb>tt0830515</imdb>
<year>2008</year>
</meta>
<link>
<sublink>search</sublink>
<sublink>searchsd</sublink>
</link>
</item>

<item>
<title>Skyfall (2012)</title>
<thumbnail>https://image.tmdb.org/t/p/w500/lQCkPLDxFONmgzrWLvq085v1g2d.jpg</thumbnail>
<fanart>https://image.tmdb.org/t/p/w1280/3Jd4KZzw8EkUPZMOj5HE8mulfFR.jpg</fanart>
<meta>
<content>movie</content>
<collection>James Bond</collection>
<title>Skyfall</title>
<imdb>tt1074638</imdb>
<year>2012</year>
</meta>
<link>
<sublink>search</sublink>
<sublink>searchsd</sublink>
</link>
</item>

<item>
<title>Spectre (2015)</title>
<thumbnail>https://image.tmdb.org/t/p/w500/1n9D32o30XOHMdMWuIT4AaA5ruI.jpg</thumbnail>
<fanart>https://image.tmdb.org/t/p/w1280/BaBj3DJbjYIL8PzopJGwGqQ4u6.jpg</fanart>
<meta>
<content>movie</content>
<collection>James Bond</collection>
<title>Spectre</title>
<imdb>tt2379713</imdb>
<year>2015</year>
</meta>
<link>
<sublink>search</sublink>
<sublink>searchsd</sublink>
</link>
</item>

