

<item>
<title>Kick-Ass (2010)</title>
<thumbnail>https://image.tmdb.org/t/p/w500/gtfggr5n3ED1neoTqVYmsVCoSS.jpg</thumbnail>
<fanart>https://image.tmdb.org/t/p/w1280/wCAE3AFT8oVxD2y80z5EYB0AhEv.jpg</fanart>
<meta>
<content>movie</content>
<collection>Kick-Ass</collection>
<title>Kick-Ass</title>
<imdb>tt1250777</imdb>
<year>2010</year>
</meta>
<link>
<sublink>search</sublink>
<sublink>searchsd</sublink>
</link>
</item>

<item>
<title>Kick-Ass 2 (2013)</title>
<thumbnail>https://image.tmdb.org/t/p/w500/xEDiYvObe2enHa5utvbJlnbp0KJ.jpg</thumbnail>
<fanart>https://image.tmdb.org/t/p/w1280/r8ih7Fhn2j5Iu1eMcGbk2QxM1fx.jpg</fanart>
<meta>
<content>movie</content>
<collection>Kick-Ass</collection>
<title>Kick-Ass 2</title>
<imdb>tt1650554</imdb>
<year>2013</year>
</meta>
<link>
<sublink>search</sublink>
<sublink>searchsd</sublink>
</link>
</item>

