

<item>
<title>Legally Blonde (2001)</title>
<thumbnail>https://image.tmdb.org/t/p/w500/1gAnkZNAd3HqgWL7aqSOQFwt7D1.jpg</thumbnail>
<fanart>https://image.tmdb.org/t/p/w1280/rusiQnUaorH0Z71hYMsrR8Ortrf.jpg</fanart>
<meta>
<content>movie</content>
<collection>Legally Blonde</collection>
<title>Legally Blonde</title>
<imdb>tt0250494</imdb>
<year>2001</year>
</meta>
<link>
<sublink>search</sublink>
<sublink>searchsd</sublink>
</link>
</item>

<item>
<title>Legally Blonde 2: Red, White & Blonde (2003)</title>
<thumbnail>https://image.tmdb.org/t/p/w500/wECfNeNPTO5stVguJZ4lWYzd3J6.jpg</thumbnail>
<fanart>https://image.tmdb.org/t/p/w1280/tL3SZbZbwnY4lODLiYLP0Nn33Gs.jpg</fanart>
<meta>
<content>movie</content>
<collection>Legally Blonde</collection>
<title>Legally Blonde 2: Red, White & Blonde</title>
<imdb>tt0333780</imdb>
<year>2003</year>
</meta>
<link>
<sublink>search</sublink>
<sublink>searchsd</sublink>
</link>
</item>

