#######################################################################################
<layouttype>List</layouttype>
#######################################################################################


<dir>
	<name>[I]MOVIE OF THE WEEK[/I]</name>
	<link>file://movies/motw.xml</link>
	<thumbnail>https://raw.githubusercontent.com/Daffy81/deathrowaddon/master/xml/images/motw.png</thumbnail>
</dir>

<dir>
	<title>[B]ANIME[/B]</title>
	<tmdb>list/3321</tmdb>
	<thumbnail>https://raw.githubusercontent.com/Daffy81/deathrowaddon/master/xml/images/anime.png</thumbnail>
</dir>

<dir>
	<title>[B]MOST POPULAR MOVIES[/B]</title>
	<imdburl>chart/moviemeter</imdburl>
	<thumbnail>https://raw.githubusercontent.com/Daffy81/deathrowaddon/master/xml/images/mpop.png</thumbnail>
</dir>

<dir>
	<title>[B]IN THEATRES NOW[/B]</title>
	<imdburl>years/2018</imdburl>
	<thumbnail>https://raw.githubusercontent.com/Daffy81/deathrowaddon/master/xml/images/intheatres.png</thumbnail>
</dir>

<dir>
	<name>[B][COLOR gold]IMDB[/COLOR] Movies[/B]</name>
	<link>file://movies/imdbtag.xml</link>
	<thumbnail>https://raw.githubusercontent.com/Daffy81/deathrowaddon/master/xml/images/imdbmov.png</thumbnail>
</dir>

<dir>
	<name>[B][COLOR gold]TMDB[/COLOR] Movies[/B]</name>
	<link>file://movies/tmdb.xml</link>
	<thumbnail>https://raw.githubusercontent.com/Daffy81/deathrowaddon/master/xml/images/tmdbmov.png</thumbnail>
</dir>

<dir>
	<name>[B][COLOR gold]TRAKT[/COLOR] Movies[/B]</name>
	<link>file://movies/trakt.xml</link>
	<thumbnail>https://raw.githubusercontent.com/Daffy81/deathrowaddon/master/xml/images/traktmov.png</thumbnail>
</dir>

<dir>
	<title>[B]Real TV[/B]</title>
	<trakt>https://api.trakt.tv/users/ren3gade/lists/bob-list/items</trakt>
	<thumbnail>https://raw.githubusercontent.com/Daffy81/deathrowaddon/master/xml/images/realtv.png</thumbnail>
</dir>

<dir>
	<name>[B]TV Networks[/B]</name>
	<link>file://tvshows/networks.xml</link>
	<thumbnail>https://raw.githubusercontent.com/Daffy81/deathrowaddon/master/xml/images/tvnetworks.png</thumbnail>
</dir>

<dir>
	<name>[B][COLOR gold]IMDB[/COLOR] TV SHOWS[/B]</name>
	<link>file://tvshows/imdbtag.xml</link>
	<thumbnail>https://raw.githubusercontent.com/Daffy81/deathrowaddon/master/xml/images/imdbtv.png</thumbnail>
</dir>

<dir>
	<name>[B][COLOR gold]TMDB[/COLOR] TV SHOWS[/B]</name>
	<link>file://tvshows/tmdb.xml</link>
	<thumbnail>https://raw.githubusercontent.com/Daffy81/deathrowaddon/master/xml/images/tmdbtv.png</thumbnail>
</dir>

<dir>
	<name>[B][COLOR gold]TRAKT[/COLOR] TV SHOWS[/B]</name>
	<link>file://tvshows/trakt.xml</link>
	<thumbnail>https://raw.githubusercontent.com/Daffy81/deathrowaddon/master/xml/images/trakttv.png</thumbnail>
</dir>

<dir>
	<title>[B]SEARCH[/B]</title>
	<trakt>search</trakt>
	<thumbnail>https://raw.githubusercontent.com/Daffy81/deathrowaddon/master/xml/images/search.png</thumbnail>
</dir>
