

<item>
<title>21 Jump Street (2012)</title>
<thumbnail>https://image.tmdb.org/t/p/w500/mH6xazzfGdszadd1Xy9JgdZYvn1.jpg</thumbnail>
<fanart>https://image.tmdb.org/t/p/w1280/uOpFdld7CIifSEoGuRVgWqaeyFs.jpg</fanart>
<meta>
<content>movie</content>
<collection>21 Jump Street</collection>
<title>21 Jump Street</title>
<imdb>tt1232829</imdb>
<year>2012</year>
</meta>
<link>
<sublink>search</sublink>
<sublink>searchsd</sublink>
</link>
</item>

<item>
<title>22 Jump Street (2014)</title>
<thumbnail>https://image.tmdb.org/t/p/w500/gNlV5FhDZ1PjxSv2aqTPS30GEon.jpg</thumbnail>
<fanart>https://image.tmdb.org/t/p/w1280/9NmTVqQ9f2ltecPZgXIj4Bk2c6s.jpg</fanart>
<meta>
<content>movie</content>
<collection>21 Jump Street</collection>
<title>22 Jump Street</title>
<imdb>tt2294449</imdb>
<year>2014</year>
</meta>
<link>
<sublink>search</sublink>
<sublink>searchsd</sublink>
</link>
</item>

