

<item>
<title>28 Days Later... (2002)</title>
<thumbnail>https://image.tmdb.org/t/p/w500/mGzvGrR74P0Mm2qE2M64ffOJ1Pv.jpg</thumbnail>
<fanart>https://image.tmdb.org/t/p/w1280/kKpi6qmiJC9QF2iZ5zFRP1c8808.jpg</fanart>
<meta>
<content>movie</content>
<collection>28 Days Later</collection>
<title>28 Days Later...</title>
<imdb>tt0289043</imdb>
<year>2002</year>
</meta>
<link>
<sublink>search</sublink>
<sublink>searchsd</sublink>
</link>
</item>

<item>
<title>28 Weeks Later (2007)</title>
<thumbnail>https://image.tmdb.org/t/p/w500/kcJ99AtUykDhpzfQOApsViQa3fj.jpg</thumbnail>
<fanart>https://image.tmdb.org/t/p/w1280/eoTQD8JxMbQuaPJ0ATcVknRKRs1.jpg</fanart>
<meta>
<content>movie</content>
<collection>28 Days Later</collection>
<title>28 Weeks Later</title>
<imdb>tt0463854</imdb>
<year>2007</year>
</meta>
<link>
<sublink>search</sublink>
<sublink>searchsd</sublink>
</link>
</item>

