

<item>
<title>A Fish Called Wanda (1988)</title>
<thumbnail>https://image.tmdb.org/t/p/w500/9gZZyQ8XStpUJBFU1ceU4xx1crv.jpg</thumbnail>
<fanart>https://image.tmdb.org/t/p/w1280/8Wc8XNvthN6b9Bm8gxv06RpRPvW.jpg</fanart>
<meta>
<content>movie</content>
<collection>A Fish Called Wanda</collection>
<title>A Fish Called Wanda</title>
<imdb>tt0095159</imdb>
<year>1988</year>
</meta>
<link>
<sublink>search</sublink>
<sublink>searchsd</sublink>
</link>
</item>

<item>
<title>Fierce Creatures (1997)</title>
<thumbnail>https://image.tmdb.org/t/p/w500/yS9g8DFgBoZodWOZqCEHq7unkrO.jpg</thumbnail>
<fanart>https://image.tmdb.org/t/p/w1280/utHwPa0nSPJrY0XYVX1sVMP8JGX.jpg</fanart>
<meta>
<content>movie</content>
<collection>A Fish Called Wanda</collection>
<title>Fierce Creatures</title>
<imdb>tt0119115</imdb>
<year>1997</year>
</meta>
<link>
<sublink>search</sublink>
<sublink>searchsd</sublink>
</link>
</item>

