

<item>
<title>Airplane! (1980)</title>
<thumbnail>https://image.tmdb.org/t/p/w500/b4sAWNIbfXw4WTdc1wiVRBk2Vko.jpg</thumbnail>
<fanart>https://image.tmdb.org/t/p/w1280/aLmLDLCPeHFK593vPBVwrbboBgr.jpg</fanart>
<meta>
<content>movie</content>
<collection>Airplane</collection>
<title>Airplane!</title>
<imdb>tt0080339</imdb>
<year>1980</year>
</meta>
<link>
<sublink>search</sublink>
<sublink>searchsd</sublink>
</link>
</item>

<item>
<title>Airplane II: The Sequel (1982)</title>
<thumbnail>https://image.tmdb.org/t/p/w500/pjI6j5sVTxJXuxnr2JM2FgvyFXS.jpg</thumbnail>
<fanart>https://image.tmdb.org/t/p/w1280/6Hgh9YqJ7LME9kT8atMIBVmnhBY.jpg</fanart>
<meta>
<content>movie</content>
<collection>Airplane</collection>
<title>Airplane II: The Sequel</title>
<imdb>tt0083530</imdb>
<year>1982</year>
</meta>
<link>
<sublink>search</sublink>
<sublink>searchsd</sublink>
</link>
</item>

