

<item>
<title>Airport (1970)</title>
<thumbnail>https://image.tmdb.org/t/p/w500/lKRsOCB1FlZYD7tYPHValBAqmwm.jpg</thumbnail>
<fanart>https://image.tmdb.org/t/p/w1280/u3HFkQBuOF3PMgTvKL0k3ZMl1am.jpg</fanart>
<meta>
<content>movie</content>
<collection>Airport</collection>
<title>Airport</title>
<imdb>tt0065377</imdb>
<year>1970</year>
</meta>
<link>
<sublink>search</sublink>
<sublink>searchsd</sublink>
</link>
</item>

<item>
<title>Airport 1975 (1974)</title>
<thumbnail>https://image.tmdb.org/t/p/w500/53M89n1LDl20ZCAhqEadjTVc0Ml.jpg</thumbnail>
<fanart>https://image.tmdb.org/t/p/w1280/e5MP0pHZdcF48PAGtJTgss4qsV8.jpg</fanart>
<meta>
<content>movie</content>
<collection>Airport</collection>
<title>Airport 1975</title>
<imdb>tt0071110</imdb>
<year>1974</year>
</meta>
<link>
<sublink>search</sublink>
<sublink>searchsd</sublink>
</link>
</item>

<item>
<title>Airport '77 (1977)</title>
<thumbnail>https://image.tmdb.org/t/p/w500/echH0kwWhK6qlZkI7LPWW5GySGm.jpg</thumbnail>
<fanart>https://image.tmdb.org/t/p/w1280/wioNLmjqP9T6KoyLpg4A8M5gywm.jpg</fanart>
<meta>
<content>movie</content>
<collection>Airport</collection>
<title>Airport '77</title>
<imdb>tt0075648</imdb>
<year>1977</year>
</meta>
<link>
<sublink>search</sublink>
<sublink>searchsd</sublink>
</link>
</item>

<item>
<title>The Concorde... Airport '79 (1979)</title>
<thumbnail>https://image.tmdb.org/t/p/w500/cVW9xAt6G3RqCWsnJ2C1AfaeAvh.jpg</thumbnail>
<fanart>https://image.tmdb.org/t/p/w1280/6bzSH4UShwZp5JlwvRHyJ4ct6Bt.jpg</fanart>
<meta>
<content>movie</content>
<collection>Airport</collection>
<title>The Concorde... Airport '79</title>
<imdb>tt0078740</imdb>
<year>1979</year>
</meta>
<link>
<sublink>search</sublink>
<sublink>searchsd</sublink>
</link>
</item>

