

<item>
<title>Alien (1979)</title>
<thumbnail>https://image.tmdb.org/t/p/w500/2h00HrZs89SL3tXB4nbkiM7BKHs.jpg</thumbnail>
<fanart>https://image.tmdb.org/t/p/w1280/sFypwWxELcrYLEQk8wNyzeNVQPr.jpg</fanart>
<meta>
<content>movie</content>
<collection>Alien</collection>
<title>Alien</title>
<imdb>tt0078748</imdb>
<year>1979</year>
</meta>
<link>
<sublink>search</sublink>
<sublink>searchsd</sublink>
</link>
</item>

<item>
<title>Aliens (1986)</title>
<thumbnail>https://image.tmdb.org/t/p/w500/nORMXEkYEbzkU5WkMWMgRDJwjSZ.jpg</thumbnail>
<fanart>https://image.tmdb.org/t/p/w1280/r2zB2vGLDQVxlRZISH7KzQ6reiC.jpg</fanart>
<meta>
<content>movie</content>
<collection>Alien</collection>
<title>Aliens</title>
<imdb>tt0090605</imdb>
<year>1986</year>
</meta>
<link>
<sublink>search</sublink>
<sublink>searchsd</sublink>
</link>
</item>

<item>
<title>Alien 3 (1992)</title>
<thumbnail>https://image.tmdb.org/t/p/w500/vz1vBw17F0x42bhziHdYRJC9uCv.jpg</thumbnail>
<fanart>https://image.tmdb.org/t/p/w1280/mg8VWsT7I1r6w4xEQ82FdgB1dpK.jpg</fanart>
<meta>
<content>movie</content>
<collection>Alien</collection>
<title>Alien 3</title>
<imdb>tt0103644</imdb>
<year>1992</year>
</meta>
<link>
<sublink>search</sublink>
<sublink>searchsd</sublink>
</link>
</item>

<item>
<title>Alien: Resurrection (1997)</title>
<thumbnail>https://image.tmdb.org/t/p/w500/39WJ2YoLoWyDHxpTIwWT7AOKtZT.jpg</thumbnail>
<fanart>https://image.tmdb.org/t/p/w1280/hPxGWqBnHIOOz5c3xsdolgStiHd.jpg</fanart>
<meta>
<content>movie</content>
<collection>Alien</collection>
<title>Alien: Resurrection</title>
<imdb>tt0118583</imdb>
<year>1997</year>
</meta>
<link>
<sublink>search</sublink>
<sublink>searchsd</sublink>
</link>
</item>

<item>
<title>AVP: Alien vs. Predator (2004)</title>
<thumbnail>https://image.tmdb.org/t/p/w500/9xzRKUBIqLwhhOYtcE7P1BbWXP9.jpg</thumbnail>
<fanart>https://image.tmdb.org/t/p/w1280/v3vfWGndLwrAj9KyNSHcOVJF5ys.jpg</fanart>
<meta>
<content>movie</content>
<collection>Alien</collection>
<title>AVP: Alien vs. Predator</title>
<imdb>tt0370263</imdb>
<year>2004</year>
</meta>
<link>
<sublink>search</sublink>
<sublink>searchsd</sublink>
</link>
</item>

<item>
<title>Aliens vs. Predator: Requiem (2007)</title>
<thumbnail>https://image.tmdb.org/t/p/w500/bpA5nTpqb6qLWYwmyN61dViKrRt.jpg</thumbnail>
<fanart>https://image.tmdb.org/t/p/w1280/tK7m5c23flz3od8e73ATpLUVKO3.jpg</fanart>
<meta>
<content>movie</content>
<collection>Alien</collection>
<title>Aliens vs. Predator: Requiem</title>
<imdb>tt0758730</imdb>
<year>2007</year>
</meta>
<link>
<sublink>search</sublink>
<sublink>searchsd</sublink>
</link>
</item>

<item>
<title>Prometheus (2012)</title>
<thumbnail>https://image.tmdb.org/t/p/w500/sRbTWQn9Djs0wW8k3nkUun5ZBnt.jpg</thumbnail>
<fanart>https://image.tmdb.org/t/p/w1280/uDGj8xkx1hll8U5WAXX7LcWtsJg.jpg</fanart>
<meta>
<content>movie</content>
<collection>Alien</collection>
<title>Prometheus</title>
<imdb>tt1446714</imdb>
<year>2012</year>
</meta>
<link>
<sublink>search</sublink>
<sublink>searchsd</sublink>
</link>
</item>

