

<item>
<title>Anchorman: The Legend of Ron Burgundy (2004)</title>
<thumbnail>https://image.tmdb.org/t/p/w500/pdy6TWKUbSC9vtmxsFA73FZBVP3.jpg</thumbnail>
<fanart>https://image.tmdb.org/t/p/w1280/8WsItKHM14rhyG8hW6hswkAtVu.jpg</fanart>
<meta>
<content>movie</content>
<collection>Anchorman</collection>
<title>Anchorman: The Legend of Ron Burgundy</title>
<imdb>tt0357413</imdb>
<year>2004</year>
</meta>
<link>
<sublink>search</sublink>
<sublink>searchsd</sublink>
</link>
</item>

<item>
<title>Anchorman 2: The Legend Continues (2013)</title>
<thumbnail>https://image.tmdb.org/t/p/w500/66HbvNKmfxYoOHAp1IVIYQsFoeA.jpg</thumbnail>
<fanart>https://image.tmdb.org/t/p/w1280/mTMnfiWuvhbCdez9LAzbYy0vLSG.jpg</fanart>
<meta>
<content>movie</content>
<collection>Anchorman</collection>
<title>Anchorman 2: The Legend Continues</title>
<imdb>tt1229340</imdb>
<year>2013</year>
</meta>
<link>
<sublink>search</sublink>
<sublink>searchsd</sublink>
</link>
</item>

