

<item>
<title>Angel (1984)</title>
<thumbnail>https://image.tmdb.org/t/p/w500/3O7VwsGQdgqjChRxSZwPjjYND6m.jpg</thumbnail>
<fanart>https://image.tmdb.org/t/p/w1280/5m7zi5ndJludQeRAKK6j1FoZVUK.jpg</fanart>
<meta>
<content>movie</content>
<collection>Angel</collection>
<title>Angel</title>
<imdb>tt0086896</imdb>
<year>1984</year>
</meta>
<link>
<sublink>search</sublink>
<sublink>searchsd</sublink>
</link>
</item>

<item>
<title>Avenging Angel (1985)</title>
<thumbnail>https://image.tmdb.org/t/p/w500/qdbeURUt4AVqmVNGvDKegA0ExjP.jpg</thumbnail>
<fanart>https://image.tmdb.org/t/p/w1280/fmLI7koLChovmGu6kMBbsjsahAx.jpg</fanart>
<meta>
<content>movie</content>
<collection>Angel</collection>
<title>Avenging Angel</title>
<imdb>tt0088757</imdb>
<year>1985</year>
</meta>
<link>
<sublink>search</sublink>
<sublink>searchsd</sublink>
</link>
</item>

