

<item>
<title>Around the World in Eighty Days (1956)</title>
<thumbnail>https://image.tmdb.org/t/p/w500/2vLu9eVefJ6WK3OJnlLQQE4lSw5.jpg</thumbnail>
<fanart>https://image.tmdb.org/t/p/w1280/lYDstR3BYCkS7IMnbYwvJuHBTt4.jpg</fanart>
<meta>
<content>movie</content>
<collection>Around the World in 80 Days</collection>
<title>Around the World in Eighty Days</title>
<imdb>tt0048960</imdb>
<year>1956</year>
</meta>
<link>
<sublink>search</sublink>
<sublink>searchsd</sublink>
</link>
</item>

<item>
<title>Around the World in 80 Days (2004)</title>
<thumbnail>https://image.tmdb.org/t/p/w500/2glntoCztzLkfjajsJKNOSY0vpn.jpg</thumbnail>
<fanart>https://image.tmdb.org/t/p/w1280/cNfamPRTIrXQIakaFwKbsWZeA3E.jpg</fanart>
<meta>
<content>movie</content>
<collection>Around the World in 80 Days</collection>
<title>Around the World in 80 Days</title>
<imdb>tt0327437</imdb>
<year>2004</year>
</meta>
<link>
<sublink>search</sublink>
<sublink>searchsd</sublink>
</link>
</item>

