

<item>
<title>Baby Geniuses (1999)</title>
<thumbnail>https://image.tmdb.org/t/p/w500/jQfj2mST2uRbRbYG8qKcdqb6JCM.jpg</thumbnail>
<fanart>https://image.tmdb.org/t/p/w1280/bkiITWsN6r0xI2fXtgAFHQoBZN5.jpg</fanart>
<meta>
<content>movie</content>
<collection>Baby Geniuses</collection>
<title>Baby Geniuses</title>
<imdb>tt0118665</imdb>
<year>1999</year>
</meta>
<link>
<sublink>search</sublink>
<sublink>searchsd</sublink>
</link>
</item>

<item>
<title>Superbabies: Baby Geniuses 2 (2004)</title>
<thumbnail>https://image.tmdb.org/t/p/w500/6hgyJmeFmoX3cSGbbPaUA7HnpCW.jpg</thumbnail>
<fanart>https://image.tmdb.org/t/p/w1280/v2mKSoLewP3IrNcUZmdBvUnoSQQ.jpg</fanart>
<meta>
<content>movie</content>
<collection>Baby Geniuses</collection>
<title>Superbabies: Baby Geniuses 2</title>
<imdb>tt0270846</imdb>
<year>2004</year>
</meta>
<link>
<sublink>search</sublink>
<sublink>searchsd</sublink>
</link>
</item>

