

<item>
<title>Beverly Hills Cop (1984)</title>
<thumbnail>https://image.tmdb.org/t/p/w500/s7n0rS2Ff85SuSpqYG3ndkmdQf4.jpg</thumbnail>
<fanart>https://image.tmdb.org/t/p/w1280/38aEFo3chy25jobknuIX0WTF0Xl.jpg</fanart>
<meta>
<content>movie</content>
<collection>Beverly Hills Cop</collection>
<title>Beverly Hills Cop</title>
<imdb>tt0086960</imdb>
<year>1984</year>
</meta>
<link>
<sublink>search</sublink>
<sublink>searchsd</sublink>
</link>
</item>

<item>
<title>Beverly Hills Cop II (1987)</title>
<thumbnail>https://image.tmdb.org/t/p/w500/2y1z1baxKT0coTTRlnkI6McnR9f.jpg</thumbnail>
<fanart>https://image.tmdb.org/t/p/w1280/cJNsKSbUypR3PHv5UZREsWpi4Io.jpg</fanart>
<meta>
<content>movie</content>
<collection>Beverly Hills Cop</collection>
<title>Beverly Hills Cop II</title>
<imdb>tt0092644</imdb>
<year>1987</year>
</meta>
<link>
<sublink>search</sublink>
<sublink>searchsd</sublink>
</link>
</item>

<item>
<title>Beverly Hills Cop III (1994)</title>
<thumbnail>https://image.tmdb.org/t/p/w500/tw9gAhqQcBFX0X0XfVbWqUsmzoU.jpg</thumbnail>
<fanart>https://image.tmdb.org/t/p/w1280/3AIQjSTinGeUGbMOhx3Htx7v1tI.jpg</fanart>
<meta>
<content>movie</content>
<collection>Beverly Hills Cop</collection>
<title>Beverly Hills Cop III</title>
<imdb>tt0109254</imdb>
<year>1994</year>
</meta>
<link>
<sublink>search</sublink>
<sublink>searchsd</sublink>
</link>
</item>

