

<item>
<title>The Blair Witch Project (1999)</title>
<thumbnail>https://image.tmdb.org/t/p/w500/ip2IqmvCqFzvPe8RAHpT1My6XM9.jpg</thumbnail>
<fanart>https://image.tmdb.org/t/p/w1280/rEUhIQZCk9ZAhyEyRFG0wPLYdXn.jpg</fanart>
<meta>
<content>movie</content>
<collection>Blair Witch Project</collection>
<title>The Blair Witch Project</title>
<imdb>tt0185937</imdb>
<year>1999</year>
</meta>
<link>
<sublink>search</sublink>
<sublink>searchsd</sublink>
</link>
</item>

<item>
<title>Book of Shadows: Blair Witch 2 (2000)</title>
<thumbnail>https://image.tmdb.org/t/p/w500/2XZFTGZIvvgzbk8dw9vMywb5LZr.jpg</thumbnail>
<fanart>https://image.tmdb.org/t/p/w1280/uXMU7AyHvieg4roUK5qOyVzounp.jpg</fanart>
<meta>
<content>movie</content>
<collection>Blair Witch Project</collection>
<title>Book of Shadows: Blair Witch 2</title>
<imdb>tt0229260</imdb>
<year>2000</year>
</meta>
<link>
<sublink>search</sublink>
<sublink>searchsd</sublink>
</link>
</item>

<item>
<title>Blair Witch (2016)</title>
<thumbnail>https://image.tmdb.org/t/p/w500/kqmGs9q5WZkxKub60K6pU37GdvU.jpg</thumbnail>
<fanart>https://image.tmdb.org/t/p/w1280/njj4Zk1ZEMNVvSO68BHHRHgqkcv.jpg</fanart>
<meta>
<content>movie</content>
<collection>Blair Witch Project</collection>
<title>Blair Witch</title>
<imdb>tt1540011</imdb>
<year>2016</year>
</meta>
<link>
<sublink>search</sublink>
<sublink>searchsd</sublink>
</link>
</item>

