

<item>
<title>The Blues Brothers (1980)</title>
<thumbnail>https://image.tmdb.org/t/p/w500/6hesUNBkpVRqBTBw2HlTg0h8b56.jpg</thumbnail>
<fanart>https://image.tmdb.org/t/p/w1280/z10xSYvsX7vV0FTbSaX334tOUBB.jpg</fanart>
<meta>
<content>movie</content>
<collection>Blues Brothers</collection>
<title>The Blues Brothers</title>
<imdb>tt0080455</imdb>
<year>1980</year>
</meta>
<link>
<sublink>search</sublink>
<sublink>searchsd</sublink>
</link>
</item>

<item>
<title>Blues Brothers 2000 (1998)</title>
<thumbnail>https://image.tmdb.org/t/p/w500/87FRtfvpH6nGhGRIDymcNGn6duK.jpg</thumbnail>
<fanart>https://image.tmdb.org/t/p/w1280/9HZFgyeEbIYEhtJP6bsgD3QFzfF.jpg</fanart>
<meta>
<content>movie</content>
<collection>Blues Brothers</collection>
<title>Blues Brothers 2000</title>
<imdb>tt0118747</imdb>
<year>1998</year>
</meta>
<link>
<sublink>search</sublink>
<sublink>searchsd</sublink>
</link>
</item>

