

<item>
<title>The Bourne Identity (2002)</title>
<thumbnail>https://image.tmdb.org/t/p/w500/bXQIL36VQdzJ69lcjQR1WQzJqQR.jpg</thumbnail>
<fanart>https://image.tmdb.org/t/p/w1280/oVqa54I9ohuYjrzeMcDfJ3EVjJk.jpg</fanart>
<meta>
<content>movie</content>
<collection>Bourne</collection>
<title>The Bourne Identity</title>
<imdb>tt0258463</imdb>
<year>2002</year>
</meta>
<link>
<sublink>search</sublink>
<sublink>searchsd</sublink>
</link>
</item>

<item>
<title>The Bourne Supremacy (2004)</title>
<thumbnail>https://image.tmdb.org/t/p/w500/6a74OaZArLNNDHK9SdiLBUu2JYj.jpg</thumbnail>
<fanart>https://image.tmdb.org/t/p/w1280/tlhG1Jt8mYGb6o3dykPVQyURb7w.jpg</fanart>
<meta>
<content>movie</content>
<collection>Bourne</collection>
<title>The Bourne Supremacy</title>
<imdb>tt0372183</imdb>
<year>2004</year>
</meta>
<link>
<sublink>search</sublink>
<sublink>searchsd</sublink>
</link>
</item>

<item>
<title>The Bourne Ultimatum (2007)</title>
<thumbnail>https://image.tmdb.org/t/p/w500/fHho6JYYY0nRcETWSoeI19iZsNF.jpg</thumbnail>
<fanart>https://image.tmdb.org/t/p/w1280/gW5Fyf1Z3OcYutmhtJfdr57upi9.jpg</fanart>
<meta>
<content>movie</content>
<collection>Bourne</collection>
<title>The Bourne Ultimatum</title>
<imdb>tt0440963</imdb>
<year>2007</year>
</meta>
<link>
<sublink>search</sublink>
<sublink>searchsd</sublink>
</link>
</item>

<item>
<title>The Bourne Legacy (2012)</title>
<thumbnail>https://image.tmdb.org/t/p/w500/AnKnLsybNhnibvA3mba1ct9Nnb6.jpg</thumbnail>
<fanart>https://image.tmdb.org/t/p/w1280/fisDHJg3ferAlLECaEOnzHcK12q.jpg</fanart>
<meta>
<content>movie</content>
<collection>Bourne</collection>
<title>The Bourne Legacy</title>
<imdb>tt1194173</imdb>
<year>2012</year>
</meta>
<link>
<sublink>search</sublink>
<sublink>searchsd</sublink>
</link>
</item>

<item>
<title>Jason Bourne (2016)</title>
<thumbnail>https://image.tmdb.org/t/p/w500/lFSSLTlFozwpaGlO31OoUeirBgQ.jpg</thumbnail>
<fanart>https://image.tmdb.org/t/p/w1280/dzrPzdYJui4A7QRH8VRhOnO6sl4.jpg</fanart>
<meta>
<content>movie</content>
<collection>Bourne</collection>
<title>Jason Bourne</title>
<imdb>tt4196776</imdb>
<year>2016</year>
</meta>
<link>
<sublink>search</sublink>
<sublink>searchsd</sublink>
</link>
</item>

