

<item>
<title>Bridget Jones's Diary (2001)</title>
<thumbnail>https://image.tmdb.org/t/p/w500/cFOUe33kvlKq6hRPTgm59CJwlRN.jpg</thumbnail>
<fanart>https://image.tmdb.org/t/p/w1280/fyXE5tef9zXY4HjQI7FtaGEg9Qn.jpg</fanart>
<meta>
<content>movie</content>
<collection>Bridget Jones</collection>
<title>Bridget Jones's Diary</title>
<imdb>tt0243155</imdb>
<year>2001</year>
</meta>
<link>
<sublink>search</sublink>
<sublink>searchsd</sublink>
</link>
</item>

<item>
<title>Bridget Jones: The Edge of Reason (2004)</title>
<thumbnail>https://image.tmdb.org/t/p/w500/fs3nGIwSBk9H8EcuPtnj7qQrYj2.jpg</thumbnail>
<fanart>https://image.tmdb.org/t/p/w1280/cws8vRji5c4DcDcxG5DU92zOoGC.jpg</fanart>
<meta>
<content>movie</content>
<collection>Bridget Jones</collection>
<title>Bridget Jones: The Edge of Reason</title>
<imdb>tt0317198</imdb>
<year>2004</year>
</meta>
<link>
<sublink>search</sublink>
<sublink>searchsd</sublink>
</link>
</item>

<item>
<title>Bridget Jones's Baby (2016)</title>
<thumbnail>https://image.tmdb.org/t/p/w500/j8di6S3mUuFe5Yz8etRG8yG5EeE.jpg</thumbnail>
<fanart>https://image.tmdb.org/t/p/w1280/riFIYhEsav4IPv2WT1BSQb02t5R.jpg</fanart>
<meta>
<content>movie</content>
<collection>Bridget Jones</collection>
<title>Bridget Jones's Baby</title>
<imdb>tt1473832</imdb>
<year>2016</year>
</meta>
<link>
<sublink>search</sublink>
<sublink>searchsd</sublink>
</link>
</item>

