

<item>
<title>Caddyshack (1980)</title>
<thumbnail>https://image.tmdb.org/t/p/w500/tv6s71pj8mhHtfk6DaSxMlu9pd7.jpg</thumbnail>
<fanart>https://image.tmdb.org/t/p/w1280/kdL7CWq5msNd2CzE11fNkY0k4m7.jpg</fanart>
<meta>
<content>movie</content>
<collection>Caddyshack</collection>
<title>Caddyshack</title>
<imdb>tt0080487</imdb>
<year>1980</year>
</meta>
<link>
<sublink>search</sublink>
<sublink>searchsd</sublink>
</link>
</item>

<item>
<title>Caddyshack II (1988)</title>
<thumbnail>https://image.tmdb.org/t/p/w500/4o9GJgYNdDRCpvHeMmL8hK29Xyn.jpg</thumbnail>
<fanart>https://image.tmdb.org/t/p/w1280/wagsvIkgCYOfysRvd585KDT2xUZ.jpg</fanart>
<meta>
<content>movie</content>
<collection>Caddyshack</collection>
<title>Caddyshack II</title>
<imdb>tt0094824</imdb>
<year>1988</year>
</meta>
<link>
<sublink>search</sublink>
<sublink>searchsd</sublink>
</link>
</item>

