

<item>
<title>Captain America: The First Avenger (2011)</title>
<thumbnail>https://image.tmdb.org/t/p/w500/fF7vPzCF6kIsLuWEHCGPGl2xTw1.jpg</thumbnail>
<fanart>https://image.tmdb.org/t/p/w1280/4GFjHEdZpni6HfR4hoBaOxZ5cAC.jpg</fanart>
<meta>
<content>movie</content>
<collection>Captain America</collection>
<title>Captain America: The First Avenger</title>
<imdb>tt0458339</imdb>
<year>2011</year>
</meta>
<link>
<sublink>search</sublink>
<sublink>searchsd</sublink>
</link>
</item>

<item>
<title>Captain America: The Winter Soldier (2014)</title>
<thumbnail>https://image.tmdb.org/t/p/w500/5TQ6YDmymBpnF005OyoB7ohZps9.jpg</thumbnail>
<fanart>https://image.tmdb.org/t/p/w1280/3zkis6mR4IzdXIHcBWhEnrNupYy.jpg</fanart>
<meta>
<content>movie</content>
<collection>Captain America</collection>
<title>Captain America: The Winter Soldier</title>
<imdb>tt1843866</imdb>
<year>2014</year>
</meta>
<link>
<sublink>search</sublink>
<sublink>searchsd</sublink>
</link>
</item>

<item>
<title>Captain America: Civil War (2016)</title>
<thumbnail>https://image.tmdb.org/t/p/w500/5N20rQURev5CNDcMjHVUZhpoCNC.jpg</thumbnail>
<fanart>https://image.tmdb.org/t/p/w1280/kliBz01JG89tsj1om0Z6T1ZOCV.jpg</fanart>
<meta>
<content>movie</content>
<collection>Captain America</collection>
<title>Captain America: Civil War</title>
<imdb>tt3498820</imdb>
<year>2016</year>
</meta>
<link>
<sublink>search</sublink>
<sublink>searchsd</sublink>
</link>
</item>

