

<item>
<title>Charlie's Angels (2000)</title>
<thumbnail>https://image.tmdb.org/t/p/w500/eBzf9d09Vgq2HSVC4fIZm1QNQd.jpg</thumbnail>
<fanart>https://image.tmdb.org/t/p/w1280/AfXk5IqMZuznjjvEkrQuzQ9A5U6.jpg</fanart>
<meta>
<content>movie</content>
<collection>Charlie's Angels</collection>
<title>Charlie's Angels</title>
<imdb>tt0160127</imdb>
<year>2000</year>
</meta>
<link>
<sublink>search</sublink>
<sublink>searchsd</sublink>
</link>
</item>

<item>
<title>Charlie's Angels: Full Throttle (2003)</title>
<thumbnail>https://image.tmdb.org/t/p/w500/udwouBVgUMRPTpkB8HuQXfhk8HN.jpg</thumbnail>
<fanart>https://image.tmdb.org/t/p/w1280/rlNjDBU0QurULdQgQRYhyq8WPmN.jpg</fanart>
<meta>
<content>movie</content>
<collection>Charlie's Angels</collection>
<title>Charlie's Angels: Full Throttle</title>
<imdb>tt0305357</imdb>
<year>2003</year>
</meta>
<link>
<sublink>search</sublink>
<sublink>searchsd</sublink>
</link>
</item>

