

<item>
<title>Children of the Corn (1984)</title>
<thumbnail>https://image.tmdb.org/t/p/w500/miJTMLdgrrgAs7blRjLutfLha9M.jpg</thumbnail>
<fanart>https://image.tmdb.org/t/p/w1280/nOniwtoAAayXyIRK2ltMbRgOjT4.jpg</fanart>
<meta>
<content>movie</content>
<collection>Children of the Corn</collection>
<title>Children of the Corn</title>
<imdb>tt0087050</imdb>
<year>1984</year>
</meta>
<link>
<sublink>search</sublink>
<sublink>searchsd</sublink>
</link>
</item>

<item>
<title>Children of the Corn II: The Final Sacrifice (1992)</title>
<thumbnail>https://image.tmdb.org/t/p/w500/9rTfoxrfQTW0ckNWVYrrR38Ztym.jpg</thumbnail>
<fanart>https://image.tmdb.org/t/p/w1280/QOmJIMwlYqzq6LjzdWSxsPS6pj.jpg</fanart>
<meta>
<content>movie</content>
<collection>Children of the Corn</collection>
<title>Children of the Corn II: The Final Sacrifice</title>
<imdb>tt0106557</imdb>
<year>1992</year>
</meta>
<link>
<sublink>search</sublink>
<sublink>searchsd</sublink>
</link>
</item>

