

<item>
<title>City Slickers (1991)</title>
<thumbnail>https://image.tmdb.org/t/p/w500/tdOHDekHHGyjcR3Ay6WQ6uiFHoz.jpg</thumbnail>
<fanart>https://image.tmdb.org/t/p/w1280/ylt1avVQoBXwsS9A5fwc5tNBI8H.jpg</fanart>
<meta>
<content>movie</content>
<collection>City Slickers</collection>
<title>City Slickers</title>
<imdb>tt0101587</imdb>
<year>1991</year>
</meta>
<link>
<sublink>search</sublink>
<sublink>searchsd</sublink>
</link>
</item>

<item>
<title>City Slickers II: The Legend of Curly's Gold (1994)</title>
<thumbnail>https://image.tmdb.org/t/p/w500/78bAMSneoYVJ0N4e1ADfxKV3zPI.jpg</thumbnail>
<fanart>https://image.tmdb.org/t/p/w1280/fasgMMAJG1Bet1oBk2yzVaYE3xV.jpg</fanart>
<meta>
<content>movie</content>
<collection>City Slickers</collection>
<title>City Slickers II: The Legend of Curly's Gold</title>
<imdb>tt0109439</imdb>
<year>1994</year>
</meta>
<link>
<sublink>search</sublink>
<sublink>searchsd</sublink>
</link>
</item>

