

<item>
<title>Conan the Barbarian (1982)</title>
<thumbnail>https://image.tmdb.org/t/p/w500/9siMCK6u0TtgDVtCJQGKRQAnAqA.jpg</thumbnail>
<fanart>https://image.tmdb.org/t/p/w1280/jMGm2lRktmgvwivT1Sgdzj8KpKw.jpg</fanart>
<meta>
<content>movie</content>
<collection>Conan</collection>
<title>Conan the Barbarian</title>
<imdb>tt0082198</imdb>
<year>1982</year>
</meta>
<link>
<sublink>search</sublink>
<sublink>searchsd</sublink>
</link>
</item>

<item>
<title>Conan the Destroyer (1984)</title>
<thumbnail>https://image.tmdb.org/t/p/w500/wLIpIZ0KBopuAsvPBQRSGNjjFVT.jpg</thumbnail>
<fanart>https://image.tmdb.org/t/p/w1280/wy147KSVYIq2hncMc1Lrvkkjymk.jpg</fanart>
<meta>
<content>movie</content>
<collection>Conan</collection>
<title>Conan the Destroyer</title>
<imdb>tt0087078</imdb>
<year>1984</year>
</meta>
<link>
<sublink>search</sublink>
<sublink>searchsd</sublink>
</link>
</item>

<item>
<title>Conan the Barbarian (2011)</title>
<thumbnail>https://image.tmdb.org/t/p/w500/nSCvdsq0m6llzMqsbOMb0C4jesy.jpg</thumbnail>
<fanart>https://image.tmdb.org/t/p/w1280/hPbUR1Y2WhCM7DhdjdGOiUQmxcA.jpg</fanart>
<meta>
<content>movie</content>
<collection>Conan</collection>
<title>Conan the Barbarian</title>
<imdb>tt0816462</imdb>
<year>2011</year>
</meta>
<link>
<sublink>search</sublink>
<sublink>searchsd</sublink>
</link>
</item>

