

<item>
<title>The Crow (1994)</title>
<thumbnail>https://image.tmdb.org/t/p/w500/vrQZSCP3WeYXCTXdJQ6mXgxb9L4.jpg</thumbnail>
<fanart>https://image.tmdb.org/t/p/w1280/terfn255waxUawAcyjxsDTnSFfY.jpg</fanart>
<meta>
<content>movie</content>
<collection>Crow</collection>
<title>The Crow</title>
<imdb>tt0109506</imdb>
<year>1994</year>
</meta>
<link>
<sublink>search</sublink>
<sublink>searchsd</sublink>
</link>
</item>

<item>
<title>The Crow: City of Angels (1996)</title>
<thumbnail>https://image.tmdb.org/t/p/w500/kxe6WvICLt8Z5nB76nuPh9OO4DG.jpg</thumbnail>
<fanart>https://image.tmdb.org/t/p/w1280/tXuemBGFBIP3OZjSQ56AGSd253E.jpg</fanart>
<meta>
<content>movie</content>
<collection>Crow</collection>
<title>The Crow: City of Angels</title>
<imdb>tt0115986</imdb>
<year>1996</year>
</meta>
<link>
<sublink>search</sublink>
<sublink>searchsd</sublink>
</link>
</item>

