

<item>
<title>The Da Vinci Code (2006)</title>
<thumbnail>https://image.tmdb.org/t/p/w500/35EaS6wlRFrfLVy7zG8KSkdLp9d.jpg</thumbnail>
<fanart>https://image.tmdb.org/t/p/w1280/Aw0YmTkQY15yiQou5H4YuqGt032.jpg</fanart>
<meta>
<content>movie</content>
<collection>Da Vinci Code</collection>
<title>The Da Vinci Code</title>
<imdb>tt0382625</imdb>
<year>2006</year>
</meta>
<link>
<sublink>search</sublink>
<sublink>searchsd</sublink>
</link>
</item>

<item>
<title>Angels & Demons (2009)</title>
<thumbnail>https://image.tmdb.org/t/p/w500/grN4lETrHNejatQZFP2F2DAWMU4.jpg</thumbnail>
<fanart>https://image.tmdb.org/t/p/w1280/wjrTJhDQEqmmaEfbM2Qo8ibzvSS.jpg</fanart>
<meta>
<content>movie</content>
<collection>Da Vinci Code</collection>
<title>Angels & Demons</title>
<imdb>tt0808151</imdb>
<year>2009</year>
</meta>
<link>
<sublink>search</sublink>
<sublink>searchsd</sublink>
</link>
</item>

<item>
<title>Inferno (2016)</title>
<thumbnail>https://image.tmdb.org/t/p/w500/oFOG2yIRcluKfTtYbzz71Vj9bgz.jpg</thumbnail>
<fanart>https://image.tmdb.org/t/p/w1280/mL1hZ8Z7L1Px8tIzalnYKKdhUqo.jpg</fanart>
<meta>
<content>movie</content>
<collection>Da Vinci Code</collection>
<title>Inferno</title>
<imdb>tt3062096</imdb>
<year>2016</year>
</meta>
<link>
<sublink>search</sublink>
<sublink>searchsd</sublink>
</link>
</item>

