

<item>
<title>Man of Steel (2013)</title>
<thumbnail>https://image.tmdb.org/t/p/w500/xWlaTLnD8NJMTT9PGOD9z5re1SL.jpg</thumbnail>
<fanart>https://image.tmdb.org/t/p/w1280/4psFec056RXHpGkI7QtqblPA8pV.jpg</fanart>
<meta>
<content>movie</content>
<collection>DC Extended Universe</collection>
<title>Man of Steel</title>
<imdb>tt0770828</imdb>
<year>2013</year>
</meta>
<link>
<sublink>search</sublink>
<sublink>searchsd</sublink>
</link>
</item>

<item>
<title>Suicide Squad (2016)</title>
<thumbnail>https://image.tmdb.org/t/p/w500/gnb54uIjX2M81c6RWPM4uQwulMt.jpg</thumbnail>
<fanart>https://image.tmdb.org/t/p/w1280/yEVpfB2ZetnCVHvzydDzHfs32cB.jpg</fanart>
<meta>
<content>movie</content>
<collection>DC Extended Universe</collection>
<title>Suicide Squad</title>
<imdb>tt1386697</imdb>
<year>2016</year>
</meta>
<link>
<sublink>search</sublink>
<sublink>searchsd</sublink>
</link>
</item>

<item>
<title>Batman v Superman: Dawn of Justice (2016)</title>
<thumbnail>https://image.tmdb.org/t/p/w500/cGOPbv9wA5gEejkUN892JrveARt.jpg</thumbnail>
<fanart>https://image.tmdb.org/t/p/w1280/vsjBeMPZtyB7yNsYY56XYxifaQZ.jpg</fanart>
<meta>
<content>movie</content>
<collection>DC Extended Universe</collection>
<title>Batman v Superman: Dawn of Justice</title>
<imdb>tt2975590</imdb>
<year>2016</year>
</meta>
<link>
<sublink>search</sublink>
<sublink>searchsd</sublink>
</link>
</item>

