

<item>
<title>The Delta Force (1986)</title>
<thumbnail>https://image.tmdb.org/t/p/w500/jow8Hr4leajhYkryoqqIeSMkxbX.jpg</thumbnail>
<fanart>https://image.tmdb.org/t/p/w1280/gHpEjoxBiIGF3n35MNJtyKwNPEq.jpg</fanart>
<meta>
<content>movie</content>
<collection>Delta Force</collection>
<title>The Delta Force</title>
<imdb>tt0090927</imdb>
<year>1986</year>
</meta>
<link>
<sublink>search</sublink>
<sublink>searchsd</sublink>
</link>
</item>

<item>
<title>Delta Force 2: The Colombian Connection (1990)</title>
<thumbnail>https://image.tmdb.org/t/p/w500/kPSwUb0s0XEDvvCNHEJOk74EfBI.jpg</thumbnail>
<fanart>https://image.tmdb.org/t/p/w1280/2uyNrNpwc4I0etn7xbHnw4ipRZg.jpg</fanart>
<meta>
<content>movie</content>
<collection>Delta Force</collection>
<title>Delta Force 2: The Colombian Connection</title>
<imdb>tt0099399</imdb>
<year>1990</year>
</meta>
<link>
<sublink>search</sublink>
<sublink>searchsd</sublink>
</link>
</item>

