

<item>
<title>Fantastic Four (2005)</title>
<thumbnail>https://image.tmdb.org/t/p/w500/aJwUBmUA11lkNVSJ3if3h3xHSFd.jpg</thumbnail>
<fanart>https://image.tmdb.org/t/p/w1280/s1GUdWipllsoNp14Pq3NuPcQP6Y.jpg</fanart>
<meta>
<content>movie</content>
<collection>Fantastic Four</collection>
<title>Fantastic Four</title>
<imdb>tt0120667</imdb>
<year>2005</year>
</meta>
<link>
<sublink>search</sublink>
<sublink>searchsd</sublink>
</link>
</item>

<item>
<title>4: Rise of the Silver Surfer (2007)</title>
<thumbnail>https://image.tmdb.org/t/p/w500/fXpziQgnBnB4bLgjKhjTbLQumE5.jpg</thumbnail>
<fanart>https://image.tmdb.org/t/p/w1280/540v7lmQRfl0YOErigwjvvKByvG.jpg</fanart>
<meta>
<content>movie</content>
<collection>Fantastic Four</collection>
<title>4: Rise of the Silver Surfer</title>
<imdb>tt0486576</imdb>
<year>2007</year>
</meta>
<link>
<sublink>search</sublink>
<sublink>searchsd</sublink>
</link>
</item>

<item>
<title>Fantastic Four (2015)</title>
<thumbnail>https://image.tmdb.org/t/p/w500/g23cs30dCMiG4ldaoVNP1ucjs6.jpg</thumbnail>
<fanart>https://image.tmdb.org/t/p/w1280/lyVlbE8iRIdGBUwhq79EziqHSBW.jpg</fanart>
<meta>
<content>movie</content>
<collection>Fantastic Four</collection>
<title>Fantastic Four</title>
<imdb>tt1502712</imdb>
<year>2015</year>
</meta>
<link>
<sublink>search</sublink>
<sublink>searchsd</sublink>
</link>
</item>

