

<item>
<title>Fantasia (1940)</title>
<thumbnail>https://image.tmdb.org/t/p/w500/9YXyiRszikyoakc4oNaHbjjybmT.jpg</thumbnail>
<fanart>https://image.tmdb.org/t/p/w1280/oZBj2o3JVULRe1SlBalBpnkfp6x.jpg</fanart>
<meta>
<content>movie</content>
<collection>Fantasia</collection>
<title>Fantasia</title>
<imdb>tt0032455</imdb>
<year>1940</year>
</meta>
<link>
<sublink>search</sublink>
<sublink>searchsd</sublink>
</link>
</item>

<item>
<title>Fantasia 2000 (1999)</title>
<thumbnail>https://image.tmdb.org/t/p/w500/xKNP9Q5QpXKksLWKuuyOA1jUkv7.jpg</thumbnail>
<fanart>https://image.tmdb.org/t/p/w1280/qHswiaoN8NG229dDB8h3rpqNtBL.jpg</fanart>
<meta>
<content>movie</content>
<collection>Fantasia</collection>
<title>Fantasia 2000</title>
<imdb>tt0120910</imdb>
<year>1999</year>
</meta>
<link>
<sublink>search</sublink>
<sublink>searchsd</sublink>
</link>
</item>

