

<item>
<title>The Fast and the Furious (2001)</title>
<thumbnail>https://image.tmdb.org/t/p/w500/x4So4OkqnjfOSBCCNd5uosMmQiB.jpg</thumbnail>
<fanart>https://image.tmdb.org/t/p/w1280/lmIqH8Qsv3IvDg0PTFUuVr89eBT.jpg</fanart>
<meta>
<content>movie</content>
<collection>Fast and the Furious</collection>
<title>The Fast and the Furious</title>
<imdb>tt0232500</imdb>
<year>2001</year>
</meta>
<link>
<sublink>search</sublink>
<sublink>searchsd</sublink>
</link>
</item>

<item>
<title>2 Fast 2 Furious (2003)</title>
<thumbnail>https://image.tmdb.org/t/p/w500/hZVcmztCVo510FhBXyLqStiTAce.jpg</thumbnail>
<fanart>https://image.tmdb.org/t/p/w1280/8RkLHFm2PK4PO5W0WZA5LMXLZBz.jpg</fanart>
<meta>
<content>movie</content>
<collection>Fast and the Furious</collection>
<title>2 Fast 2 Furious</title>
<imdb>tt0322259</imdb>
<year>2003</year>
</meta>
<link>
<sublink>search</sublink>
<sublink>searchsd</sublink>
</link>
</item>

<item>
<title>The Fast and the Furious: Tokyo Drift (2006)</title>
<thumbnail>https://image.tmdb.org/t/p/w500/f9V0iTSYwnxW6tPIjSE7jrGC7eP.jpg</thumbnail>
<fanart>https://image.tmdb.org/t/p/w1280/kOZbGxeGMJ4Y6bxv8eOadFt8QLF.jpg</fanart>
<meta>
<content>movie</content>
<collection>Fast and the Furious</collection>
<title>The Fast and the Furious: Tokyo Drift</title>
<imdb>tt0463985</imdb>
<year>2006</year>
</meta>
<link>
<sublink>search</sublink>
<sublink>searchsd</sublink>
</link>
</item>

<item>
<title>Fast & Furious (2009)</title>
<thumbnail>https://image.tmdb.org/t/p/w500/ft8IqAGFs3V7i87z0t0EVRUjK1p.jpg</thumbnail>
<fanart>https://image.tmdb.org/t/p/w1280/1R2ihQztuRTIqN3pFBR1yrBMd7w.jpg</fanart>
<meta>
<content>movie</content>
<collection>Fast and the Furious</collection>
<title>Fast & Furious</title>
<imdb>tt1013752</imdb>
<year>2009</year>
</meta>
<link>
<sublink>search</sublink>
<sublink>searchsd</sublink>
</link>
</item>

<item>
<title>Fast Five (2011)</title>
<thumbnail>https://image.tmdb.org/t/p/w500/cA81CI8odKv5KHRUUzJbj83yN7c.jpg</thumbnail>
<fanart>https://image.tmdb.org/t/p/w1280/nL1Q0micYpF5nNkaI2ZNeLuOLGZ.jpg</fanart>
<meta>
<content>movie</content>
<collection>Fast and the Furious</collection>
<title>Fast Five</title>
<imdb>tt1596343</imdb>
<year>2011</year>
</meta>
<link>
<sublink>search</sublink>
<sublink>searchsd</sublink>
</link>
</item>

<item>
<title>Furious 6 (2013)</title>
<thumbnail>https://image.tmdb.org/t/p/w500/b9gTJKLdSbwcQRKzmqMq3dMfRwI.jpg</thumbnail>
<fanart>https://image.tmdb.org/t/p/w1280/qjfE7SkPXpqFs8FX8rIaG6eO2aK.jpg</fanart>
<meta>
<content>movie</content>
<collection>Fast and the Furious</collection>
<title>Furious 6</title>
<imdb>tt1905041</imdb>
<year>2013</year>
</meta>
<link>
<sublink>search</sublink>
<sublink>searchsd</sublink>
</link>
</item>

<item>
<title>Furious 7 (2015)</title>
<thumbnail>https://image.tmdb.org/t/p/w500/iFey7xswGX479LBTe6lsvNpsg3S.jpg</thumbnail>
<fanart>https://image.tmdb.org/t/p/w1280/gzNvhN8vhyeT8ko91FR4DawDzaR.jpg</fanart>
<meta>
<content>movie</content>
<collection>Fast and the Furious</collection>
<title>Furious 7</title>
<imdb>tt2820852</imdb>
<year>2015</year>
</meta>
<link>
<sublink>search</sublink>
<sublink>searchsd</sublink>
</link>
</item>

