

<item>
<title>Final Destination (2000)</title>
<thumbnail>https://image.tmdb.org/t/p/w500/dsQzDT39FLtNmOOYNjrCFsznn37.jpg</thumbnail>
<fanart>https://image.tmdb.org/t/p/w1280/4wRWX3EgnFQnhkI34I6nv6FKgvr.jpg</fanart>
<meta>
<content>movie</content>
<collection>Final Destination</collection>
<title>Final Destination</title>
<imdb>tt0195714</imdb>
<year>2000</year>
</meta>
<link>
<sublink>search</sublink>
<sublink>searchsd</sublink>
</link>
</item>

<item>
<title>Final Destination 2 (2003)</title>
<thumbnail>https://image.tmdb.org/t/p/w500/2Tj8YJJuahzwUbdYDgydYX4Yj4Y.jpg</thumbnail>
<fanart>https://image.tmdb.org/t/p/w1280/59xu0cANg5kIv0wqOIIr0990iBC.jpg</fanart>
<meta>
<content>movie</content>
<collection>Final Destination</collection>
<title>Final Destination 2</title>
<imdb>tt0309593</imdb>
<year>2003</year>
</meta>
<link>
<sublink>search</sublink>
<sublink>searchsd</sublink>
</link>
</item>

<item>
<title>Final Destination 3 (2006)</title>
<thumbnail>https://image.tmdb.org/t/p/w500/fO7QneBmdE9dEJUewiYMfsEp3IL.jpg</thumbnail>
<fanart>https://image.tmdb.org/t/p/w1280/6sCto39wgQGCzDojAr5c4UPBjDZ.jpg</fanart>
<meta>
<content>movie</content>
<collection>Final Destination</collection>
<title>Final Destination 3</title>
<imdb>tt0414982</imdb>
<year>2006</year>
</meta>
<link>
<sublink>search</sublink>
<sublink>searchsd</sublink>
</link>
</item>

<item>
<title>The Final Destination (2009)</title>
<thumbnail>https://image.tmdb.org/t/p/w500/i7f83yPExPOtpboGn9sEZ3LHc9i.jpg</thumbnail>
<fanart>https://image.tmdb.org/t/p/w1280/b0WmZ6DZt25OxfutT7bFwSOJqaw.jpg</fanart>
<meta>
<content>movie</content>
<collection>Final Destination</collection>
<title>The Final Destination</title>
<imdb>tt1144884</imdb>
<year>2009</year>
</meta>
<link>
<sublink>search</sublink>
<sublink>searchsd</sublink>
</link>
</item>

<item>
<title>Final Destination 5 (2011)</title>
<thumbnail>https://image.tmdb.org/t/p/w500/m4xhyjrybUGGY2p6bjrF4AO5Osl.jpg</thumbnail>
<fanart>https://image.tmdb.org/t/p/w1280/kk28Whg2OE7evFpV2DLWEtflP5P.jpg</fanart>
<meta>
<content>movie</content>
<collection>Final Destination</collection>
<title>Final Destination 5</title>
<imdb>tt1622979</imdb>
<year>2011</year>
</meta>
<link>
<sublink>search</sublink>
<sublink>searchsd</sublink>
</link>
</item>

