

<item>
<title>Our Man Flint (1966)</title>
<thumbnail>https://image.tmdb.org/t/p/w500/2rMEYchRwPYXbvQxEdsF78kjtWN.jpg</thumbnail>
<fanart>https://image.tmdb.org/t/p/w1280/fAOM20EdOS0Fz2ezs8FhfUPLa4A.jpg</fanart>
<meta>
<content>movie</content>
<collection>Flint</collection>
<title>Our Man Flint</title>
<imdb>tt0059557</imdb>
<year>1966</year>
</meta>
<link>
<sublink>search</sublink>
<sublink>searchsd</sublink>
</link>
</item>

<item>
<title>In Like Flint (1967)</title>
<thumbnail>https://image.tmdb.org/t/p/w500/6fzC7LQaDhnORVZPp3Guo47ObOo.jpg</thumbnail>
<fanart>https://image.tmdb.org/t/p/w1280/iD0ip43A9cqzvBMuX12dAZGXrgF.jpg</fanart>
<meta>
<content>movie</content>
<collection>Flint</collection>
<title>In Like Flint</title>
<imdb>tt0061810</imdb>
<year>1967</year>
</meta>
<link>
<sublink>search</sublink>
<sublink>searchsd</sublink>
</link>
</item>

