

<item>
<title>Free Willy (1993)</title>
<thumbnail>https://image.tmdb.org/t/p/w500/vIjiTSNA52VGGP9eeegNaMKXNhf.jpg</thumbnail>
<fanart>https://image.tmdb.org/t/p/w1280/7CNgefk746czQzTVqSuf8yYQxOS.jpg</fanart>
<meta>
<content>movie</content>
<collection>Free Willy</collection>
<title>Free Willy</title>
<imdb>tt0106965</imdb>
<year>1993</year>
</meta>
<link>
<sublink>search</sublink>
<sublink>searchsd</sublink>
</link>
</item>

<item>
<title>Free Willy 2: The Adventure Home (1995)</title>
<thumbnail>https://image.tmdb.org/t/p/w500/yLyyjm4m3fSvbazyFv4RtUnb2uQ.jpg</thumbnail>
<fanart>https://image.tmdb.org/t/p/w1280/3DE0OEicfEUiw356azlASvT3FMa.jpg</fanart>
<meta>
<content>movie</content>
<collection>Free Willy</collection>
<title>Free Willy 2: The Adventure Home</title>
<imdb>tt0113114</imdb>
<year>1995</year>
</meta>
<link>
<sublink>search</sublink>
<sublink>searchsd</sublink>
</link>
</item>

<item>
<title>Free Willy 3: The Rescue (1997)</title>
<thumbnail>https://image.tmdb.org/t/p/w500/x7XV6aRUle4sBGMxZixqnfBtbGG.jpg</thumbnail>
<fanart>https://image.tmdb.org/t/p/w1280/309vBDYOFxHhUddCssyRw5kdpEn.jpg</fanart>
<meta>
<content>movie</content>
<collection>Free Willy</collection>
<title>Free Willy 3: The Rescue</title>
<imdb>tt0119152</imdb>
<year>1997</year>
</meta>
<link>
<sublink>search</sublink>
<sublink>searchsd</sublink>
</link>
</item>

