

<item>
<title>Friday (1995)</title>
<thumbnail>https://image.tmdb.org/t/p/w500/8fKmBdU1Nl2jN7gmo9U8kEoAd6x.jpg</thumbnail>
<fanart>https://image.tmdb.org/t/p/w1280/isWyP4jWmcCHjUcanVwGBDwVSsA.jpg</fanart>
<meta>
<content>movie</content>
<collection>Friday</collection>
<title>Friday</title>
<imdb>tt0113118</imdb>
<year>1995</year>
</meta>
<link>
<sublink>search</sublink>
<sublink>searchsd</sublink>
</link>
</item>

<item>
<title>Next Friday (2000)</title>
<thumbnail>https://image.tmdb.org/t/p/w500/zUzn6YBbnEhdIkqtf9w0xG58NMC.jpg</thumbnail>
<fanart>https://image.tmdb.org/t/p/w1280/gMCKSic0my5n5ovqJU7fjMC0tD.jpg</fanart>
<meta>
<content>movie</content>
<collection>Friday</collection>
<title>Next Friday</title>
<imdb>tt0195945</imdb>
<year>2000</year>
</meta>
<link>
<sublink>search</sublink>
<sublink>searchsd</sublink>
</link>
</item>

<item>
<title>Friday After Next (2002)</title>
<thumbnail>https://image.tmdb.org/t/p/w500/pB49Sg3v247oHFPNvQLJDiX4OgA.jpg</thumbnail>
<fanart>https://image.tmdb.org/t/p/w1280/8fyG4M4xJQ4QWXopRMY6ssbvYNN.jpg</fanart>
<meta>
<content>movie</content>
<collection>Friday</collection>
<title>Friday After Next</title>
<imdb>tt0293815</imdb>
<year>2002</year>
</meta>
<link>
<sublink>search</sublink>
<sublink>searchsd</sublink>
</link>
</item>

