

<item>
<title>Fright Night (1985)</title>
<thumbnail>https://image.tmdb.org/t/p/w500/jE0YbuFlmaZUWeVTyYNpzYXjIbn.jpg</thumbnail>
<fanart>https://image.tmdb.org/t/p/w1280/uPxJiWP9H1QTyXfVLczbnpVKWEz.jpg</fanart>
<meta>
<content>movie</content>
<collection>Fright Night</collection>
<title>Fright Night</title>
<imdb>tt0089175</imdb>
<year>1985</year>
</meta>
<link>
<sublink>search</sublink>
<sublink>searchsd</sublink>
</link>
</item>

<item>
<title>Fright Night Part 2 (1988)</title>
<thumbnail>https://image.tmdb.org/t/p/w500/A3sPFgs1DR9ipFUO1N4taLmhLxD.jpg</thumbnail>
<fanart>https://image.tmdb.org/t/p/w1280/9pjTP91YcMKk8fJf9PvaKhiRP0J.jpg</fanart>
<meta>
<content>movie</content>
<collection>Fright Night</collection>
<title>Fright Night Part 2</title>
<imdb>tt0097390</imdb>
<year>1988</year>
</meta>
<link>
<sublink>search</sublink>
<sublink>searchsd</sublink>
</link>
</item>

<item>
<title>Fright Night (2011)</title>
<thumbnail>https://image.tmdb.org/t/p/w500/6bpthoORc53b2SEG3JwFBRZQnT5.jpg</thumbnail>
<fanart>https://image.tmdb.org/t/p/w1280/kCPv7HlXXXDfm3QlCG93FS8wDY7.jpg</fanart>
<meta>
<content>movie</content>
<collection>Fright Night</collection>
<title>Fright Night</title>
<imdb>tt1438176</imdb>
<year>2011</year>
</meta>
<link>
<sublink>search</sublink>
<sublink>searchsd</sublink>
</link>
</item>

<item>
<title>Fright Night 2 (2013)</title>
<thumbnail>https://image.tmdb.org/t/p/w500/hLS8fUivBfhDdLPBGbNno6PFnGU.jpg</thumbnail>
<fanart>https://image.tmdb.org/t/p/w1280/Au2fPY8cRSBueikdLSIHUOSwmoS.jpg</fanart>
<meta>
<content>movie</content>
<collection>Fright Night</collection>
<title>Fright Night 2</title>
<imdb>tt2486630</imdb>
<year>2013</year>
</meta>
<link>
<sublink>search</sublink>
<sublink>searchsd</sublink>
</link>
</item>

