

<item>
<title>Get Shorty (1995)</title>
<thumbnail>https://image.tmdb.org/t/p/w500/vWtDUUgQAsVyvRW4mE75LBgVm2e.jpg</thumbnail>
<fanart>https://image.tmdb.org/t/p/w1280/l4hUH1zw1kyodOhXvddWgprRd8o.jpg</fanart>
<meta>
<content>movie</content>
<collection>Get Shorty</collection>
<title>Get Shorty</title>
<imdb>tt0113161</imdb>
<year>1995</year>
</meta>
<link>
<sublink>search</sublink>
<sublink>searchsd</sublink>
</link>
</item>

<item>
<title>Be Cool (2005)</title>
<thumbnail>https://image.tmdb.org/t/p/w500/6vnI3uZ9D0bsrWSlOmNM6Rz1Ee2.jpg</thumbnail>
<fanart>https://image.tmdb.org/t/p/w1280/zdXfa1NWOHNqkGgkork2DoJehVw.jpg</fanart>
<meta>
<content>movie</content>
<collection>Get Shorty</collection>
<title>Be Cool</title>
<imdb>tt0377471</imdb>
<year>2005</year>
</meta>
<link>
<sublink>search</sublink>
<sublink>searchsd</sublink>
</link>
</item>

