

<item>
<title>Ghost Rider (2007)</title>
<thumbnail>https://image.tmdb.org/t/p/w500/jnllnSq8u4d1oQPU7PsoAHD6bLU.jpg</thumbnail>
<fanart>https://image.tmdb.org/t/p/w1280/9cs9RuOS3A5YEh6r4opVrIGbiJy.jpg</fanart>
<meta>
<content>movie</content>
<collection>Ghost Rider</collection>
<title>Ghost Rider</title>
<imdb>tt0259324</imdb>
<year>2007</year>
</meta>
<link>
<sublink>search</sublink>
<sublink>searchsd</sublink>
</link>
</item>

<item>
<title>Ghost Rider: Spirit of Vengeance (2011)</title>
<thumbnail>https://image.tmdb.org/t/p/w500/tqwWzmp5ISh64SJbNKQ9fyItnDj.jpg</thumbnail>
<fanart>https://image.tmdb.org/t/p/w1280/9w9UtpeRPK797GzT7xQXuVRSUSj.jpg</fanart>
<meta>
<content>movie</content>
<collection>Ghost Rider</collection>
<title>Ghost Rider: Spirit of Vengeance</title>
<imdb>tt1071875</imdb>
<year>2011</year>
</meta>
<link>
<sublink>search</sublink>
<sublink>searchsd</sublink>
</link>
</item>

