

<item>
<title>God's Not Dead (2014)</title>
<thumbnail>https://image.tmdb.org/t/p/w500/a4QdH1RG6jvzZ1SLmCI7vaDD9Ez.jpg</thumbnail>
<fanart>https://image.tmdb.org/t/p/w1280/gFO1X9CCbekWhH16HnI3p6CEJqY.jpg</fanart>
<meta>
<content>movie</content>
<collection>God's Not Dead</collection>
<title>God's Not Dead</title>
<imdb>tt2528814</imdb>
<year>2014</year>
</meta>
<link>
<sublink>search</sublink>
<sublink>searchsd</sublink>
</link>
</item>

<item>
<title>God's Not Dead 2 (2016)</title>
<thumbnail>https://image.tmdb.org/t/p/w500/6LzF5RneIAj5dkUVuJeXPDmnLRh.jpg</thumbnail>
<fanart>https://image.tmdb.org/t/p/w1280/o9etDhBIjwYMcCBaYSjrIW86EdV.jpg</fanart>
<meta>
<content>movie</content>
<collection>God's Not Dead</collection>
<title>God's Not Dead 2</title>
<imdb>tt4824308</imdb>
<year>2016</year>
</meta>
<link>
<sublink>search</sublink>
<sublink>searchsd</sublink>
</link>
</item>

