

<item>
<title>The Gods Must Be Crazy (1980)</title>
<thumbnail>https://image.tmdb.org/t/p/w500/yvD2BWOEM5N4S4f6Yj8IVVjoKQO.jpg</thumbnail>
<fanart>https://image.tmdb.org/t/p/w1280/jgz8vOoEL87xJZBZsqVpN9hq9rC.jpg</fanart>
<meta>
<content>movie</content>
<collection>Gods Must Be Crazy</collection>
<title>The Gods Must Be Crazy</title>
<imdb>tt0080801</imdb>
<year>1980</year>
</meta>
<link>
<sublink>search</sublink>
<sublink>searchsd</sublink>
</link>
</item>

<item>
<title>The Gods Must Be Crazy II (1989)</title>
<thumbnail>https://image.tmdb.org/t/p/w500/zdKMqYiy7s5eyITRf9Q19WtyBxQ.jpg</thumbnail>
<fanart>https://image.tmdb.org/t/p/w1280/mV0e23bsZrEU53hizWRQRGUvv6q.jpg</fanart>
<meta>
<content>movie</content>
<collection>Gods Must Be Crazy</collection>
<title>The Gods Must Be Crazy II</title>
<imdb>tt0097443</imdb>
<year>1989</year>
</meta>
<link>
<sublink>search</sublink>
<sublink>searchsd</sublink>
</link>
</item>

