

<item>
<title>Gremlins (1984)</title>
<thumbnail>https://image.tmdb.org/t/p/w500/gXDHxQ92qyF6LUYwn6xuK2L8TYW.jpg</thumbnail>
<fanart>https://image.tmdb.org/t/p/w1280/m7rPRGcNO6iH5RfuHQJVuY82oJH.jpg</fanart>
<meta>
<content>movie</content>
<collection>Gremlins</collection>
<title>Gremlins</title>
<imdb>tt0087363</imdb>
<year>1984</year>
</meta>
<link>
<sublink>search</sublink>
<sublink>searchsd</sublink>
</link>
</item>

<item>
<title>Gremlins 2: The New Batch (1990)</title>
<thumbnail>https://image.tmdb.org/t/p/w500/eKBIXDGTRMZS4aA9KS71Fyz8Yeq.jpg</thumbnail>
<fanart>https://image.tmdb.org/t/p/w1280/zJTOsSw65H6hdNZq8gWMcmGm81t.jpg</fanart>
<meta>
<content>movie</content>
<collection>Gremlins</collection>
<title>Gremlins 2: The New Batch</title>
<imdb>tt0099700</imdb>
<year>1990</year>
</meta>
<link>
<sublink>search</sublink>
<sublink>searchsd</sublink>
</link>
</item>

