

<item>
<title>The Grudge (2004)</title>
<thumbnail>https://image.tmdb.org/t/p/w500/y05X9RL0FIcEwoVSTppCPcQwhvf.jpg</thumbnail>
<fanart>https://image.tmdb.org/t/p/w1280/jLtAbxJvYdveTr3AeBZyzf9dkOM.jpg</fanart>
<meta>
<content>movie</content>
<collection>Grudge</collection>
<title>The Grudge</title>
<imdb>tt0391198</imdb>
<year>2004</year>
</meta>
<link>
<sublink>search</sublink>
<sublink>searchsd</sublink>
</link>
</item>

<item>
<title>The Grudge 2 (2006)</title>
<thumbnail>https://image.tmdb.org/t/p/w500/lPN7FyCuPDHwoupcuPT72cRE8lY.jpg</thumbnail>
<fanart>https://image.tmdb.org/t/p/w1280/1d3RaNQC1CzaK0N3E3n6EQ7k2v1.jpg</fanart>
<meta>
<content>movie</content>
<collection>Grudge</collection>
<title>The Grudge 2</title>
<imdb>tt0433386</imdb>
<year>2006</year>
</meta>
<link>
<sublink>search</sublink>
<sublink>searchsd</sublink>
</link>
</item>

