

<item>
<title>Halloween (1978)</title>
<thumbnail>https://image.tmdb.org/t/p/w500/vjoOFOTBJcJvA1weJejlZ92LZD4.jpg</thumbnail>
<fanart>https://image.tmdb.org/t/p/w1280/vJHu0oQ35NW4AHUc35DtDK0BZvU.jpg</fanart>
<meta>
<content>movie</content>
<collection>Halloween</collection>
<title>Halloween</title>
<imdb>tt0077651</imdb>
<year>1978</year>
</meta>
<link>
<sublink>search</sublink>
<sublink>searchsd</sublink>
</link>
</item>

<item>
<title>Halloween II (1981)</title>
<thumbnail>https://image.tmdb.org/t/p/w500/9oXa66gARefZBuca4xpD8EFbcVg.jpg</thumbnail>
<fanart>https://image.tmdb.org/t/p/w1280/jOmusOWcDSfol8XQ5QiwKlQfCal.jpg</fanart>
<meta>
<content>movie</content>
<collection>Halloween</collection>
<title>Halloween II</title>
<imdb>tt0082495</imdb>
<year>1981</year>
</meta>
<link>
<sublink>search</sublink>
<sublink>searchsd</sublink>
</link>
</item>

<item>
<title>Halloween III: Season of the Witch (1982)</title>
<thumbnail>https://image.tmdb.org/t/p/w500/svPexK18MEl0lyAqb8fFUGGsEQ8.jpg</thumbnail>
<fanart>https://image.tmdb.org/t/p/w1280/ePkwopLmKbYy0Ul9WvRrHIPs3YE.jpg</fanart>
<meta>
<content>movie</content>
<collection>Halloween</collection>
<title>Halloween III: Season of the Witch</title>
<imdb>tt0085636</imdb>
<year>1982</year>
</meta>
<link>
<sublink>search</sublink>
<sublink>searchsd</sublink>
</link>
</item>

<item>
<title>Halloween 4: The Return of Michael Myers (1988)</title>
<thumbnail>https://image.tmdb.org/t/p/w500/oudmrV1WljSJMpgwq6K4VzbIMMK.jpg</thumbnail>
<fanart>https://image.tmdb.org/t/p/w1280/muJ6Xyph0ESuBpcE0JXUGGB4nCX.jpg</fanart>
<meta>
<content>movie</content>
<collection>Halloween</collection>
<title>Halloween 4: The Return of Michael Myers</title>
<imdb>tt0095271</imdb>
<year>1988</year>
</meta>
<link>
<sublink>search</sublink>
<sublink>searchsd</sublink>
</link>
</item>

<item>
<title>Halloween 5 (1989)</title>
<thumbnail>https://image.tmdb.org/t/p/w500/gQwN6KXBuO94kaYpeX3uaueszkd.jpg</thumbnail>
<fanart>https://image.tmdb.org/t/p/w1280/8VY7yW5F5tZNfGhwdUfrs3SYown.jpg</fanart>
<meta>
<content>movie</content>
<collection>Halloween</collection>
<title>Halloween 5</title>
<imdb>tt0097474</imdb>
<year>1989</year>
</meta>
<link>
<sublink>search</sublink>
<sublink>searchsd</sublink>
</link>
</item>

<item>
<title>Halloween: The Curse of Michael Myers (1995)</title>
<thumbnail>https://image.tmdb.org/t/p/w500/8Tw5IttoEATGD2FHhcG9bDzqwbi.jpg</thumbnail>
<fanart>https://image.tmdb.org/t/p/w1280/shNOTvaMz7C05LxBOWpakfJVWHc.jpg</fanart>
<meta>
<content>movie</content>
<collection>Halloween</collection>
<title>Halloween: The Curse of Michael Myers</title>
<imdb>tt0113253</imdb>
<year>1995</year>
</meta>
<link>
<sublink>search</sublink>
<sublink>searchsd</sublink>
</link>
</item>

<item>
<title>Halloween H20: 20 Years Later (1998)</title>
<thumbnail>https://image.tmdb.org/t/p/w500/crycJDHRvpQyZeQyRYtIZKIpNzK.jpg</thumbnail>
<fanart>https://image.tmdb.org/t/p/w1280/xtVaN3xQ8hjS90Jx29pOkIXKht1.jpg</fanart>
<meta>
<content>movie</content>
<collection>Halloween</collection>
<title>Halloween H20: 20 Years Later</title>
<imdb>tt0120694</imdb>
<year>1998</year>
</meta>
<link>
<sublink>search</sublink>
<sublink>searchsd</sublink>
</link>
</item>

<item>
<title>Halloween: Resurrection (2002)</title>
<thumbnail>https://image.tmdb.org/t/p/w500/luqA2pRzJ4OPxiS9zXa0arQljB1.jpg</thumbnail>
<fanart>https://image.tmdb.org/t/p/w1280/vd3mvr3boCMMmOETDGbeGGmrvzb.jpg</fanart>
<meta>
<content>movie</content>
<collection>Halloween</collection>
<title>Halloween: Resurrection</title>
<imdb>tt0220506</imdb>
<year>2002</year>
</meta>
<link>
<sublink>search</sublink>
<sublink>searchsd</sublink>
</link>
</item>

<item>
<title>Halloween (2007)</title>
<thumbnail>https://image.tmdb.org/t/p/w500/9CPYBA1Fq5BdCmViSPyfPiBOcTH.jpg</thumbnail>
<fanart>https://image.tmdb.org/t/p/w1280/ewk1RjLDX4zynDZFGcDLHWblAbH.jpg</fanart>
<meta>
<content>movie</content>
<collection>Halloween</collection>
<title>Halloween</title>
<imdb>tt0373883</imdb>
<year>2007</year>
</meta>
<link>
<sublink>search</sublink>
<sublink>searchsd</sublink>
</link>
</item>

<item>
<title>Halloween II (2009)</title>
<thumbnail>https://image.tmdb.org/t/p/w500/h1dZl05QjHfoTWrItqn0KVtTHru.jpg</thumbnail>
<fanart>https://image.tmdb.org/t/p/w1280/fSvI1xWZpU7jcW4xkq53CTfyEDs.jpg</fanart>
<meta>
<content>movie</content>
<collection>Halloween</collection>
<title>Halloween II</title>
<imdb>tt1311067</imdb>
<year>2009</year>
</meta>
<link>
<sublink>search</sublink>
<sublink>searchsd</sublink>
</link>
</item>

