

<item>
<title>Manhunter (1986)</title>
<thumbnail>https://image.tmdb.org/t/p/w500/l43BtbZnLU2DaKvU7aNIZwZxpKC.jpg</thumbnail>
<fanart>https://image.tmdb.org/t/p/w1280/yx0rHPKvxVaP9wGqKY4g6JxORUV.jpg</fanart>
<meta>
<content>movie</content>
<collection>Hannibal Lecter</collection>
<title>Manhunter</title>
<imdb>tt0091474</imdb>
<year>1986</year>
</meta>
<link>
<sublink>search</sublink>
<sublink>searchsd</sublink>
</link>
</item>

<item>
<title>The Silence of the Lambs (1991)</title>
<thumbnail>https://image.tmdb.org/t/p/w500/qjAyTj2BSth1EQ89vNfo0JYVPFN.jpg</thumbnail>
<fanart>https://image.tmdb.org/t/p/w1280/upTn8UYt1n92opIEIyzh8HljB0F.jpg</fanart>
<meta>
<content>movie</content>
<collection>Hannibal Lecter</collection>
<title>The Silence of the Lambs</title>
<imdb>tt0102926</imdb>
<year>1991</year>
</meta>
<link>
<sublink>search</sublink>
<sublink>searchsd</sublink>
</link>
</item>

<item>
<title>Hannibal (2001)</title>
<thumbnail>https://image.tmdb.org/t/p/w500/wmuxJ9Kscg0SuGlfg2ARmGgHvOF.jpg</thumbnail>
<fanart>https://image.tmdb.org/t/p/w1280/oMFi7PwDSSsnZGJohH9qLHVhBiO.jpg</fanart>
<meta>
<content>movie</content>
<collection>Hannibal Lecter</collection>
<title>Hannibal</title>
<imdb>tt0212985</imdb>
<year>2001</year>
</meta>
<link>
<sublink>search</sublink>
<sublink>searchsd</sublink>
</link>
</item>

<item>
<title>Red Dragon (2002)</title>
<thumbnail>https://image.tmdb.org/t/p/w500/sULs7GLEM2tqNBwE5ac5d6FRlBR.jpg</thumbnail>
<fanart>https://image.tmdb.org/t/p/w1280/A6IaXiSXJ1nWBtM2YVIc0V8fIZv.jpg</fanart>
<meta>
<content>movie</content>
<collection>Hannibal Lecter</collection>
<title>Red Dragon</title>
<imdb>tt0289765</imdb>
<year>2002</year>
</meta>
<link>
<sublink>search</sublink>
<sublink>searchsd</sublink>
</link>
</item>

<item>
<title>Hannibal Rising (2007)</title>
<thumbnail>https://image.tmdb.org/t/p/w500/athS1NzNvBRBKsaGni3TEOKUO8N.jpg</thumbnail>
<fanart>https://image.tmdb.org/t/p/w1280/ruFuXoOhsnbr9VBC9aBYCR8KNlp.jpg</fanart>
<meta>
<content>movie</content>
<collection>Hannibal Lecter</collection>
<title>Hannibal Rising</title>
<imdb>tt0367959</imdb>
<year>2007</year>
</meta>
<link>
<sublink>search</sublink>
<sublink>searchsd</sublink>
</link>
</item>

