

<item>
<title>Harry Potter and the Sorcerer's Stone (2001)</title>
<thumbnail>https://image.tmdb.org/t/p/w500/dCtFvscYcXQKTNvyyaQr2g2UacJ.jpg</thumbnail>
<fanart>https://image.tmdb.org/t/p/w1280/uD93T339xX1k3fnDUaeopZBiajY.jpg</fanart>
<meta>
<content>movie</content>
<collection>Harry Potter</collection>
<title>Harry Potter and the Sorcerer's Stone</title>
<imdb>tt0241527</imdb>
<year>2001</year>
</meta>
<link>
<sublink>search</sublink>
<sublink>searchsd</sublink>
</link>
</item>

<item>
<title>Harry Potter and the Chamber of Secrets (2002)</title>
<thumbnail>https://image.tmdb.org/t/p/w500/g8IQhqYYLERU0UxjVaySP46PFEZ.jpg</thumbnail>
<fanart>https://image.tmdb.org/t/p/w1280/avqzwKn89VetTEvAlBePt3Us6Al.jpg</fanart>
<meta>
<content>movie</content>
<collection>Harry Potter</collection>
<title>Harry Potter and the Chamber of Secrets</title>
<imdb>tt0295297</imdb>
<year>2002</year>
</meta>
<link>
<sublink>search</sublink>
<sublink>searchsd</sublink>
</link>
</item>

<item>
<title>Harry Potter and the Prisoner of Azkaban (2004)</title>
<thumbnail>https://image.tmdb.org/t/p/w500/qMn0YCWKxt7xg8nqRnRj2Ei9qgx.jpg</thumbnail>
<fanart>https://image.tmdb.org/t/p/w1280/wWdlIBxn9xCmySxnSWtI2BjZZkF.jpg</fanart>
<meta>
<content>movie</content>
<collection>Harry Potter</collection>
<title>Harry Potter and the Prisoner of Azkaban</title>
<imdb>tt0304141</imdb>
<year>2004</year>
</meta>
<link>
<sublink>search</sublink>
<sublink>searchsd</sublink>
</link>
</item>

<item>
<title>Harry Potter and the Goblet of Fire (2005)</title>
<thumbnail>https://image.tmdb.org/t/p/w500/6sASqcdrEHXxUhA3nFpjrRecPD2.jpg</thumbnail>
<fanart>https://image.tmdb.org/t/p/w1280/gzKW3emulMxIHzuXxZoyDB1lei9.jpg</fanart>
<meta>
<content>movie</content>
<collection>Harry Potter</collection>
<title>Harry Potter and the Goblet of Fire</title>
<imdb>tt0330373</imdb>
<year>2005</year>
</meta>
<link>
<sublink>search</sublink>
<sublink>searchsd</sublink>
</link>
</item>

<item>
<title>Harry Potter and the Order of the Phoenix (2007)</title>
<thumbnail>https://image.tmdb.org/t/p/w500/lmYmoXVzVrTadfXHZ3v1ySqA1fn.jpg</thumbnail>
<fanart>https://image.tmdb.org/t/p/w1280/gGt4ePOhD8ilxd3FYhKB06L2CyG.jpg</fanart>
<meta>
<content>movie</content>
<collection>Harry Potter</collection>
<title>Harry Potter and the Order of the Phoenix</title>
<imdb>tt0373889</imdb>
<year>2007</year>
</meta>
<link>
<sublink>search</sublink>
<sublink>searchsd</sublink>
</link>
</item>

<item>
<title>Harry Potter and the Half-Blood Prince (2009)</title>
<thumbnail>https://image.tmdb.org/t/p/w500/bFXys2nhALwDvpkF3dP3Vvdfn8b.jpg</thumbnail>
<fanart>https://image.tmdb.org/t/p/w1280/qMl7Sjvw2pJ3pVEWh4IaDwnt6Ik.jpg</fanart>
<meta>
<content>movie</content>
<collection>Harry Potter</collection>
<title>Harry Potter and the Half-Blood Prince</title>
<imdb>tt0417741</imdb>
<year>2009</year>
</meta>
<link>
<sublink>search</sublink>
<sublink>searchsd</sublink>
</link>
</item>

<item>
<title>Harry Potter and the Deathly Hallows: Part 1 (2010)</title>
<thumbnail>https://image.tmdb.org/t/p/w500/6aEW544qOWoW2h3eQm2zqEzPISO.jpg</thumbnail>
<fanart>https://image.tmdb.org/t/p/w1280/8YA36faYlkpfp6aozcGsqq68pZ9.jpg</fanart>
<meta>
<content>movie</content>
<collection>Harry Potter</collection>
<title>Harry Potter and the Deathly Hallows: Part 1</title>
<imdb>tt0926084</imdb>
<year>2010</year>
</meta>
<link>
<sublink>search</sublink>
<sublink>searchsd</sublink>
</link>
</item>

<item>
<title>Harry Potter and the Deathly Hallows: Part 2 (2011)</title>
<thumbnail>https://image.tmdb.org/t/p/w500/fTplI1NCSuEDP4ITLcTps739fcC.jpg</thumbnail>
<fanart>https://image.tmdb.org/t/p/w1280/6n0DAcyjTHS6888mt8U9ZsLy9nR.jpg</fanart>
<meta>
<content>movie</content>
<collection>Harry Potter</collection>
<title>Harry Potter and the Deathly Hallows: Part 2</title>
<imdb>tt1201607</imdb>
<year>2011</year>
</meta>
<link>
<sublink>search</sublink>
<sublink>searchsd</sublink>
</link>
</item>

<item>
<title>Fantastic Beasts and Where to Find Them (2016)</title>
<thumbnail>https://image.tmdb.org/t/p/w500/9HE9xiNMEFJnCzndlkWD7oPfAOx.jpg</thumbnail>
<fanart>https://image.tmdb.org/t/p/w1280/bzfiQ0sYsLo6kzeP1DntXxZ4quD.jpg</fanart>
<meta>
<content>movie</content>
<collection>Harry Potter</collection>
<title>Fantastic Beasts and Where to Find Them</title>
<imdb>tt3183660</imdb>
<year>2016</year>
</meta>
<link>
<sublink>search</sublink>
<sublink>searchsd</sublink>
</link>
</item>

