

<item>
<title>Highlander (1986)</title>
<thumbnail>https://image.tmdb.org/t/p/w500/6l4t1vWAFMuAiOpDT0mDWlrr5Mp.jpg</thumbnail>
<fanart>https://image.tmdb.org/t/p/w1280/xsaZ3ygbVXCForLfGwre3eG96P8.jpg</fanart>
<meta>
<content>movie</content>
<collection>Highlander</collection>
<title>Highlander</title>
<imdb>tt0091203</imdb>
<year>1986</year>
</meta>
<link>
<sublink>search</sublink>
<sublink>searchsd</sublink>
</link>
</item>

<item>
<title>Highlander II: The Quickening (1991)</title>
<thumbnail>https://image.tmdb.org/t/p/w500/7W43CXQh6jF9NhnBnlA4BoaFp8W.jpg</thumbnail>
<fanart>https://image.tmdb.org/t/p/w1280/oLQNmDbVOzmXpzvgdwropJNEBI0.jpg</fanart>
<meta>
<content>movie</content>
<collection>Highlander</collection>
<title>Highlander II: The Quickening</title>
<imdb>tt0102034</imdb>
<year>1991</year>
</meta>
<link>
<sublink>search</sublink>
<sublink>searchsd</sublink>
</link>
</item>

<item>
<title>Highlander: The Final Dimension (1994)</title>
<thumbnail>https://image.tmdb.org/t/p/w500/8ZeckjmtObR3QPjzSm4X656vFS2.jpg</thumbnail>
<fanart>https://image.tmdb.org/t/p/w1280/opz4bVpTa6zViVovC3l0SarIDJI.jpg</fanart>
<meta>
<content>movie</content>
<collection>Highlander</collection>
<title>Highlander: The Final Dimension</title>
<imdb>tt0110027</imdb>
<year>1994</year>
</meta>
<link>
<sublink>search</sublink>
<sublink>searchsd</sublink>
</link>
</item>

<item>
<title>Highlander: Endgame (2000)</title>
<thumbnail>https://image.tmdb.org/t/p/w500/fmDt68Pj9OiR3pfvNL9qkuhKvi2.jpg</thumbnail>
<fanart>https://image.tmdb.org/t/p/w1280/xYdzbB3TksChZLuZ9qq7iq5fFux.jpg</fanart>
<meta>
<content>movie</content>
<collection>Highlander</collection>
<title>Highlander: Endgame</title>
<imdb>tt0144964</imdb>
<year>2000</year>
</meta>
<link>
<sublink>search</sublink>
<sublink>searchsd</sublink>
</link>
</item>

