

<item>
<title>The Hills Have Eyes (2006)</title>
<thumbnail>https://image.tmdb.org/t/p/w500/hNuqY8h1oBGTnEQK75AH4IwuiPG.jpg</thumbnail>
<fanart>https://image.tmdb.org/t/p/w1280/7JmFtKtvgVD0zQ2xPQdUKtTXdeA.jpg</fanart>
<meta>
<content>movie</content>
<collection>Hills Have Eyes</collection>
<title>The Hills Have Eyes</title>
<imdb>tt0454841</imdb>
<year>2006</year>
</meta>
<link>
<sublink>search</sublink>
<sublink>searchsd</sublink>
</link>
</item>

<item>
<title>The Hills Have Eyes II (2007)</title>
<thumbnail>https://image.tmdb.org/t/p/w500/7yKntBeRLuj95pRxnlnnRPqr1xd.jpg</thumbnail>
<fanart>https://image.tmdb.org/t/p/w1280/t3N4QkppS7MiCX6DT0HWwdpxOOV.jpg</fanart>
<meta>
<content>movie</content>
<collection>Hills Have Eyes</collection>
<title>The Hills Have Eyes II</title>
<imdb>tt0800069</imdb>
<year>2007</year>
</meta>
<link>
<sublink>search</sublink>
<sublink>searchsd</sublink>
</link>
</item>

