

<item>
<title>Honey (2003)</title>
<thumbnail>https://image.tmdb.org/t/p/w500/nC4W7JYMoqFxRBx2HR2MYDYq8Lr.jpg</thumbnail>
<fanart>https://image.tmdb.org/t/p/w1280/5EIo0RhsNbi7FkFkcf34nL2Z8Ch.jpg</fanart>
<meta>
<content>movie</content>
<collection>Honey</collection>
<title>Honey</title>
<imdb>tt0322589</imdb>
<year>2003</year>
</meta>
<link>
<sublink>search</sublink>
<sublink>searchsd</sublink>
</link>
</item>

<item>
<title>Honey 2 (2011)</title>
<thumbnail>https://image.tmdb.org/t/p/w500/dfWEH4o47e7aSnf9bfdOfbAsken.jpg</thumbnail>
<fanart>https://image.tmdb.org/t/p/w1280/xOPvlQi0JNCfqeK8SzFgXMl8de.jpg</fanart>
<meta>
<content>movie</content>
<collection>Honey</collection>
<title>Honey 2</title>
<imdb>tt1657283</imdb>
<year>2011</year>
</meta>
<link>
<sublink>search</sublink>
<sublink>searchsd</sublink>
</link>
</item>

