

<item>
<title>Hoodwinked! (2005)</title>
<thumbnail>https://image.tmdb.org/t/p/w500/cx7CmTKBa5sgZqLp6680CdMrZc1.jpg</thumbnail>
<fanart>https://image.tmdb.org/t/p/w1280/4KWtkmddn9bu537mU2WRsmJuoBe.jpg</fanart>
<meta>
<content>movie</content>
<collection>Hoodwinked</collection>
<title>Hoodwinked!</title>
<imdb>tt0443536</imdb>
<year>2005</year>
</meta>
<link>
<sublink>search</sublink>
<sublink>searchsd</sublink>
</link>
</item>

<item>
<title>Hoodwinked Too! Hood vs. Evil (2011)</title>
<thumbnail>https://image.tmdb.org/t/p/w500/1Ldl7ji0iTlGePh09RU4bopkwSG.jpg</thumbnail>
<fanart>https://image.tmdb.org/t/p/w1280/qQbv9SOHvbUSUxeQ1qOXK9VP0pg.jpg</fanart>
<meta>
<content>movie</content>
<collection>Hoodwinked</collection>
<title>Hoodwinked Too! Hood vs. Evil</title>
<imdb>tt0844993</imdb>
<year>2011</year>
</meta>
<link>
<sublink>search</sublink>
<sublink>searchsd</sublink>
</link>
</item>

