

<item>
<title>Hot Tub Time Machine (2010)</title>
<thumbnail>https://image.tmdb.org/t/p/w500/zERxFAXiQdPAfsumIIcBFH8fOVt.jpg</thumbnail>
<fanart>https://image.tmdb.org/t/p/w1280/i4xX5YUHUfNvlHt65DPDXQgJT7m.jpg</fanart>
<meta>
<content>movie</content>
<collection>Hot Tub Time Machine</collection>
<title>Hot Tub Time Machine</title>
<imdb>tt1231587</imdb>
<year>2010</year>
</meta>
<link>
<sublink>search</sublink>
<sublink>searchsd</sublink>
</link>
</item>

<item>
<title>Hot Tub Time Machine 2 (2015)</title>
<thumbnail>https://image.tmdb.org/t/p/w500/tQtWuwvMf0hCc2QR2tkolwl7c3c.jpg</thumbnail>
<fanart>https://image.tmdb.org/t/p/w1280/e2au5ZOOxThV3mB6Wu0fK8OFqpq.jpg</fanart>
<meta>
<content>movie</content>
<collection>Hot Tub Time Machine</collection>
<title>Hot Tub Time Machine 2</title>
<imdb>tt2637294</imdb>
<year>2015</year>
</meta>
<link>
<sublink>search</sublink>
<sublink>searchsd</sublink>
</link>
</item>

