

<item>
<title>Hotel Transylvania (2012)</title>
<thumbnail>https://image.tmdb.org/t/p/w500/9qugesYpAWHUpdrw2w8URSGkAPt.jpg</thumbnail>
<fanart>https://image.tmdb.org/t/p/w1280/pQPRp30zd0BSaefterJnLmh4Rs9.jpg</fanart>
<meta>
<content>movie</content>
<collection>Hotel Transylvania</collection>
<title>Hotel Transylvania</title>
<imdb>tt0837562</imdb>
<year>2012</year>
</meta>
<link>
<sublink>search</sublink>
<sublink>searchsd</sublink>
</link>
</item>

<item>
<title>Hotel Transylvania 2 (2015)</title>
<thumbnail>https://image.tmdb.org/t/p/w500/t4PLWexbe4wbNydCOBv18cYexup.jpg</thumbnail>
<fanart>https://image.tmdb.org/t/p/w1280/tTx6iQBzbfIRGGEMjreqjzgTS5q.jpg</fanart>
<meta>
<content>movie</content>
<collection>Hotel Transylvania</collection>
<title>Hotel Transylvania 2</title>
<imdb>tt2510894</imdb>
<year>2015</year>
</meta>
<link>
<sublink>search</sublink>
<sublink>searchsd</sublink>
</link>
</item>

