

<item>
<title>The Hunger Games (2012)</title>
<thumbnail>https://image.tmdb.org/t/p/w500/iLJdwmzrHFjFwI5lvYAT1gcpRuA.jpg</thumbnail>
<fanart>https://image.tmdb.org/t/p/w1280/8flggcCB2DnwpAhNF1ZN5MbeMMi.jpg</fanart>
<meta>
<content>movie</content>
<collection>Hunger Games</collection>
<title>The Hunger Games</title>
<imdb>tt1392170</imdb>
<year>2012</year>
</meta>
<link>
<sublink>search</sublink>
<sublink>searchsd</sublink>
</link>
</item>

<item>
<title>The Hunger Games: Catching Fire (2013)</title>
<thumbnail>https://image.tmdb.org/t/p/w500/tAhSyLxpaZJCr1oc2a3flvC2B7x.jpg</thumbnail>
<fanart>https://image.tmdb.org/t/p/w1280/3mUse17lAqd0Jq4lqj5gdVBa0m5.jpg</fanart>
<meta>
<content>movie</content>
<collection>Hunger Games</collection>
<title>The Hunger Games: Catching Fire</title>
<imdb>tt1951264</imdb>
<year>2013</year>
</meta>
<link>
<sublink>search</sublink>
<sublink>searchsd</sublink>
</link>
</item>

<item>
<title>The Hunger Games: Mockingjay - Part 1 (2014)</title>
<thumbnail>https://image.tmdb.org/t/p/w500/gj282Pniaa78ZJfbaixyLXnXEDI.jpg</thumbnail>
<fanart>https://image.tmdb.org/t/p/w1280/2ryEVMGIRSGYd8EvwbCmugQuFqA.jpg</fanart>
<meta>
<content>movie</content>
<collection>Hunger Games</collection>
<title>The Hunger Games: Mockingjay - Part 1</title>
<imdb>tt1951265</imdb>
<year>2014</year>
</meta>
<link>
<sublink>search</sublink>
<sublink>searchsd</sublink>
</link>
</item>

<item>
<title>The Hunger Games: Mockingjay - Part 2 (2015)</title>
<thumbnail>https://image.tmdb.org/t/p/w500/w93GAiq860UjmgR6tU9h2T24vaV.jpg</thumbnail>
<fanart>https://image.tmdb.org/t/p/w1280/5VN9YmiPOuXhwjQ5GfofNpBjKua.jpg</fanart>
<meta>
<content>movie</content>
<collection>Hunger Games</collection>
<title>The Hunger Games: Mockingjay - Part 2</title>
<imdb>tt1951266</imdb>
<year>2015</year>
</meta>
<link>
<sublink>search</sublink>
<sublink>searchsd</sublink>
</link>
</item>

