

<item>
<title>Raiders of the Lost Ark (1981)</title>
<thumbnail>https://image.tmdb.org/t/p/w500/aC3ilmmEe4zrVJ97lPmJtuV64zk.jpg</thumbnail>
<fanart>https://image.tmdb.org/t/p/w1280/mlYtV92oV3gA3uoRmpa2zqGhQKZ.jpg</fanart>
<meta>
<content>movie</content>
<collection>Indiana Jones</collection>
<title>Raiders of the Lost Ark</title>
<imdb>tt0082971</imdb>
<year>1981</year>
</meta>
<link>
<sublink>search</sublink>
<sublink>searchsd</sublink>
</link>
</item>

<item>
<title>Indiana Jones and the Temple of Doom (1984)</title>
<thumbnail>https://image.tmdb.org/t/p/w500/rR0X73zJWHLa3sPMcoFts5gu2zW.jpg</thumbnail>
<fanart>https://image.tmdb.org/t/p/w1280/mWuFDpOxXJpPxLM3p8f3w02pBb2.jpg</fanart>
<meta>
<content>movie</content>
<collection>Indiana Jones</collection>
<title>Indiana Jones and the Temple of Doom</title>
<imdb>tt0087469</imdb>
<year>1984</year>
</meta>
<link>
<sublink>search</sublink>
<sublink>searchsd</sublink>
</link>
</item>

<item>
<title>Indiana Jones and the Last Crusade (1989)</title>
<thumbnail>https://image.tmdb.org/t/p/w500/vSsiIe0p2lOi0aiBVAjwzPIXkpU.jpg</thumbnail>
<fanart>https://image.tmdb.org/t/p/w1280/m3bEQlir8IWpmFocQBXWM5fkHri.jpg</fanart>
<meta>
<content>movie</content>
<collection>Indiana Jones</collection>
<title>Indiana Jones and the Last Crusade</title>
<imdb>tt0097576</imdb>
<year>1989</year>
</meta>
<link>
<sublink>search</sublink>
<sublink>searchsd</sublink>
</link>
</item>

<item>
<title>Indiana Jones and the Kingdom of the Crystal Skull (2008)</title>
<thumbnail>https://image.tmdb.org/t/p/w500/zeaUw2DwrS40wGB3oIZQjsCEbAF.jpg</thumbnail>
<fanart>https://image.tmdb.org/t/p/w1280/fbYVcWPMtNRZ8uG6yg85hcGh1i4.jpg</fanart>
<meta>
<content>movie</content>
<collection>Indiana Jones</collection>
<title>Indiana Jones and the Kingdom of the Crystal Skull</title>
<imdb>tt0367882</imdb>
<year>2008</year>
</meta>
<link>
<sublink>search</sublink>
<sublink>searchsd</sublink>
</link>
</item>

