

<item>
<title>Insidious (2010)</title>
<thumbnail>https://image.tmdb.org/t/p/w500/urAaOffVaxQzRJ8X5Z0oDqOWAjl.jpg</thumbnail>
<fanart>https://image.tmdb.org/t/p/w1280/wufUIQSDKRpXVI9DvG1uDI8gIi5.jpg</fanart>
<meta>
<content>movie</content>
<collection>Insidious</collection>
<title>Insidious</title>
<imdb>tt1591095</imdb>
<year>2010</year>
</meta>
<link>
<sublink>search</sublink>
<sublink>searchsd</sublink>
</link>
</item>

<item>
<title>Insidious: Chapter 2 (2013)</title>
<thumbnail>https://image.tmdb.org/t/p/w500/vmWgw1Lsc6bHThA6S2k8fPsROaI.jpg</thumbnail>
<fanart>https://image.tmdb.org/t/p/w1280/dDn0XtOu3OchdqIC857BQVatvQj.jpg</fanart>
<meta>
<content>movie</content>
<collection>Insidious</collection>
<title>Insidious: Chapter 2</title>
<imdb>tt2226417</imdb>
<year>2013</year>
</meta>
<link>
<sublink>search</sublink>
<sublink>searchsd</sublink>
</link>
</item>

<item>
<title>Insidious: Chapter 3 (2015)</title>
<thumbnail>https://image.tmdb.org/t/p/w500/ixANIbPRTNMAstlqJa2FlfBesyQ.jpg</thumbnail>
<fanart>https://image.tmdb.org/t/p/w1280/xp6JR1sXpJoG142AhTZ4lsHYFuz.jpg</fanart>
<meta>
<content>movie</content>
<collection>Insidious</collection>
<title>Insidious: Chapter 3</title>
<imdb>tt3195644</imdb>
<year>2015</year>
</meta>
<link>
<sublink>search</sublink>
<sublink>searchsd</sublink>
</link>
</item>

