

<item>
<title>Jack Reacher (2012)</title>
<thumbnail>https://image.tmdb.org/t/p/w500/dbNtoDhR9jNhrX1k9lTxD8sTMjd.jpg</thumbnail>
<fanart>https://image.tmdb.org/t/p/w1280/ezXodpP429qK0Av89pVNlaXWJkQ.jpg</fanart>
<meta>
<content>movie</content>
<collection>Jack Reacher</collection>
<title>Jack Reacher</title>
<imdb>tt0790724</imdb>
<year>2012</year>
</meta>
<link>
<sublink>search</sublink>
<sublink>searchsd</sublink>
</link>
</item>

<item>
<title>Jack Reacher: Never Go Back (2016)</title>
<thumbnail>https://image.tmdb.org/t/p/w500/mbEtKblZkcwMabUJT8Xs0YjPMhU.jpg</thumbnail>
<fanart>https://image.tmdb.org/t/p/w1280/9UsSZ9BOT2LsRR2bDOCE7Sg4qSp.jpg</fanart>
<meta>
<content>movie</content>
<collection>Jack Reacher</collection>
<title>Jack Reacher: Never Go Back</title>
<imdb>tt3393786</imdb>
<year>2016</year>
</meta>
<link>
<sublink>search</sublink>
<sublink>searchsd</sublink>
</link>
</item>

