

<item>
<title>Jaws (1975)</title>
<thumbnail>https://image.tmdb.org/t/p/w500/l1yltvzILaZcx2jYvc5sEMkM7Eh.jpg</thumbnail>
<fanart>https://image.tmdb.org/t/p/w1280/18P1UgSMqrLvoGUOARCvvTF4paS.jpg</fanart>
<meta>
<content>movie</content>
<collection>Jaws</collection>
<title>Jaws</title>
<imdb>tt0073195</imdb>
<year>1975</year>
</meta>
<link>
<sublink>search</sublink>
<sublink>searchsd</sublink>
</link>
</item>

<item>
<title>Jaws 2 (1978)</title>
<thumbnail>https://image.tmdb.org/t/p/w500/zzGtimy1mUJYDjFjCmn2dpHREGV.jpg</thumbnail>
<fanart>https://image.tmdb.org/t/p/w1280/pUVaVyWFBRCRSuu6M0rFcyqAwQx.jpg</fanart>
<meta>
<content>movie</content>
<collection>Jaws</collection>
<title>Jaws 2</title>
<imdb>tt0077766</imdb>
<year>1978</year>
</meta>
<link>
<sublink>search</sublink>
<sublink>searchsd</sublink>
</link>
</item>

<item>
<title>Jaws 3-D (1983)</title>
<thumbnail>https://image.tmdb.org/t/p/w500/jQa0nQvbjwDT79WFi7wt1rAtKRT.jpg</thumbnail>
<fanart>https://image.tmdb.org/t/p/w1280/e6xFzaEzjSF4OnJ4f65ovMJE3vu.jpg</fanart>
<meta>
<content>movie</content>
<collection>Jaws</collection>
<title>Jaws 3-D</title>
<imdb>tt0085750</imdb>
<year>1983</year>
</meta>
<link>
<sublink>search</sublink>
<sublink>searchsd</sublink>
</link>
</item>

<item>
<title>Jaws: The Revenge (1987)</title>
<thumbnail>https://image.tmdb.org/t/p/w500/ssDizT0itTUaAdHoVrxRElo7Q1A.jpg</thumbnail>
<fanart>https://image.tmdb.org/t/p/w1280/ySH9Jusrh4zKeQf05Ue0W4lqx3U.jpg</fanart>
<meta>
<content>movie</content>
<collection>Jaws</collection>
<title>Jaws: The Revenge</title>
<imdb>tt0093300</imdb>
<year>1987</year>
</meta>
<link>
<sublink>search</sublink>
<sublink>searchsd</sublink>
</link>
</item>

