

<item>
<title>Jeepers Creepers (2001)</title>
<thumbnail>https://image.tmdb.org/t/p/w500/gaIiibMDw95MDT0QtpwMCFDSyQO.jpg</thumbnail>
<fanart>https://image.tmdb.org/t/p/w1280/rkFIuhiDLpOi3kJF7X94U0jPMk7.jpg</fanart>
<meta>
<content>movie</content>
<collection>Jeepers Creepers</collection>
<title>Jeepers Creepers</title>
<imdb>tt0263488</imdb>
<year>2001</year>
</meta>
<link>
<sublink>search</sublink>
<sublink>searchsd</sublink>
</link>
</item>

<item>
<title>Jeepers Creepers II (2003)</title>
<thumbnail>https://image.tmdb.org/t/p/w500/yyCvROn0bSq5VlV3NhQxB3wzbTB.jpg</thumbnail>
<fanart>https://image.tmdb.org/t/p/w1280/6wRXMPdk21jNsXHcMJ3hJuahHjX.jpg</fanart>
<meta>
<content>movie</content>
<collection>Jeepers Creepers</collection>
<title>Jeepers Creepers II</title>
<imdb>tt0301470</imdb>
<year>2003</year>
</meta>
<link>
<sublink>search</sublink>
<sublink>searchsd</sublink>
</link>
</item>

