

<item>
<title>The Jungle Book (1967)</title>
<thumbnail>https://image.tmdb.org/t/p/w500/1AreNcL9s24Qfghbzomy0IlzCFk.jpg</thumbnail>
<fanart>https://image.tmdb.org/t/p/w1280/c2rWPWDJU6tIEHB9mA0BEmXDkAS.jpg</fanart>
<meta>
<content>movie</content>
<collection>Jungle Book</collection>
<title>The Jungle Book</title>
<imdb>tt0061852</imdb>
<year>1967</year>
</meta>
<link>
<sublink>search</sublink>
<sublink>searchsd</sublink>
</link>
</item>

<item>
<title>The Jungle Book 2 (2003)</title>
<thumbnail>https://image.tmdb.org/t/p/w500/1RuSouDN1hiIpVQrGlkmKFpNqKd.jpg</thumbnail>
<fanart>https://image.tmdb.org/t/p/w1280/tmPv63fkjFRVy0F7PFuuR3cJ5Xf.jpg</fanart>
<meta>
<content>movie</content>
<collection>Jungle Book</collection>
<title>The Jungle Book 2</title>
<imdb>tt0283426</imdb>
<year>2003</year>
</meta>
<link>
<sublink>search</sublink>
<sublink>searchsd</sublink>
</link>
</item>

