

<item>
<title>Jurassic Park (1993)</title>
<thumbnail>https://image.tmdb.org/t/p/w500/c414cDeQ9b6qLPLeKmiJuLDUREJ.jpg</thumbnail>
<fanart>https://image.tmdb.org/t/p/w1280/c1T38mjzj4soyUIIm5cEYgzJr8W.jpg</fanart>
<meta>
<content>movie</content>
<collection>Jurassic Park</collection>
<title>Jurassic Park</title>
<imdb>tt0107290</imdb>
<year>1993</year>
</meta>
<link>
<sublink>search</sublink>
<sublink>searchsd</sublink>
</link>
</item>

<item>
<title>The Lost World: Jurassic Park (1997)</title>
<thumbnail>https://image.tmdb.org/t/p/w500/u1fXmEQUCI9CjyHCCYOPBSq2DYo.jpg</thumbnail>
<fanart>https://image.tmdb.org/t/p/w1280/uzEzelcYuWu7nBXSLtKgI9aQ2VO.jpg</fanart>
<meta>
<content>movie</content>
<collection>Jurassic Park</collection>
<title>The Lost World: Jurassic Park</title>
<imdb>tt0119567</imdb>
<year>1997</year>
</meta>
<link>
<sublink>search</sublink>
<sublink>searchsd</sublink>
</link>
</item>

<item>
<title>Jurassic Park III (2001)</title>
<thumbnail>https://image.tmdb.org/t/p/w500/26L7XODsNlxX3VwkfuUnYOslbRF.jpg</thumbnail>
<fanart>https://image.tmdb.org/t/p/w1280/b617fCm0275hXuhH6JuEmcAcvyM.jpg</fanart>
<meta>
<content>movie</content>
<collection>Jurassic Park</collection>
<title>Jurassic Park III</title>
<imdb>tt0163025</imdb>
<year>2001</year>
</meta>
<link>
<sublink>search</sublink>
<sublink>searchsd</sublink>
</link>
</item>

<item>
<title>Jurassic World (2015)</title>
<thumbnail>https://image.tmdb.org/t/p/w500/jjBgi2r5cRt36xF6iNUEhzscEcb.jpg</thumbnail>
<fanart>https://image.tmdb.org/t/p/w1280/x0N7jX6TgSbdicRm7vW4op7cwkQ.jpg</fanart>
<meta>
<content>movie</content>
<collection>Jurassic Park</collection>
<title>Jurassic World</title>
<imdb>tt0369610</imdb>
<year>2015</year>
</meta>
<link>
<sublink>search</sublink>
<sublink>searchsd</sublink>
</link>
</item>

