

<item>
<title>Kill Bill: Vol. 1 (2003)</title>
<thumbnail>https://image.tmdb.org/t/p/w500/vdENJAPObttowMtIwe9jgtbsEnq.jpg</thumbnail>
<fanart>https://image.tmdb.org/t/p/w1280/eRRGHIeCDoQm82DMQvmd2Cyy7rQ.jpg</fanart>
<meta>
<content>movie</content>
<collection>Kill Bill</collection>
<title>Kill Bill: Vol. 1</title>
<imdb>tt0266697</imdb>
<year>2003</year>
</meta>
<link>
<sublink>search</sublink>
<sublink>searchsd</sublink>
</link>
</item>

<item>
<title>Kill Bill: Vol. 2 (2004)</title>
<thumbnail>https://image.tmdb.org/t/p/w500/bxbX4sHZHcy81dnNs4VAVs7HXDL.jpg</thumbnail>
<fanart>https://image.tmdb.org/t/p/w1280/33WfP01Pu8SMuuHYnoJXMRCMtmI.jpg</fanart>
<meta>
<content>movie</content>
<collection>Kill Bill</collection>
<title>Kill Bill: Vol. 2</title>
<imdb>tt0378194</imdb>
<year>2004</year>
</meta>
<link>
<sublink>search</sublink>
<sublink>searchsd</sublink>
</link>
</item>

