

<item>
<title>Kung Fu Panda (2008)</title>
<thumbnail>https://image.tmdb.org/t/p/w500/2Paj1nufT0jeSY0G4u3RC31HIGT.jpg</thumbnail>
<fanart>https://image.tmdb.org/t/p/w1280/rSL0kIydQyxf74n0rlcMsIegUBu.jpg</fanart>
<meta>
<content>movie</content>
<collection>Kung Fu Panda</collection>
<title>Kung Fu Panda</title>
<imdb>tt0441773</imdb>
<year>2008</year>
</meta>
<link>
<sublink>search</sublink>
<sublink>searchsd</sublink>
</link>
</item>

<item>
<title>Kung Fu Panda 2 (2011)</title>
<thumbnail>https://image.tmdb.org/t/p/w500/Fzyy2dauoKxjUzUPYYo3kJkJAW.jpg</thumbnail>
<fanart>https://image.tmdb.org/t/p/w1280/v1zha33ACsU0ifzSAOShHS0MuMg.jpg</fanart>
<meta>
<content>movie</content>
<collection>Kung Fu Panda</collection>
<title>Kung Fu Panda 2</title>
<imdb>tt1302011</imdb>
<year>2011</year>
</meta>
<link>
<sublink>search</sublink>
<sublink>searchsd</sublink>
</link>
</item>

<item>
<title>Kung Fu Panda 3 (2016)</title>
<thumbnail>https://image.tmdb.org/t/p/w500/MZFPacfKzgisnPoJIPEFZUXBBT.jpg</thumbnail>
<fanart>https://image.tmdb.org/t/p/w1280/ak4cDB4uNdNqmgyoyhBMy6AsPjb.jpg</fanart>
<meta>
<content>movie</content>
<collection>Kung Fu Panda</collection>
<title>Kung Fu Panda 3</title>
<imdb>tt2267968</imdb>
<year>2016</year>
</meta>
<link>
<sublink>search</sublink>
<sublink>searchsd</sublink>
</link>
</item>

