

<item>
<title>Look Who's Talking (1989)</title>
<thumbnail>https://image.tmdb.org/t/p/w500/zyq8wUKk3FVfgkYnI1IVgmypOtG.jpg</thumbnail>
<fanart>https://image.tmdb.org/t/p/w1280/dxoXN8vyynV97e20nwYnhZAl5AD.jpg</fanart>
<meta>
<content>movie</content>
<collection>Look Who's Talking</collection>
<title>Look Who's Talking</title>
<imdb>tt0097778</imdb>
<year>1989</year>
</meta>
<link>
<sublink>search</sublink>
<sublink>searchsd</sublink>
</link>
</item>

<item>
<title>Look Who's Talking Too (1990)</title>
<thumbnail>https://image.tmdb.org/t/p/w500/7HtSFUYBPOUd9ylUXU0LyPsxpRm.jpg</thumbnail>
<fanart>https://image.tmdb.org/t/p/w1280/xh1J5kLepieBaw7KmVunXl8gyXh.jpg</fanart>
<meta>
<content>movie</content>
<collection>Look Who's Talking</collection>
<title>Look Who's Talking Too</title>
<imdb>tt0100050</imdb>
<year>1990</year>
</meta>
<link>
<sublink>search</sublink>
<sublink>searchsd</sublink>
</link>
</item>

<item>
<title>Look Who's Talking Now (1993)</title>
<thumbnail>https://image.tmdb.org/t/p/w500/kgtTgLOVvMY4QMRSJVMMGKxjqpt.jpg</thumbnail>
<fanart>https://image.tmdb.org/t/p/w1280/vHjiBNjl0fiprZD5nb58pLi4zeo.jpg</fanart>
<meta>
<content>movie</content>
<collection>Look Who's Talking</collection>
<title>Look Who's Talking Now</title>
<imdb>tt0107438</imdb>
<year>1993</year>
</meta>
<link>
<sublink>search</sublink>
<sublink>searchsd</sublink>
</link>
</item>

