

<item>
<title>Machete (2010)</title>
<thumbnail>https://image.tmdb.org/t/p/w500/3RCX4EzTrpO6wNz536EQPhYM2Fk.jpg</thumbnail>
<fanart>https://image.tmdb.org/t/p/w1280/qayeOS1ySq99RmGKiELH7sCOLpv.jpg</fanart>
<meta>
<content>movie</content>
<collection>Machete</collection>
<title>Machete</title>
<imdb>tt0985694</imdb>
<year>2010</year>
</meta>
<link>
<sublink>search</sublink>
<sublink>searchsd</sublink>
</link>
</item>

<item>
<title>Machete Kills (2013)</title>
<thumbnail>https://image.tmdb.org/t/p/w500/ltblMRM8clWKsjC2qQITuRN40Yr.jpg</thumbnail>
<fanart>https://image.tmdb.org/t/p/w1280/5bxyCKV3AHlzwmvtqXkcr7Li56s.jpg</fanart>
<meta>
<content>movie</content>
<collection>Machete</collection>
<title>Machete Kills</title>
<imdb>tt2002718</imdb>
<year>2013</year>
</meta>
<link>
<sublink>search</sublink>
<sublink>searchsd</sublink>
</link>
</item>

