

<item>
<title>Mad Max (1979)</title>
<thumbnail>https://image.tmdb.org/t/p/w500/uc0kLg1UX0ao62O46hdPIFYz8oz.jpg</thumbnail>
<fanart>https://image.tmdb.org/t/p/w1280/uzWMZhFPyGQXgg7GNzLzv4kJZF1.jpg</fanart>
<meta>
<content>movie</content>
<collection>Mad Max</collection>
<title>Mad Max</title>
<imdb>tt0079501</imdb>
<year>1979</year>
</meta>
<link>
<sublink>search</sublink>
<sublink>searchsd</sublink>
</link>
</item>

<item>
<title>Mad Max 2: The Road Warrior (1981)</title>
<thumbnail>https://image.tmdb.org/t/p/w500/tVaClEA7n0MxaY8sb81nHwh6XNW.jpg</thumbnail>
<fanart>https://image.tmdb.org/t/p/w1280/etybioibi04QJK9xxn3Rv5NLuKs.jpg</fanart>
<meta>
<content>movie</content>
<collection>Mad Max</collection>
<title>Mad Max 2: The Road Warrior</title>
<imdb>tt0082694</imdb>
<year>1981</year>
</meta>
<link>
<sublink>search</sublink>
<sublink>searchsd</sublink>
</link>
</item>

<item>
<title>Mad Max Beyond Thunderdome (1985)</title>
<thumbnail>https://image.tmdb.org/t/p/w500/9ciqnBU2YlMtMrqNwRzhmaMeL9l.jpg</thumbnail>
<fanart>https://image.tmdb.org/t/p/w1280/r3MhvwPC8zFBAv8HL5WBtl3F8cn.jpg</fanart>
<meta>
<content>movie</content>
<collection>Mad Max</collection>
<title>Mad Max Beyond Thunderdome</title>
<imdb>tt0089530</imdb>
<year>1985</year>
</meta>
<link>
<sublink>search</sublink>
<sublink>searchsd</sublink>
</link>
</item>

<item>
<title>Mad Max: Fury Road (2015)</title>
<thumbnail>https://image.tmdb.org/t/p/w500/dywDjqAJoWudjgtHHIndmY9xvj9.jpg</thumbnail>
<fanart>https://image.tmdb.org/t/p/w1280/2rtMPSvIxcBB2d8Cw797nV4Rnp.jpg</fanart>
<meta>
<content>movie</content>
<collection>Mad Max</collection>
<title>Mad Max: Fury Road</title>
<imdb>tt1392190</imdb>
<year>2015</year>
</meta>
<link>
<sublink>search</sublink>
<sublink>searchsd</sublink>
</link>
</item>

