

<item>
<title>Diary of a Mad Black Woman (2005)</title>
<thumbnail>https://image.tmdb.org/t/p/w500/dB2WX5romhtjQ0uF2ma6yedRd54.jpg</thumbnail>
<fanart>https://image.tmdb.org/t/p/w1280/qujBSZQk5KdgRRiJ0UpuikYpc4a.jpg</fanart>
<meta>
<content>movie</content>
<collection>Madea</collection>
<title>Diary of a Mad Black Woman</title>
<imdb>tt0422093</imdb>
<year>2005</year>
</meta>
<link>
<sublink>search</sublink>
<sublink>searchsd</sublink>
</link>
</item>

<item>
<title>Madea's Family Reunion (2006)</title>
<thumbnail>https://image.tmdb.org/t/p/w500/RbR50UMMYy7bFBy5GeFxNf5wsK.jpg</thumbnail>
<fanart>https://image.tmdb.org/t/p/w1280/5ZYCcVwJ0Ixjy36SlHpn1bAIwC4.jpg</fanart>
<meta>
<content>movie</content>
<collection>Madea</collection>
<title>Madea's Family Reunion</title>
<imdb>tt0455612</imdb>
<year>2006</year>
</meta>
<link>
<sublink>search</sublink>
<sublink>searchsd</sublink>
</link>
</item>

<item>
<title>I Can Do Bad All by Myself (2009)</title>
<thumbnail>https://image.tmdb.org/t/p/w500/ofj0c2zE5uYrjjlSLXtrMMAz3O0.jpg</thumbnail>
<fanart>https://image.tmdb.org/t/p/w1280/60dOf1k0tFO5UHRag6Is416EQ6p.jpg</fanart>
<meta>
<content>movie</content>
<collection>Madea</collection>
<title>I Can Do Bad All by Myself</title>
<imdb>tt1385912</imdb>
<year>2009</year>
</meta>
<link>
<sublink>search</sublink>
<sublink>searchsd</sublink>
</link>
</item>

<item>
<title>Madea Goes to Jail (2009)</title>
<thumbnail>https://image.tmdb.org/t/p/w500/Av0P6YE2EQudQb0Js4DL9tm8leX.jpg</thumbnail>
<fanart>https://image.tmdb.org/t/p/w1280/81Exq83UyBQTZFnRhgQZotvWASK.jpg</fanart>
<meta>
<content>movie</content>
<collection>Madea</collection>
<title>Madea Goes to Jail</title>
<imdb>tt1142800</imdb>
<year>2009</year>
</meta>
<link>
<sublink>search</sublink>
<sublink>searchsd</sublink>
</link>
</item>

<item>
<title>Madea's Big Happy Family (2011)</title>
<thumbnail>https://image.tmdb.org/t/p/w500/AuCloWNPDm4tH9nyMoG4i3IMUYo.jpg</thumbnail>
<fanart>https://image.tmdb.org/t/p/w1280/up9zZmBcPrBUeXRgvGXCr10ixPY.jpg</fanart>
<meta>
<content>movie</content>
<collection>Madea</collection>
<title>Madea's Big Happy Family</title>
<imdb>tt1787759</imdb>
<year>2011</year>
</meta>
<link>
<sublink>search</sublink>
<sublink>searchsd</sublink>
</link>
</item>

<item>
<title>A Madea Christmas (2013)</title>
<thumbnail>https://image.tmdb.org/t/p/w500/d7pmaRFSqK3TJPXLUTxFA4feTub.jpg</thumbnail>
<fanart>https://image.tmdb.org/t/p/w1280/awepqjHYn1lXUIqz8rTfZadsVSv.jpg</fanart>
<meta>
<content>movie</content>
<collection>Madea</collection>
<title>A Madea Christmas</title>
<imdb>tt2609758</imdb>
<year>2013</year>
</meta>
<link>
<sublink>search</sublink>
<sublink>searchsd</sublink>
</link>
</item>

<item>
<title>Boo! A Madea Halloween (2016)</title>
<thumbnail>https://image.tmdb.org/t/p/w500/dpSWKKBtXOu8hDNJRCIAYfcRtdD.jpg</thumbnail>
<fanart>https://image.tmdb.org/t/p/w1280/a6qgVLVE6SZfaAF1O5DgppfqDAC.jpg</fanart>
<meta>
<content>movie</content>
<collection>Madea</collection>
<title>Boo! A Madea Halloween</title>
<imdb>tt5325452</imdb>
<year>2016</year>
</meta>
<link>
<sublink>search</sublink>
<sublink>searchsd</sublink>
</link>
</item>

