

<item>
<title>Magic Mike (2012)</title>
<thumbnail>https://image.tmdb.org/t/p/w500/lEtUcdnGdtZzMUUMdrVVmJNIl6T.jpg</thumbnail>
<fanart>https://image.tmdb.org/t/p/w1280/cIyJlcDTnHtehejdPjNsgLI7G4I.jpg</fanart>
<meta>
<content>movie</content>
<collection>Magic Mike</collection>
<title>Magic Mike</title>
<imdb>tt1915581</imdb>
<year>2012</year>
</meta>
<link>
<sublink>search</sublink>
<sublink>searchsd</sublink>
</link>
</item>

<item>
<title>Magic Mike XXL (2015)</title>
<thumbnail>https://image.tmdb.org/t/p/w500/pchyRNoZOfuEwfIa0OG87H4xGNT.jpg</thumbnail>
<fanart>https://image.tmdb.org/t/p/w1280/lTI11m3VX9dy7uCaiTL8rdVvPxv.jpg</fanart>
<meta>
<content>movie</content>
<collection>Magic Mike</collection>
<title>Magic Mike XXL</title>
<imdb>tt2268016</imdb>
<year>2015</year>
</meta>
<link>
<sublink>search</sublink>
<sublink>searchsd</sublink>
</link>
</item>

