

<item>
<title>Mannequin (1987)</title>
<thumbnail>https://image.tmdb.org/t/p/w500/y65yXUmG8F8VUsgGvds9POBlqV1.jpg</thumbnail>
<fanart>https://image.tmdb.org/t/p/w1280/6NqHbggKoqYNnHY1CgAMFIbK69Z.jpg</fanart>
<meta>
<content>movie</content>
<collection>Mannequin</collection>
<title>Mannequin</title>
<imdb>tt0093493</imdb>
<year>1987</year>
</meta>
<link>
<sublink>search</sublink>
<sublink>searchsd</sublink>
</link>
</item>

<item>
<title>Mannequin: On the Move (1991)</title>
<thumbnail>https://image.tmdb.org/t/p/w500/343ip3ezceyMzoA53rAviY4swCm.jpg</thumbnail>
<fanart>https://image.tmdb.org/t/p/w1280/X0IfWs9QFs0Z5nxddNmqx4hlEc.jpg</fanart>
<meta>
<content>movie</content>
<collection>Mannequin</collection>
<title>Mannequin: On the Move</title>
<imdb>tt0102395</imdb>
<year>1991</year>
</meta>
<link>
<sublink>search</sublink>
<sublink>searchsd</sublink>
</link>
</item>

