

<item>
<title>The Incredible Hulk (2008)</title>
<thumbnail>https://image.tmdb.org/t/p/w500/qTghl3lO8PhmIxkf8eN5WQQefHI.jpg</thumbnail>
<fanart>https://image.tmdb.org/t/p/w1280/jGsIwrKltyum7uz3NHhA99jeSHT.jpg</fanart>
<meta>
<content>movie</content>
<collection>Marvel Cinematic Universe</collection>
<title>The Incredible Hulk</title>
<imdb>tt0800080</imdb>
<year>2008</year>
</meta>
<link>
<sublink>search</sublink>
<sublink>searchsd</sublink>
</link>
</item>

<item>
<title>Iron Man (2008)</title>
<thumbnail>https://image.tmdb.org/t/p/w500/s2IG9qXfhJYxIttKyroYFBsHwzQ.jpg</thumbnail>
<fanart>https://image.tmdb.org/t/p/w1280/yFJnfYihqcUKqcYdwnixC29vQ2G.jpg</fanart>
<meta>
<content>movie</content>
<collection>Marvel Cinematic Universe</collection>
<title>Iron Man</title>
<imdb>tt0371746</imdb>
<year>2008</year>
</meta>
<link>
<sublink>search</sublink>
<sublink>searchsd</sublink>
</link>
</item>

<item>
<title>Iron Man 2 (2010)</title>
<thumbnail>https://image.tmdb.org/t/p/w500/ArqpkNYGfcTIA6umWt6xihfIZZv.jpg</thumbnail>
<fanart>https://image.tmdb.org/t/p/w1280/wCGamBmBpayIXeIuaO66gTHwrbN.jpg</fanart>
<meta>
<content>movie</content>
<collection>Marvel Cinematic Universe</collection>
<title>Iron Man 2</title>
<imdb>tt1228705</imdb>
<year>2010</year>
</meta>
<link>
<sublink>search</sublink>
<sublink>searchsd</sublink>
</link>
</item>

<item>
<title>Thor (2011)</title>
<thumbnail>https://image.tmdb.org/t/p/w500/bIuOWTtyFPjsFDevqvF3QrD1aun.jpg</thumbnail>
<fanart>https://image.tmdb.org/t/p/w1280/6UxFfo8K3vcihtUpX1ek2ucGeEZ.jpg</fanart>
<meta>
<content>movie</content>
<collection>Marvel Cinematic Universe</collection>
<title>Thor</title>
<imdb>tt0800369</imdb>
<year>2011</year>
</meta>
<link>
<sublink>search</sublink>
<sublink>searchsd</sublink>
</link>
</item>

<item>
<title>Captain America: The First Avenger (2011)</title>
<thumbnail>https://image.tmdb.org/t/p/w500/fF7vPzCF6kIsLuWEHCGPGl2xTw1.jpg</thumbnail>
<fanart>https://image.tmdb.org/t/p/w1280/4GFjHEdZpni6HfR4hoBaOxZ5cAC.jpg</fanart>
<meta>
<content>movie</content>
<collection>Marvel Cinematic Universe</collection>
<title>Captain America: The First Avenger</title>
<imdb>tt0458339</imdb>
<year>2011</year>
</meta>
<link>
<sublink>search</sublink>
<sublink>searchsd</sublink>
</link>
</item>

<item>
<title>The Avengers (2012)</title>
<thumbnail>https://image.tmdb.org/t/p/w500/cezWGskPY5x7GaglTTRN4Fugfb8.jpg</thumbnail>
<fanart>https://image.tmdb.org/t/p/w1280/quXhtkWh4oMRiynViFNszI18IW0.jpg</fanart>
<meta>
<content>movie</content>
<collection>Marvel Cinematic Universe</collection>
<title>The Avengers</title>
<imdb>tt0848228</imdb>
<year>2012</year>
</meta>
<link>
<sublink>search</sublink>
<sublink>searchsd</sublink>
</link>
</item>

<item>
<title>Iron Man 3 (2013)</title>
<thumbnail>https://image.tmdb.org/t/p/w500/7XiGqZE8meUv7L4720L0tIDd7gO.jpg</thumbnail>
<fanart>https://image.tmdb.org/t/p/w1280/1fqcv0bcwkrK98i5exwfujyl3nP.jpg</fanart>
<meta>
<content>movie</content>
<collection>Marvel Cinematic Universe</collection>
<title>Iron Man 3</title>
<imdb>tt1300854</imdb>
<year>2013</year>
</meta>
<link>
<sublink>search</sublink>
<sublink>searchsd</sublink>
</link>
</item>

<item>
<title>Thor: The Dark World (2013)</title>
<thumbnail>https://image.tmdb.org/t/p/w500/bnX5PqAdQZRXSw3aX3DutDcdso5.jpg</thumbnail>
<fanart>https://image.tmdb.org/t/p/w1280/3FweBee0xZoY77uO1bhUOlQorNH.jpg</fanart>
<meta>
<content>movie</content>
<collection>Marvel Cinematic Universe</collection>
<title>Thor: The Dark World</title>
<imdb>tt1981115</imdb>
<year>2013</year>
</meta>
<link>
<sublink>search</sublink>
<sublink>searchsd</sublink>
</link>
</item>

<item>
<title>Guardians of the Galaxy (2014)</title>
<thumbnail>https://image.tmdb.org/t/p/w500/xcYSQ0iHTLElb7V5bT5Bmn8lQX6.jpg</thumbnail>
<fanart>https://image.tmdb.org/t/p/w1280/bHarw8xrmQeqf3t8HpuMY7zoK4x.jpg</fanart>
<meta>
<content>movie</content>
<collection>Marvel Cinematic Universe</collection>
<title>Guardians of the Galaxy</title>
<imdb>tt2015381</imdb>
<year>2014</year>
</meta>
<link>
<sublink>search</sublink>
<sublink>searchsd</sublink>
</link>
</item>

<item>
<title>Captain America: The Winter Soldier (2014)</title>
<thumbnail>https://image.tmdb.org/t/p/w500/5TQ6YDmymBpnF005OyoB7ohZps9.jpg</thumbnail>
<fanart>https://image.tmdb.org/t/p/w1280/3zkis6mR4IzdXIHcBWhEnrNupYy.jpg</fanart>
<meta>
<content>movie</content>
<collection>Marvel Cinematic Universe</collection>
<title>Captain America: The Winter Soldier</title>
<imdb>tt1843866</imdb>
<year>2014</year>
</meta>
<link>
<sublink>search</sublink>
<sublink>searchsd</sublink>
</link>
</item>

<item>
<title>Ant-Man (2015)</title>
<thumbnail>https://image.tmdb.org/t/p/w500/D6e8RJf2qUstnfkTslTXNTUAlT.jpg</thumbnail>
<fanart>https://image.tmdb.org/t/p/w1280/krtymYqlTrovyTCdbV0Nzx3pGyT.jpg</fanart>
<meta>
<content>movie</content>
<collection>Marvel Cinematic Universe</collection>
<title>Ant-Man</title>
<imdb>tt0478970</imdb>
<year>2015</year>
</meta>
<link>
<sublink>search</sublink>
<sublink>searchsd</sublink>
</link>
</item>

<item>
<title>Avengers: Age of Ultron (2015)</title>
<thumbnail>https://image.tmdb.org/t/p/w500/16995J5R00I431Wzj0UfmgVqVPS.jpg</thumbnail>
<fanart>https://image.tmdb.org/t/p/w1280/brTJewYIGRTIEqGWIpO65izfSPl.jpg</fanart>
<meta>
<content>movie</content>
<collection>Marvel Cinematic Universe</collection>
<title>Avengers: Age of Ultron</title>
<imdb>tt2395427</imdb>
<year>2015</year>
</meta>
<link>
<sublink>search</sublink>
<sublink>searchsd</sublink>
</link>
</item>

<item>
<title>Captain America: Civil War (2016)</title>
<thumbnail>https://image.tmdb.org/t/p/w500/5N20rQURev5CNDcMjHVUZhpoCNC.jpg</thumbnail>
<fanart>https://image.tmdb.org/t/p/w1280/kliBz01JG89tsj1om0Z6T1ZOCV.jpg</fanart>
<meta>
<content>movie</content>
<collection>Marvel Cinematic Universe</collection>
<title>Captain America: Civil War</title>
<imdb>tt3498820</imdb>
<year>2016</year>
</meta>
<link>
<sublink>search</sublink>
<sublink>searchsd</sublink>
</link>
</item>

<item>
<title>Doctor Strange (2016)</title>
<thumbnail>https://image.tmdb.org/t/p/w500/xfWac8MTYDxujaxgPVcRD9yZaul.jpg</thumbnail>
<fanart>https://image.tmdb.org/t/p/w1280/hETu6AxKsWAS42tw8eXgLUgn4Lo.jpg</fanart>
<meta>
<content>movie</content>
<collection>Marvel Cinematic Universe</collection>
<title>Doctor Strange</title>
<imdb>tt1211837</imdb>
<year>2016</year>
</meta>
<link>
<sublink>search</sublink>
<sublink>searchsd</sublink>
</link>
</item>

