

<item>
<title>Meatballs (1979)</title>
<thumbnail>https://image.tmdb.org/t/p/w500/o0NmLgnCVph7I07OP0yKGPFoLrO.jpg</thumbnail>
<fanart>https://image.tmdb.org/t/p/w1280/2whAe8FQiUZdeS7W78vcvhzO4eF.jpg</fanart>
<meta>
<content>movie</content>
<collection>Meatballs</collection>
<title>Meatballs</title>
<imdb>tt0079540</imdb>
<year>1979</year>
</meta>
<link>
<sublink>search</sublink>
<sublink>searchsd</sublink>
</link>
</item>

<item>
<title>Meatballs Part II (1984)</title>
<thumbnail>https://image.tmdb.org/t/p/w500/pggJQTmfAXaQEnyQbY1N7PLCpp2.jpg</thumbnail>
<fanart>https://image.tmdb.org/t/p/w1280/25wRCuui803bnBsLhVh7UoAoct1.jpg</fanart>
<meta>
<content>movie</content>
<collection>Meatballs</collection>
<title>Meatballs Part II</title>
<imdb>tt0087700</imdb>
<year>1984</year>
</meta>
<link>
<sublink>search</sublink>
<sublink>searchsd</sublink>
</link>
</item>

<item>
<title>Meatballs III: Summer Job (1986)</title>
<thumbnail>https://image.tmdb.org/t/p/w500/hQu5XwZDKPGCVgwJX8lJJggvGKX.jpg</thumbnail>
<fanart>https://image.tmdb.org/t/p/w1280/mWDyFztfmPnC3amLeWX0RisQFig.jpg</fanart>
<meta>
<content>movie</content>
<collection>Meatballs</collection>
<title>Meatballs III: Summer Job</title>
<imdb>tt0093516</imdb>
<year>1986</year>
</meta>
<link>
<sublink>search</sublink>
<sublink>searchsd</sublink>
</link>
</item>

