

<item>
<title>Meet the Parents (2000)</title>
<thumbnail>https://image.tmdb.org/t/p/w500/wVjtQtzv9IcNRGnOOdcK797Sdxx.jpg</thumbnail>
<fanart>https://image.tmdb.org/t/p/w1280/iMBlLEjC74OQbQ60bubdF27P35K.jpg</fanart>
<meta>
<content>movie</content>
<collection>Meet the Parents</collection>
<title>Meet the Parents</title>
<imdb>tt0212338</imdb>
<year>2000</year>
</meta>
<link>
<sublink>search</sublink>
<sublink>searchsd</sublink>
</link>
</item>

<item>
<title>Meet the Fockers (2004)</title>
<thumbnail>https://image.tmdb.org/t/p/w500/xHAqB06iL5D6HyOS6QpgyKkRQHD.jpg</thumbnail>
<fanart>https://image.tmdb.org/t/p/w1280/f0eF1rB9KnZPonliSt8CazKvihD.jpg</fanart>
<meta>
<content>movie</content>
<collection>Meet the Parents</collection>
<title>Meet the Fockers</title>
<imdb>tt0290002</imdb>
<year>2004</year>
</meta>
<link>
<sublink>search</sublink>
<sublink>searchsd</sublink>
</link>
</item>

<item>
<title>Little Fockers (2010)</title>
<thumbnail>https://image.tmdb.org/t/p/w500/vpVa9AaUHokKoRzDQmEPGgAWpaX.jpg</thumbnail>
<fanart>https://image.tmdb.org/t/p/w1280/gpodYxsJZ6OVlpPo0fYkubTBWx9.jpg</fanart>
<meta>
<content>movie</content>
<collection>Meet the Parents</collection>
<title>Little Fockers</title>
<imdb>tt0970866</imdb>
<year>2010</year>
</meta>
<link>
<sublink>search</sublink>
<sublink>searchsd</sublink>
</link>
</item>

