<?xml version="1.0" encoding="UTF-8" standalone="yes"?>
<addon id="plugin.video.djwho" name="[COLOR gold]DJ[/COLOR] [COLOR green]WHO[/COLOR]"	version="1.0.1"	provider-name="Dj Who"> 
  <requires>
    <import addon="xbmc.python" version="2.1.0"/>
    <import addon="script.module.addon.common" version="2.0.0"/>
    <import addon="plugin.video.youtube" version="5.0.0"/>
  </requires>
  <extension point="xbmc.python.pluginsource" library="djwho.py">
    <provides>video</provides>
  </extension>
  <extension point="xbmc.addon.metadata">
    <summary lang="en">My Playlist Collections</summary>
    <description lang="en">All Content In This Addon Is Freely Available On The Internet.SOME VIDEOS ARE NOT SAFE FOR WORK</description>
    <disclaimer lang="en">No Disclaimer</disclaimer>
    <platform>all</platform>
    <forum>n/a</forum>
    <website>n/a</website>
  </extension>
</addon>