

<item>
<title>101 Dalmatians (1996)</title>
<thumbnail>https://image.tmdb.org/t/p/w500/54SKV7ALfiVGJBzoStGTLYkRZEM.jpg</thumbnail>
<fanart>https://image.tmdb.org/t/p/w1280/4CcoF2VSW6GD21DGbmpxWMWafaE.jpg</fanart>
<meta>
<content>movie</content>
<collection>101 Dalmatians</collection>
<title>101 Dalmatians</title>
<imdb>tt0115433</imdb>
<year>1996</year>
</meta>
<link>
<sublink>search</sublink>
<sublink>searchsd</sublink>
</link>
</item>

<item>
<title>102 Dalmatians (2000)</title>
<thumbnail>https://image.tmdb.org/t/p/w500/3ndvxCb8wHZ1yKQlzkCkwykvW9M.jpg</thumbnail>
<fanart>https://image.tmdb.org/t/p/w1280/2s1vbGNvXfVqWAh2rBed6bm763R.jpg</fanart>
<meta>
<content>movie</content>
<collection>101 Dalmatians</collection>
<title>102 Dalmatians</title>
<imdb>tt0211181</imdb>
<year>2000</year>
</meta>
<link>
<sublink>search</sublink>
<sublink>searchsd</sublink>
</link>
</item>

