

<item>
<title>2001: A Space Odyssey (1968)</title>
<thumbnail>https://image.tmdb.org/t/p/w500/90T7b2LIrL07ndYQBmSm09yqVEH.jpg</thumbnail>
<fanart>https://image.tmdb.org/t/p/w1280/pckdZ29bHj11hBsV3SbVVfmCB6C.jpg</fanart>
<meta>
<content>movie</content>
<collection>2001</collection>
<title>2001: A Space Odyssey</title>
<imdb>tt0062622</imdb>
<year>1968</year>
</meta>
<link>
<sublink>search</sublink>
<sublink>searchsd</sublink>
</link>
</item>

<item>
<title>2010: The Year We Make Contact (1984)</title>
<thumbnail>https://image.tmdb.org/t/p/w500/9Rcz2n16HEYRi2EKGliByP6ESYR.jpg</thumbnail>
<fanart>https://image.tmdb.org/t/p/w1280/pU370iJEg0NUQrL6QmCagsIYoqg.jpg</fanart>
<meta>
<content>movie</content>
<collection>2001</collection>
<title>2010: The Year We Make Contact</title>
<imdb>tt0086837</imdb>
<year>1984</year>
</meta>
<link>
<sublink>search</sublink>
<sublink>searchsd</sublink>
</link>
</item>

