

<item>
<title>3 Ninjas (1992)</title>
<thumbnail>https://image.tmdb.org/t/p/w500/lvfgYcK0dpgwCuRX4mTqc1Yg3yF.jpg</thumbnail>
<fanart>https://image.tmdb.org/t/p/w1280/oXr3q9GWyoNWbJgAFUDwngaZjem.jpg</fanart>
<meta>
<content>movie</content>
<collection>3 Ninjas</collection>
<title>3 Ninjas</title>
<imdb>tt0103596</imdb>
<year>1992</year>
</meta>
<link>
<sublink>search</sublink>
<sublink>searchsd</sublink>
</link>
</item>

<item>
<title>3 Ninjas Kick Back (1994)</title>
<thumbnail>https://image.tmdb.org/t/p/w500/paFMTv9IuZJaVkPZZvwtS5Ta5D9.jpg</thumbnail>
<fanart>https://image.tmdb.org/t/p/w1280/pqXJs6YfUrRWbZegaHom4CZmKwz.jpg</fanart>
<meta>
<content>movie</content>
<collection>3 Ninjas</collection>
<title>3 Ninjas Kick Back</title>
<imdb>tt0109015</imdb>
<year>1994</year>
</meta>
<link>
<sublink>search</sublink>
<sublink>searchsd</sublink>
</link>
</item>

<item>
<title>3 Ninjas Knuckle Up (1995)</title>
<thumbnail>https://image.tmdb.org/t/p/w500/bd9if2VRAxBrXxkhT28hXMiusY1.jpg</thumbnail>
<fanart>https://image.tmdb.org/t/p/w1280/4B9FS1WCER6BrwSmgGdDqj5cNR8.jpg</fanart>
<meta>
<content>movie</content>
<collection>3 Ninjas</collection>
<title>3 Ninjas Knuckle Up</title>
<imdb>tt0112255</imdb>
<year>1995</year>
</meta>
<link>
<sublink>search</sublink>
<sublink>searchsd</sublink>
</link>
</item>

<item>
<title>3 Ninjas: High Noon at Mega Mountain (1998)</title>
<thumbnail>https://image.tmdb.org/t/p/w500/qTavfpV1XWblnrfkASOxBnrdO0M.jpg</thumbnail>
<fanart>https://image.tmdb.org/t/p/w1280/yTdUl6LZiTjl2Ry95ocsppuZGJY.jpg</fanart>
<meta>
<content>movie</content>
<collection>3 Ninjas</collection>
<title>3 Ninjas: High Noon at Mega Mountain</title>
<imdb>tt0118539</imdb>
<year>1998</year>
</meta>
<link>
<sublink>search</sublink>
<sublink>searchsd</sublink>
</link>
</item>

