

<item>
<title>300 (2006)</title>
<thumbnail>https://image.tmdb.org/t/p/w500/bYR8O1H1ZlME7Dm9ysfTYZnRDpw.jpg</thumbnail>
<fanart>https://image.tmdb.org/t/p/w1280/oHOTQkTYgDuoCYMaBEzuB9DqguX.jpg</fanart>
<meta>
<content>movie</content>
<collection>300</collection>
<title>300</title>
<imdb>tt0416449</imdb>
<year>2006</year>
</meta>
<link>
<sublink>search</sublink>
<sublink>searchsd</sublink>
</link>
</item>

<item>
<title>300: Rise of an Empire (2014)</title>
<thumbnail>https://image.tmdb.org/t/p/w500/gWQf5j3ZqEfOdW2rIZnkuOOva78.jpg</thumbnail>
<fanart>https://image.tmdb.org/t/p/w1280/1ad1d8f1GjbX6THHGhYm2HL1W1k.jpg</fanart>
<meta>
<content>movie</content>
<collection>300</collection>
<title>300: Rise of an Empire</title>
<imdb>tt1253863</imdb>
<year>2014</year>
</meta>
<link>
<sublink>search</sublink>
<sublink>searchsd</sublink>
</link>
</item>

