

<item>
<title>The Addams Family (1991)</title>
<thumbnail>https://image.tmdb.org/t/p/w500/ajiQj0jbacMAmPxDU3fP9TeIfTi.jpg</thumbnail>
<fanart>https://image.tmdb.org/t/p/w1280/cf9WjvymdQMYyHHpp30ePvXrUZG.jpg</fanart>
<meta>
<content>movie</content>
<collection>Addams Family</collection>
<title>The Addams Family</title>
<imdb>tt0101272</imdb>
<year>1991</year>
</meta>
<link>
<sublink>search</sublink>
<sublink>searchsd</sublink>
</link>
</item>

<item>
<title>Addams Family Values (1993)</title>
<thumbnail>https://image.tmdb.org/t/p/w500/zEwEXGDvJ8Ou2s6XbLMPvMTX53S.jpg</thumbnail>
<fanart>https://image.tmdb.org/t/p/w1280/i84FfYcljpH9FOO26PdvBWzLGRl.jpg</fanart>
<meta>
<content>movie</content>
<collection>Addams Family</collection>
<title>Addams Family Values</title>
<imdb>tt0106220</imdb>
<year>1993</year>
</meta>
<link>
<sublink>search</sublink>
<sublink>searchsd</sublink>
</link>
</item>

