

<item>
<title>Alice in Wonderland (2010)</title>
<thumbnail>https://image.tmdb.org/t/p/w500/pvEE5EN5N1yjmHmldfL4aJWm56l.jpg</thumbnail>
<fanart>https://image.tmdb.org/t/p/w1280/dY8QSvCf0bzoEBtBymCwjrUDIMT.jpg</fanart>
<meta>
<content>movie</content>
<collection>Alice in Wonderland</collection>
<title>Alice in Wonderland</title>
<imdb>tt1014759</imdb>
<year>2010</year>
</meta>
<link>
<sublink>search</sublink>
<sublink>searchsd</sublink>
</link>
</item>

<item>
<title>Alice Through the Looking Glass (2016)</title>
<thumbnail>https://image.tmdb.org/t/p/w500/1EHKlvLk5kdBHLXir31DIXscSuZ.jpg</thumbnail>
<fanart>https://image.tmdb.org/t/p/w1280/m72AHl5ZP92SKcGf58mYvHaN26Q.jpg</fanart>
<meta>
<content>movie</content>
<collection>Alice in Wonderland</collection>
<title>Alice Through the Looking Glass</title>
<imdb>tt2567026</imdb>
<year>2016</year>
</meta>
<link>
<sublink>search</sublink>
<sublink>searchsd</sublink>
</link>
</item>

