

<item>
<title>Alvin and the Chipmunks (2007)</title>
<thumbnail>https://image.tmdb.org/t/p/w500/sAt2yb4dgrpkHjbB9dQaKD9Caor.jpg</thumbnail>
<fanart>https://image.tmdb.org/t/p/w1280/ljjr1LTE6Xsg8bQxcymXhcaQyLw.jpg</fanart>
<meta>
<content>movie</content>
<collection>Alvin and the Chipmunks</collection>
<title>Alvin and the Chipmunks</title>
<imdb>tt0952640</imdb>
<year>2007</year>
</meta>
<link>
<sublink>search</sublink>
<sublink>searchsd</sublink>
</link>
</item>

<item>
<title>Alvin and the Chipmunks: The Squeakquel (2009)</title>
<thumbnail>https://image.tmdb.org/t/p/w500/1vfj6gsWDXYmIgjA9FphmvRKnJj.jpg</thumbnail>
<fanart>https://image.tmdb.org/t/p/w1280/fltrFAIcNp8Ut41DpAHQRVdmn7I.jpg</fanart>
<meta>
<content>movie</content>
<collection>Alvin and the Chipmunks</collection>
<title>Alvin and the Chipmunks: The Squeakquel</title>
<imdb>tt1231580</imdb>
<year>2009</year>
</meta>
<link>
<sublink>search</sublink>
<sublink>searchsd</sublink>
</link>
</item>

<item>
<title>Alvin and the Chipmunks: Chipwrecked (2011)</title>
<thumbnail>https://image.tmdb.org/t/p/w500/31IPWvH2l4ycyK8EsMOmmwiJC7n.jpg</thumbnail>
<fanart>https://image.tmdb.org/t/p/w1280/qc0NReaia4MNsr8Ens054x6udrX.jpg</fanart>
<meta>
<content>movie</content>
<collection>Alvin and the Chipmunks</collection>
<title>Alvin and the Chipmunks: Chipwrecked</title>
<imdb>tt1615918</imdb>
<year>2011</year>
</meta>
<link>
<sublink>search</sublink>
<sublink>searchsd</sublink>
</link>
</item>

<item>
<title>Alvin and the Chipmunks: The Road Chip (2015)</title>
<thumbnail>https://image.tmdb.org/t/p/w500/Lg83xE4X2EBiXkA1ZCu6dFOjSx.jpg</thumbnail>
<fanart>https://image.tmdb.org/t/p/w1280/rM6rTJ2RgMTI9SXdQKVm4rPnzVc.jpg</fanart>
<meta>
<content>movie</content>
<collection>Alvin and the Chipmunks</collection>
<title>Alvin and the Chipmunks: The Road Chip</title>
<imdb>tt2974918</imdb>
<year>2015</year>
</meta>
<link>
<sublink>search</sublink>
<sublink>searchsd</sublink>
</link>
</item>

