

<item>
<title>American Pie (1999)</title>
<thumbnail>https://image.tmdb.org/t/p/w500/k40WFAXMRekWEqsjURO3jiWob67.jpg</thumbnail>
<fanart>https://image.tmdb.org/t/p/w1280/jlU4FvYxUXaxyYM0worlD7wHdQj.jpg</fanart>
<meta>
<content>movie</content>
<collection>American Pie</collection>
<title>American Pie</title>
<imdb>tt0163651</imdb>
<year>1999</year>
</meta>
<link>
<sublink>search</sublink>
<sublink>searchsd</sublink>
</link>
</item>

<item>
<title>American Pie 2 (2001)</title>
<thumbnail>https://image.tmdb.org/t/p/w500/q4LNgUnRfltxzp3gf1MAGiK5LhV.jpg</thumbnail>
<fanart>https://image.tmdb.org/t/p/w1280/26x4FexUrvMGwAHaG6g3GrP5MLK.jpg</fanart>
<meta>
<content>movie</content>
<collection>American Pie</collection>
<title>American Pie 2</title>
<imdb>tt0252866</imdb>
<year>2001</year>
</meta>
<link>
<sublink>search</sublink>
<sublink>searchsd</sublink>
</link>
</item>

<item>
<title>American Wedding (2003)</title>
<thumbnail>https://image.tmdb.org/t/p/w500/lcLuBjI3Hr12mGFKJvdMeZdf3AN.jpg</thumbnail>
<fanart>https://image.tmdb.org/t/p/w1280/iHcFzShzkY7tcNIk0TcqttoH9F3.jpg</fanart>
<meta>
<content>movie</content>
<collection>American Pie</collection>
<title>American Wedding</title>
<imdb>tt0328828</imdb>
<year>2003</year>
</meta>
<link>
<sublink>search</sublink>
<sublink>searchsd</sublink>
</link>
</item>

<item>
<title>American Reunion (2012)</title>
<thumbnail>https://image.tmdb.org/t/p/w500/yfOZaUh08d1YtLCtgvfRRAssrR7.jpg</thumbnail>
<fanart>https://image.tmdb.org/t/p/w1280/6YXjITNtpyHWu4Cmhe9wdBlUpmp.jpg</fanart>
<meta>
<content>movie</content>
<collection>American Pie</collection>
<title>American Reunion</title>
<imdb>tt1605630</imdb>
<year>2012</year>
</meta>
<link>
<sublink>search</sublink>
<sublink>searchsd</sublink>
</link>
</item>

