

<item>
<title>American Graffiti (1973)</title>
<thumbnail>https://image.tmdb.org/t/p/w500/xq8MFYQ6MLZ65mFpweqV6mCs39k.jpg</thumbnail>
<fanart>https://image.tmdb.org/t/p/w1280/iX1ZNI4fLECxFHWNngW3BQ7PK1Z.jpg</fanart>
<meta>
<content>movie</content>
<collection>American Graffiti</collection>
<title>American Graffiti</title>
<imdb>tt0069704</imdb>
<year>1973</year>
</meta>
<link>
<sublink>search</sublink>
<sublink>searchsd</sublink>
</link>
</item>

<item>
<title>More American Graffiti (1979)</title>
<thumbnail>https://image.tmdb.org/t/p/w500/uByUodpFeCZdGeALyEIPyarpCLL.jpg</thumbnail>
<fanart>https://image.tmdb.org/t/p/w1280/fK8uSaGhfXrjLER8obkd4810Lqk.jpg</fanart>
<meta>
<content>movie</content>
<collection>American Graffiti</collection>
<title>More American Graffiti</title>
<imdb>tt0079576</imdb>
<year>1979</year>
</meta>
<link>
<sublink>search</sublink>
<sublink>searchsd</sublink>
</link>
</item>

