

<item>
<title>The Amityville Horror (1979)</title>
<thumbnail>https://image.tmdb.org/t/p/w500/orociMcS1GExIcuiGbYYHlRlcL8.jpg</thumbnail>
<fanart>https://image.tmdb.org/t/p/w1280/s2z4t3y5gvFKId09smKOUq8I8gK.jpg</fanart>
<meta>
<content>movie</content>
<collection>Amityville</collection>
<title>The Amityville Horror</title>
<imdb>tt0078767</imdb>
<year>1979</year>
</meta>
<link>
<sublink>search</sublink>
<sublink>searchsd</sublink>
</link>
</item>

<item>
<title>Amityville II: The Possession (1982)</title>
<thumbnail>https://image.tmdb.org/t/p/w500/9d2ctBmp5nMomSN0ZXXXS3pxhlm.jpg</thumbnail>
<fanart>https://image.tmdb.org/t/p/w1280/rZHdqFaKU6FuSCfchnyjm8nMjrd.jpg</fanart>
<meta>
<content>movie</content>
<collection>Amityville</collection>
<title>Amityville II: The Possession</title>
<imdb>tt0083550</imdb>
<year>1982</year>
</meta>
<link>
<sublink>search</sublink>
<sublink>searchsd</sublink>
</link>
</item>

<item>
<title>Amityville 3-D (1983)</title>
<thumbnail>https://image.tmdb.org/t/p/w500/nttiT4ebfMQXYS0hJ0YdTzikZMq.jpg</thumbnail>
<fanart>https://image.tmdb.org/t/p/w1280/kaRw7nqY0Ed1jQlNRJpbY0jFn94.jpg</fanart>
<meta>
<content>movie</content>
<collection>Amityville</collection>
<title>Amityville 3-D</title>
<imdb>tt0085159</imdb>
<year>1983</year>
</meta>
<link>
<sublink>search</sublink>
<sublink>searchsd</sublink>
</link>
</item>

