

<item>
<title>Are We There Yet? (2005)</title>
<thumbnail>https://image.tmdb.org/t/p/w500/e081B8b8ZCAfeyof5Zm6dNwJOmp.jpg</thumbnail>
<fanart>https://image.tmdb.org/t/p/w1280/yF74RJ1r87tqXbcPpeYs9AEXYbm.jpg</fanart>
<meta>
<content>movie</content>
<collection>Are We There Yet?</collection>
<title>Are We There Yet?</title>
<imdb>tt0368578</imdb>
<year>2005</year>
</meta>
<link>
<sublink>search</sublink>
<sublink>searchsd</sublink>
</link>
</item>

<item>
<title>Are We Done Yet? (2007)</title>
<thumbnail>https://image.tmdb.org/t/p/w500/nTsCn9D1s1fJEC139JfnMobZB0k.jpg</thumbnail>
<fanart>https://image.tmdb.org/t/p/w1280/39bOgyg4gMp56vrbQ5rQqcTPa7A.jpg</fanart>
<meta>
<content>movie</content>
<collection>Are We There Yet?</collection>
<title>Are We Done Yet?</title>
<imdb>tt0422774</imdb>
<year>2007</year>
</meta>
<link>
<sublink>search</sublink>
<sublink>searchsd</sublink>
</link>
</item>

