

<item>
<title>Austin Powers: International Man of Mystery (1997)</title>
<thumbnail>https://image.tmdb.org/t/p/w500/1Ly0MRK2Na0aRpy2bD6GBRP3Rzx.jpg</thumbnail>
<fanart>https://image.tmdb.org/t/p/w1280/i7XcJ6Bx4thk6pZQyvDTz3GFw6d.jpg</fanart>
<meta>
<content>movie</content>
<collection>Austin Powers</collection>
<title>Austin Powers: International Man of Mystery</title>
<imdb>tt0118655</imdb>
<year>1997</year>
</meta>
<link>
<sublink>search</sublink>
<sublink>searchsd</sublink>
</link>
</item>

<item>
<title>Austin Powers: The Spy Who Shagged Me (1999)</title>
<thumbnail>https://image.tmdb.org/t/p/w500/yhg0l1Ddd2thQOSUUQx9jBrGI12.jpg</thumbnail>
<fanart>https://image.tmdb.org/t/p/w1280/AdIRY35Armyrys6UUV2uZ2ZuBJk.jpg</fanart>
<meta>
<content>movie</content>
<collection>Austin Powers</collection>
<title>Austin Powers: The Spy Who Shagged Me</title>
<imdb>tt0145660</imdb>
<year>1999</year>
</meta>
<link>
<sublink>search</sublink>
<sublink>searchsd</sublink>
</link>
</item>

<item>
<title>Austin Powers in Goldmember (2002)</title>
<thumbnail>https://image.tmdb.org/t/p/w500/tFR7dTbX5BsmoUwKHfa2cWoZbwK.jpg</thumbnail>
<fanart>https://image.tmdb.org/t/p/w1280/5kbx4iTaHQMipVXYGzLH1TxQdo8.jpg</fanart>
<meta>
<content>movie</content>
<collection>Austin Powers</collection>
<title>Austin Powers in Goldmember</title>
<imdb>tt0295178</imdb>
<year>2002</year>
</meta>
<link>
<sublink>search</sublink>
<sublink>searchsd</sublink>
</link>
</item>

