

<item>
<title>AVP: Alien vs. Predator (2004)</title>
<thumbnail>https://image.tmdb.org/t/p/w500/9xzRKUBIqLwhhOYtcE7P1BbWXP9.jpg</thumbnail>
<fanart>https://image.tmdb.org/t/p/w1280/v3vfWGndLwrAj9KyNSHcOVJF5ys.jpg</fanart>
<meta>
<content>movie</content>
<collection>AVP</collection>
<title>AVP: Alien vs. Predator</title>
<imdb>tt0370263</imdb>
<year>2004</year>
</meta>
<link>
<sublink>search</sublink>
<sublink>searchsd</sublink>
</link>
</item>

<item>
<title>Aliens vs. Predator: Requiem (2007)</title>
<thumbnail>https://image.tmdb.org/t/p/w500/bpA5nTpqb6qLWYwmyN61dViKrRt.jpg</thumbnail>
<fanart>https://image.tmdb.org/t/p/w1280/tK7m5c23flz3od8e73ATpLUVKO3.jpg</fanart>
<meta>
<content>movie</content>
<collection>AVP</collection>
<title>Aliens vs. Predator: Requiem</title>
<imdb>tt0758730</imdb>
<year>2007</year>
</meta>
<link>
<sublink>search</sublink>
<sublink>searchsd</sublink>
</link>
</item>

