

<item>
<title>Bad Boys (1995)</title>
<thumbnail>https://image.tmdb.org/t/p/w500/nkRagoJbx9H3zVSEDyH5ldfgwyR.jpg</thumbnail>
<fanart>https://image.tmdb.org/t/p/w1280/2jNSXfITbGYxxWLJOLTh9eAx3y8.jpg</fanart>
<meta>
<content>movie</content>
<collection>Bad Boys</collection>
<title>Bad Boys</title>
<imdb>tt0112442</imdb>
<year>1995</year>
</meta>
<link>
<sublink>search</sublink>
<sublink>searchsd</sublink>
</link>
</item>

<item>
<title>Bad Boys II (2003)</title>
<thumbnail>https://image.tmdb.org/t/p/w500/680X9apSqmAcebLg8evnnUeQNeI.jpg</thumbnail>
<fanart>https://image.tmdb.org/t/p/w1280/5xQVApmdUbBlCi1QzS8NwbCF0Ne.jpg</fanart>
<meta>
<content>movie</content>
<collection>Bad Boys</collection>
<title>Bad Boys II</title>
<imdb>tt0172156</imdb>
<year>2003</year>
</meta>
<link>
<sublink>search</sublink>
<sublink>searchsd</sublink>
</link>
</item>

