

<item>
<title>Bean (1997)</title>
<thumbnail>https://image.tmdb.org/t/p/w500/36B69cweS9xaeQRj0qA4jnaGM6l.jpg</thumbnail>
<fanart>https://image.tmdb.org/t/p/w1280/2xXh273WkEgN9MXQUvS2f6ZS1sd.jpg</fanart>
<meta>
<content>movie</content>
<collection>Bean</collection>
<title>Bean</title>
<imdb>tt0118689</imdb>
<year>1997</year>
</meta>
<link>
<sublink>search</sublink>
<sublink>searchsd</sublink>
</link>
</item>

<item>
<title>Mr. Bean's Holiday (2007)</title>
<thumbnail>https://image.tmdb.org/t/p/w500/5G3gOZemcwXf2nbUFB4VCc5gl2A.jpg</thumbnail>
<fanart>https://image.tmdb.org/t/p/w1280/m4HoSKqgtjbwXkN4VvfueZCV9iN.jpg</fanart>
<meta>
<content>movie</content>
<collection>Bean</collection>
<title>Mr. Bean's Holiday</title>
<imdb>tt0453451</imdb>
<year>2007</year>
</meta>
<link>
<sublink>search</sublink>
<sublink>searchsd</sublink>
</link>
</item>

