

<item>
<title>Beethoven (1992)</title>
<thumbnail>https://image.tmdb.org/t/p/w500/rjmkdq77jvcJgXn0E88Fl2Qu7vI.jpg</thumbnail>
<fanart>https://image.tmdb.org/t/p/w1280/bRLRsAORRuTfZj5XcGWpNXPlt1z.jpg</fanart>
<meta>
<content>movie</content>
<collection>Beethoven</collection>
<title>Beethoven</title>
<imdb>tt0103786</imdb>
<year>1992</year>
</meta>
<link>
<sublink>search</sublink>
<sublink>searchsd</sublink>
</link>
</item>

<item>
<title>Beethoven's 2nd (1993)</title>
<thumbnail>https://image.tmdb.org/t/p/w500/pQaMstkYVNyHxCMHeCPiHrZV2RJ.jpg</thumbnail>
<fanart>https://image.tmdb.org/t/p/w1280/1MaJH9m8TfmwLgS98kcjU4faiMg.jpg</fanart>
<meta>
<content>movie</content>
<collection>Beethoven</collection>
<title>Beethoven's 2nd</title>
<imdb>tt0106375</imdb>
<year>1993</year>
</meta>
<link>
<sublink>search</sublink>
<sublink>searchsd</sublink>
</link>
</item>

