

<item>
<title>Big Momma's House (2000)</title>
<thumbnail>https://image.tmdb.org/t/p/w500/bse0uwxF6daKzDbxZki1SYRNZkI.jpg</thumbnail>
<fanart>https://image.tmdb.org/t/p/w1280/qX6htdFeHVqR1ScnP3w9FflRMRU.jpg</fanart>
<meta>
<content>movie</content>
<collection>Big Momma's House</collection>
<title>Big Momma's House</title>
<imdb>tt0208003</imdb>
<year>2000</year>
</meta>
<link>
<sublink>search</sublink>
<sublink>searchsd</sublink>
</link>
</item>

<item>
<title>Big Momma's House 2 (2006)</title>
<thumbnail>https://image.tmdb.org/t/p/w500/nrb1TjVFG4ZGmmIFaWxeEb0VGeE.jpg</thumbnail>
<fanart>https://image.tmdb.org/t/p/w1280/3U1NDhGkIqXm0C1HL1xJ4wED3eH.jpg</fanart>
<meta>
<content>movie</content>
<collection>Big Momma's House</collection>
<title>Big Momma's House 2</title>
<imdb>tt0421729</imdb>
<year>2006</year>
</meta>
<link>
<sublink>search</sublink>
<sublink>searchsd</sublink>
</link>
</item>

<item>
<title>Big Mommas: Like Father, Like Son (2011)</title>
<thumbnail>https://image.tmdb.org/t/p/w500/tm2EddDwAfH79K4WAmSnvpHwoje.jpg</thumbnail>
<fanart>https://image.tmdb.org/t/p/w1280/gxrLAo0uGy9uzIleogDOrPlQnFf.jpg</fanart>
<meta>
<content>movie</content>
<collection>Big Momma's House</collection>
<title>Big Mommas: Like Father, Like Son</title>
<imdb>tt1464174</imdb>
<year>2011</year>
</meta>
<link>
<sublink>search</sublink>
<sublink>searchsd</sublink>
</link>
</item>

