

<item>
<title>The Black Stallion (1979)</title>
<thumbnail>https://image.tmdb.org/t/p/w500/ffwGAYlVaGpsEEuchZu84rhScQO.jpg</thumbnail>
<fanart>https://image.tmdb.org/t/p/w1280/oiix1SXcy7i3MitqVJor1o9ZSUv.jpg</fanart>
<meta>
<content>movie</content>
<collection>Black Stallion</collection>
<title>The Black Stallion</title>
<imdb>tt0078872</imdb>
<year>1979</year>
</meta>
<link>
<sublink>search</sublink>
<sublink>searchsd</sublink>
</link>
</item>

<item>
<title>The Black Stallion Returns (1983)</title>
<thumbnail>https://image.tmdb.org/t/p/w500/k7utsY6ineBK1j5uLsmEbZLTDKi.jpg</thumbnail>
<fanart>https://image.tmdb.org/t/p/w1280/5cE4fFcys4wz1BApBkIPF4dTZb1.jpg</fanart>
<meta>
<content>movie</content>
<collection>Black Stallion</collection>
<title>The Black Stallion Returns</title>
<imdb>tt0085248</imdb>
<year>1983</year>
</meta>
<link>
<sublink>search</sublink>
<sublink>searchsd</sublink>
</link>
</item>

