

<item>
<title>Blade (1998)</title>
<thumbnail>https://image.tmdb.org/t/p/w500/r0RQ9ZOEZglLOeYDNJTehVTRoR6.jpg</thumbnail>
<fanart>https://image.tmdb.org/t/p/w1280/flKaAvD6TMwethuUP9ngtwZAAUD.jpg</fanart>
<meta>
<content>movie</content>
<collection>Blade</collection>
<title>Blade</title>
<imdb>tt0120611</imdb>
<year>1998</year>
</meta>
<link>
<sublink>search</sublink>
<sublink>searchsd</sublink>
</link>
</item>

<item>
<title>Blade II (2002)</title>
<thumbnail>https://image.tmdb.org/t/p/w500/jlURNpXCMK830CsGRd939PJLh8c.jpg</thumbnail>
<fanart>https://image.tmdb.org/t/p/w1280/2n0kjNEI3uF0ju9H5jiE3rBk5C0.jpg</fanart>
<meta>
<content>movie</content>
<collection>Blade</collection>
<title>Blade II</title>
<imdb>tt0187738</imdb>
<year>2002</year>
</meta>
<link>
<sublink>search</sublink>
<sublink>searchsd</sublink>
</link>
</item>

<item>
<title>Blade: Trinity (2004)</title>
<thumbnail>https://image.tmdb.org/t/p/w500/4WinsdHQBdh5aTt7Bd7T7dbUXbb.jpg</thumbnail>
<fanart>https://image.tmdb.org/t/p/w1280/ikIjjgcJHS5Tei2vrsI117QugSq.jpg</fanart>
<meta>
<content>movie</content>
<collection>Blade</collection>
<title>Blade: Trinity</title>
<imdb>tt0359013</imdb>
<year>2004</year>
</meta>
<link>
<sublink>search</sublink>
<sublink>searchsd</sublink>
</link>
</item>

