

<item>
<title>Bruce Almighty (2003)</title>
<thumbnail>https://image.tmdb.org/t/p/w500/y5TEe8Qbgn91dwqVm9FqE2PEL4Q.jpg</thumbnail>
<fanart>https://image.tmdb.org/t/p/w1280/hoAdxC7ERlP35ucayV4TAXnhnij.jpg</fanart>
<meta>
<content>movie</content>
<collection>Bruce Almighty</collection>
<title>Bruce Almighty</title>
<imdb>tt0315327</imdb>
<year>2003</year>
</meta>
<link>
<sublink>search</sublink>
<sublink>searchsd</sublink>
</link>
</item>

<item>
<title>Evan Almighty (2007)</title>
<thumbnail>https://image.tmdb.org/t/p/w500/mtIjd19s4eOSkUm9P9iDVY35TsQ.jpg</thumbnail>
<fanart>https://image.tmdb.org/t/p/w1280/cKVcHq9qdctpY8v9XMmqcwuG2Jn.jpg</fanart>
<meta>
<content>movie</content>
<collection>Bruce Almighty</collection>
<title>Evan Almighty</title>
<imdb>tt0413099</imdb>
<year>2007</year>
</meta>
<link>
<sublink>search</sublink>
<sublink>searchsd</sublink>
</link>
</item>

