

<item>
<title>Candyman (1992)</title>
<thumbnail>https://image.tmdb.org/t/p/w500/w5YQqrwzreHfa7RmXCB7rpLLxbe.jpg</thumbnail>
<fanart>https://image.tmdb.org/t/p/w1024/e0wTgf7oJjLeXuyfTCsfC4U46h9.jpg</fanart>
<meta>
<content>movie</content>
<collection>Candyman</collection>
<title>Candyman</title>
<imdb>tt0103919</imdb>
<year>1992</year>
</meta>
<link>
<sublink>search</sublink>
<sublink>searchsd</sublink>
</link>
</item>

<item>
<title>Candyman: Farewell to the Flesh (1995)</title>
<thumbnail>https://image.tmdb.org/t/p/w500/2x0Cjwfo3Jzb0J7OK3Rkx8soNCV.jpg</thumbnail>
<fanart>https://image.tmdb.org/t/p/w1280/sNBzGzogMy51c6EXH4ybVo2sVb4.jpg</fanart>
<meta>
<content>movie</content>
<collection>Candyman</collection>
<title>Candyman: Farewell to the Flesh</title>
<imdb>tt0112625</imdb>
<year>1995</year>
</meta>
<link>
<sublink>search</sublink>
<sublink>searchsd</sublink>
</link>
</item>

