

<item>
<title>The Cannonball Run (1981)</title>
<thumbnail>https://image.tmdb.org/t/p/w500/5OkKXKDtZDDJADWu88wQa1nynsQ.jpg</thumbnail>
<fanart>https://image.tmdb.org/t/p/w1280/4jGa1eKlByq8rAknmUpgYUcdkgn.jpg</fanart>
<meta>
<content>movie</content>
<collection>Cannonball Run</collection>
<title>The Cannonball Run</title>
<imdb>tt0082136</imdb>
<year>1981</year>
</meta>
<link>
<sublink>search</sublink>
<sublink>searchsd</sublink>
</link>
</item>

<item>
<title>Cannonball Run II (1984)</title>
<thumbnail>https://image.tmdb.org/t/p/w500/6Z5wXVG5V05WigfjMXGm87ipkvZ.jpg</thumbnail>
<fanart>https://image.tmdb.org/t/p/w1280/wYvnqSrZssK5oNOQbs6FrpRoDOQ.jpg</fanart>
<meta>
<content>movie</content>
<collection>Cannonball Run</collection>
<title>Cannonball Run II</title>
<imdb>tt0087032</imdb>
<year>1984</year>
</meta>
<link>
<sublink>search</sublink>
<sublink>searchsd</sublink>
</link>
</item>

