

<item>
<title>Cars (2006)</title>
<thumbnail>https://image.tmdb.org/t/p/w500/5damnMcRFKSjhCirgX3CMa88MBj.jpg</thumbnail>
<fanart>https://image.tmdb.org/t/p/w1280/4XbLCMvAhKzD4Wmb6Bzz8bER9RI.jpg</fanart>
<meta>
<content>movie</content>
<collection>Cars</collection>
<title>Cars</title>
<imdb>tt0317219</imdb>
<year>2006</year>
</meta>
<link>
<sublink>search</sublink>
<sublink>searchsd</sublink>
</link>
</item>

<item>
<title>Cars 2 (2011)</title>
<thumbnail>https://image.tmdb.org/t/p/w500/7WILDjnJggB3bIioS3LRvtvmu1X.jpg</thumbnail>
<fanart>https://image.tmdb.org/t/p/w1280/7hJ019q6y7uaCE1WcYzgwiriRha.jpg</fanart>
<meta>
<content>movie</content>
<collection>Cars</collection>
<title>Cars 2</title>
<imdb>tt1216475</imdb>
<year>2011</year>
</meta>
<link>
<sublink>search</sublink>
<sublink>searchsd</sublink>
</link>
</item>

