

<item>
<title>Up in Smoke (1978)</title>
<thumbnail>https://image.tmdb.org/t/p/w500/cBbgz13sfqRMgu2neJYKAJ0xmx5.jpg</thumbnail>
<fanart>https://image.tmdb.org/t/p/w1280/5e9CnlFmvIt2qo2SLETZ1Qcuh9G.jpg</fanart>
<meta>
<content>movie</content>
<collection>Cheech & Chong</collection>
<title>Up in Smoke</title>
<imdb>tt0078446</imdb>
<year>1978</year>
</meta>
<link>
<sublink>search</sublink>
<sublink>searchsd</sublink>
</link>
</item>

<item>
<title>Cheech and Chong's Next Movie (1980)</title>
<thumbnail>https://image.tmdb.org/t/p/w500/tHQidVxMZNV32rbOWGsK83pL2m.jpg</thumbnail>
<fanart>https://image.tmdb.org/t/p/w1280/lbYoa3E50XNYdoi0LsYuaJzBb5k.jpg</fanart>
<meta>
<content>movie</content>
<collection>Cheech & Chong</collection>
<title>Cheech and Chong's Next Movie</title>
<imdb>tt0080520</imdb>
<year>1980</year>
</meta>
<link>
<sublink>search</sublink>
<sublink>searchsd</sublink>
</link>
</item>

<item>
<title>Nice Dreams (1981)</title>
<thumbnail>https://image.tmdb.org/t/p/w500/vmApmNpYqI3gI2H53AfZICC6Skt.jpg</thumbnail>
<fanart>https://image.tmdb.org/t/p/w1280/d7cPG2NEgtC4djL9Cm6LH5EPJt0.jpg</fanart>
<meta>
<content>movie</content>
<collection>Cheech & Chong</collection>
<title>Nice Dreams</title>
<imdb>tt0082163</imdb>
<year>1981</year>
</meta>
<link>
<sublink>search</sublink>
<sublink>searchsd</sublink>
</link>
</item>

<item>
<title>Things Are Tough All Over (1982)</title>
<thumbnail>https://image.tmdb.org/t/p/w500/Ao7xYYkVQzuXxtLer8mTga0jdxv.jpg</thumbnail>
<fanart>https://image.tmdb.org/t/p/w1280/zPc553OQcElcHsDaNGrDLAKEI01.jpg</fanart>
<meta>
<content>movie</content>
<collection>Cheech & Chong</collection>
<title>Things Are Tough All Over</title>
<imdb>tt0084788</imdb>
<year>1982</year>
</meta>
<link>
<sublink>search</sublink>
<sublink>searchsd</sublink>
</link>
</item>

<item>
<title>Still Smokin (1983)</title>
<thumbnail>https://image.tmdb.org/t/p/w500/vZVsfRuGZCe5YsVrnEPtC0Ranko.jpg</thumbnail>
<fanart>https://image.tmdb.org/t/p/w1280/4WRwTc4iAxFWVFw1RMZiPMzipZX.jpg</fanart>
<meta>
<content>movie</content>
<collection>Cheech & Chong</collection>
<title>Still Smokin</title>
<imdb>tt0086366</imdb>
<year>1983</year>
</meta>
<link>
<sublink>search</sublink>
<sublink>searchsd</sublink>
</link>
</item>

<item>
<title>Cheech & Chong's The Corsican Brothers (1984)</title>
<thumbnail>https://image.tmdb.org/t/p/w500/xYlE4EHq6pzGwEr2WWCS6F5F00p.jpg</thumbnail>
<fanart>https://image.tmdb.org/t/p/w1280/aiQk1rDgfTLw1LChZhZpZjhD3e2.jpg</fanart>
<meta>
<content>movie</content>
<collection>Cheech & Chong</collection>
<title>Cheech & Chong's The Corsican Brothers</title>
<imdb>tt0087042</imdb>
<year>1984</year>
</meta>
<link>
<sublink>search</sublink>
<sublink>searchsd</sublink>
</link>
</item>

