

<item>
<title>Child's Play (1988)</title>
<thumbnail>https://image.tmdb.org/t/p/w500/sDweW3seR9I9YEbHVjYYBJnYad3.jpg</thumbnail>
<fanart>https://image.tmdb.org/t/p/w1280/8DkJrxEyRN8gTseEhajybpC5smK.jpg</fanart>
<meta>
<content>movie</content>
<collection>Child's Play</collection>
<title>Child's Play</title>
<imdb>tt0094862</imdb>
<year>1988</year>
</meta>
<link>
<sublink>search</sublink>
<sublink>searchsd</sublink>
</link>
</item>

<item>
<title>Child's Play 2 (1990)</title>
<thumbnail>https://image.tmdb.org/t/p/w500/xy0qUntbDOVgiTDvSIFlSM3MMzP.jpg</thumbnail>
<fanart>https://image.tmdb.org/t/p/w1280/o7hjG7ADpNc2HCnv4SjQmxi72N5.jpg</fanart>
<meta>
<content>movie</content>
<collection>Child's Play</collection>
<title>Child's Play 2</title>
<imdb>tt0099253</imdb>
<year>1990</year>
</meta>
<link>
<sublink>search</sublink>
<sublink>searchsd</sublink>
</link>
</item>

<item>
<title>Child's Play 3 (1991)</title>
<thumbnail>https://image.tmdb.org/t/p/w500/pDko1kIkrCaHBSfBj7pAJu1Diss.jpg</thumbnail>
<fanart>https://image.tmdb.org/t/p/w1280/kHGLUgNsjTNsDAgXMvYH7J48Ikx.jpg</fanart>
<meta>
<content>movie</content>
<collection>Child's Play</collection>
<title>Child's Play 3</title>
<imdb>tt0103956</imdb>
<year>1991</year>
</meta>
<link>
<sublink>search</sublink>
<sublink>searchsd</sublink>
</link>
</item>

<item>
<title>Bride of Chucky (1998)</title>
<thumbnail>https://image.tmdb.org/t/p/w500/u5Lc1Li0Hpc452o57E2KaToezZX.jpg</thumbnail>
<fanart>https://image.tmdb.org/t/p/w1280/vkuDPqGqExvwp6EFDanSJVeZ5rI.jpg</fanart>
<meta>
<content>movie</content>
<collection>Child's Play</collection>
<title>Bride of Chucky</title>
<imdb>tt0144120</imdb>
<year>1998</year>
</meta>
<link>
<sublink>search</sublink>
<sublink>searchsd</sublink>
</link>
</item>

<item>
<title>Seed of Chucky (2004)</title>
<thumbnail>https://image.tmdb.org/t/p/w500/vOykTC4dMzEHt2fyOxVRWFnl2pl.jpg</thumbnail>
<fanart>https://image.tmdb.org/t/p/w1280/7DruqQ0kkJIupz3GBYMbTEdEUiP.jpg</fanart>
<meta>
<content>movie</content>
<collection>Child's Play</collection>
<title>Seed of Chucky</title>
<imdb>tt0387575</imdb>
<year>2004</year>
</meta>
<link>
<sublink>search</sublink>
<sublink>searchsd</sublink>
</link>
</item>

