

<item>
<title>The Chronicles of Narnia: The Lion, the Witch and the Wardrobe (2005)</title>
<thumbnail>https://image.tmdb.org/t/p/w500/l8RKDgjl9co0IgFZblxhtIOi5Uj.jpg</thumbnail>
<fanart>https://image.tmdb.org/t/p/w1280/qX4DyHnEIYLb1x9zC83NVlM38sL.jpg</fanart>
<meta>
<content>movie</content>
<collection>Chronicles of Narnia</collection>
<title>The Chronicles of Narnia: The Lion, the Witch and the Wardrobe</title>
<imdb>tt0363771</imdb>
<year>2005</year>
</meta>
<link>
<sublink>search</sublink>
<sublink>searchsd</sublink>
</link>
</item>

<item>
<title>The Chronicles of Narnia: Prince Caspian (2008)</title>
<thumbnail>https://image.tmdb.org/t/p/w500/mEHd5n927ifJEODgbtC09Faqwcg.jpg</thumbnail>
<fanart>https://image.tmdb.org/t/p/w1280/eiET76GO3xECOic1rL8VcTLuy3L.jpg</fanart>
<meta>
<content>movie</content>
<collection>Chronicles of Narnia</collection>
<title>The Chronicles of Narnia: Prince Caspian</title>
<imdb>tt0499448</imdb>
<year>2008</year>
</meta>
<link>
<sublink>search</sublink>
<sublink>searchsd</sublink>
</link>
</item>

<item>
<title>The Chronicles of Narnia: The Voyage of the Dawn Treader (2010)</title>
<thumbnail>https://image.tmdb.org/t/p/w500/Arq0dOHneyM2mQOftr0vPLUE94F.jpg</thumbnail>
<fanart>https://image.tmdb.org/t/p/w1280/phJZJNCz2ZI5B723cubGC8zEP3t.jpg</fanart>
<meta>
<content>movie</content>
<collection>Chronicles of Narnia</collection>
<title>The Chronicles of Narnia: The Voyage of the Dawn Treader</title>
<imdb>tt0980970</imdb>
<year>2010</year>
</meta>
<link>
<sublink>search</sublink>
<sublink>searchsd</sublink>
</link>
</item>

