

<item>
<title>Crank (2006)</title>
<thumbnail>https://image.tmdb.org/t/p/w500/pJVxRniewsyGaVGEe5zLw0kynfT.jpg</thumbnail>
<fanart>https://image.tmdb.org/t/p/w1280/g2Abpnnuic8WWOaVGsbXCmDv0Jn.jpg</fanart>
<meta>
<content>movie</content>
<collection>Crank</collection>
<title>Crank</title>
<imdb>tt0479884</imdb>
<year>2006</year>
</meta>
<link>
<sublink>search</sublink>
<sublink>searchsd</sublink>
</link>
</item>

<item>
<title>Crank: High Voltage (2009)</title>
<thumbnail>https://image.tmdb.org/t/p/w500/6WLcJkIwyycyUDDfZ5VWU1TcLwF.jpg</thumbnail>
<fanart>https://image.tmdb.org/t/p/w1280/82leSJQk5jbPYC5zb7UJRAmuPIK.jpg</fanart>
<meta>
<content>movie</content>
<collection>Crank</collection>
<title>Crank: High Voltage</title>
<imdb>tt1121931</imdb>
<year>2009</year>
</meta>
<link>
<sublink>search</sublink>
<sublink>searchsd</sublink>
</link>
</item>

