

<item>
<title>Crocodile Dundee (1986)</title>
<thumbnail>https://image.tmdb.org/t/p/w500/uQyFHP0BBQcOVAbfpmiTnj5rKDm.jpg</thumbnail>
<fanart>https://image.tmdb.org/t/p/w1280/3di9rlfQDHdUh3w0gFmcqvzdFDw.jpg</fanart>
<meta>
<content>movie</content>
<collection>Crocodile Dundee</collection>
<title>Crocodile Dundee</title>
<imdb>tt0090555</imdb>
<year>1986</year>
</meta>
<link>
<sublink>search</sublink>
<sublink>searchsd</sublink>
</link>
</item>

<item>
<title>Crocodile Dundee II (1988)</title>
<thumbnail>https://image.tmdb.org/t/p/w500/m8DRsyNMD1pzWIgOb7X6XN7R3y0.jpg</thumbnail>
<fanart>https://image.tmdb.org/t/p/w1280/tKwglFBuCqJxfGPCmTEukVBTUOy.jpg</fanart>
<meta>
<content>movie</content>
<collection>Crocodile Dundee</collection>
<title>Crocodile Dundee II</title>
<imdb>tt0092493</imdb>
<year>1988</year>
</meta>
<link>
<sublink>search</sublink>
<sublink>searchsd</sublink>
</link>
</item>

<item>
<title>Crocodile Dundee in Los Angeles (2001)</title>
<thumbnail>https://image.tmdb.org/t/p/w500/va4DXKVl48AnENULnWCoWQc70P9.jpg</thumbnail>
<fanart>https://image.tmdb.org/t/p/w1280/ilMYRceZiGfbDruiIIUQDTKP92T.jpg</fanart>
<meta>
<content>movie</content>
<collection>Crocodile Dundee</collection>
<title>Crocodile Dundee in Los Angeles</title>
<imdb>tt0231402</imdb>
<year>2001</year>
</meta>
<link>
<sublink>search</sublink>
<sublink>searchsd</sublink>
</link>
</item>

