

<item>
<title>Crouching Tiger, Hidden Dragon (2000)</title>
<thumbnail>https://image.tmdb.org/t/p/w500/2D7kikHUHbecJGoRAspBYiqoxd6.jpg</thumbnail>
<fanart>https://image.tmdb.org/t/p/w1280/rMXQaQZbFkAZC9tNvH0ZK3FFOND.jpg</fanart>
<meta>
<content>movie</content>
<collection>Crouching Tiger, Hidden Dragon</collection>
<title>Crouching Tiger, Hidden Dragon</title>
<imdb>tt0190332</imdb>
<year>2000</year>
</meta>
<link>
<sublink>search</sublink>
<sublink>searchsd</sublink>
</link>
</item>

<item>
<title>Crouching Tiger, Hidden Dragon: Sword of Destiny (2016)</title>
<thumbnail>https://image.tmdb.org/t/p/w500/ofUfaj5e6qZtDqTPS5GkEV0H2zH.jpg</thumbnail>
<fanart>https://image.tmdb.org/t/p/w1280/krttQ095ZY3VnHHm5EptNOvW9DH.jpg</fanart>
<meta>
<content>movie</content>
<collection>Crouching Tiger, Hidden Dragon</collection>
<title>Crouching Tiger, Hidden Dragon: Sword of Destiny</title>
<imdb>tt2652118</imdb>
<year>2016</year>
</meta>
<link>
<sublink>search</sublink>
<sublink>searchsd</sublink>
</link>
</item>

