

<item>
<title>Daddy Day Care (2003)</title>
<thumbnail>https://image.tmdb.org/t/p/w500/fApwJRtMEML829MMlAAA5w1dGhu.jpg</thumbnail>
<fanart>https://image.tmdb.org/t/p/w1280/4WflNa41F8Jv64aCaKFC63d7ECg.jpg</fanart>
<meta>
<content>movie</content>
<collection>Daddy Day Care</collection>
<title>Daddy Day Care</title>
<imdb>tt0317303</imdb>
<year>2003</year>
</meta>
<link>
<sublink>search</sublink>
<sublink>searchsd</sublink>
</link>
</item>

<item>
<title>Daddy Day Camp (2007)</title>
<thumbnail>https://image.tmdb.org/t/p/w500/2Gpnh4SFMZNqhrMev24tzUpm4qH.jpg</thumbnail>
<fanart>https://image.tmdb.org/t/p/w1280/kpfLytXOu5HffVerl9ZtvxauR6I.jpg</fanart>
<meta>
<content>movie</content>
<collection>Daddy Day Care</collection>
<title>Daddy Day Camp</title>
<imdb>tt0462244</imdb>
<year>2007</year>
</meta>
<link>
<sublink>search</sublink>
<sublink>searchsd</sublink>
</link>
</item>

