

<item>
<title>Batman Begins (2005)</title>
<thumbnail>https://image.tmdb.org/t/p/w500/5snTivNyOOpF4L8oO2RVTTQ54RM.jpg</thumbnail>
<fanart>https://image.tmdb.org/t/p/w1280/65JWXDCAfwHhJKnDwRnEgVB411X.jpg</fanart>
<meta>
<content>movie</content>
<collection>Dark Knight Trilogy</collection>
<title>Batman Begins</title>
<imdb>tt0372784</imdb>
<year>2005</year>
</meta>
<link>
<sublink>search</sublink>
<sublink>searchsd</sublink>
</link>
</item>

<item>
<title>The Dark Knight (2008)</title>
<thumbnail>https://image.tmdb.org/t/p/w500/1hRoyzDtpgMU7Dz4JF22RANzQO7.jpg</thumbnail>
<fanart>https://image.tmdb.org/t/p/w1280/nnMC0BM6XbjIIrT4miYmMtPGcQV.jpg</fanart>
<meta>
<content>movie</content>
<collection>Dark Knight Trilogy</collection>
<title>The Dark Knight</title>
<imdb>tt0468569</imdb>
<year>2008</year>
</meta>
<link>
<sublink>search</sublink>
<sublink>searchsd</sublink>
</link>
</item>

<item>
<title>The Dark Knight Rises (2012)</title>
<thumbnail>https://image.tmdb.org/t/p/w500/dEYnvnUfXrqvqeRSqvIEtmzhoA8.jpg</thumbnail>
<fanart>https://image.tmdb.org/t/p/w1280/67wEltjm3ivUytnZTP6Ue647Ama.jpg</fanart>
<meta>
<content>movie</content>
<collection>Dark Knight Trilogy</collection>
<title>The Dark Knight Rises</title>
<imdb>tt1345836</imdb>
<year>2012</year>
</meta>
<link>
<sublink>search</sublink>
<sublink>searchsd</sublink>
</link>
</item>

