

<item>
<title>Despicable Me (2010)</title>
<thumbnail>https://image.tmdb.org/t/p/w500/2ZFmSkIihM3cWTjtKVy1UAchG5L.jpg</thumbnail>
<fanart>https://image.tmdb.org/t/p/w1280/yo1ef57MEPkEE4BDZKTZGH9uDcX.jpg</fanart>
<meta>
<content>movie</content>
<collection>Despicable Me</collection>
<title>Despicable Me</title>
<imdb>tt1323594</imdb>
<year>2010</year>
</meta>
<link>
<sublink>search</sublink>
<sublink>searchsd</sublink>
</link>
</item>

<item>
<title>Despicable Me 2 (2013)</title>
<thumbnail>https://image.tmdb.org/t/p/w500/kQrYyZQHkwkUg2KlUDyvymj9FAp.jpg</thumbnail>
<fanart>https://image.tmdb.org/t/p/w1280/rmgxcw8tGTmdhsWqdjGBS9uI1tO.jpg</fanart>
<meta>
<content>movie</content>
<collection>Despicable Me</collection>
<title>Despicable Me 2</title>
<imdb>tt1690953</imdb>
<year>2013</year>
</meta>
<link>
<sublink>search</sublink>
<sublink>searchsd</sublink>
</link>
</item>

<item>
<title>Minions (2015)</title>
<thumbnail>https://image.tmdb.org/t/p/w500/q0R4crx2SehcEEQEkYObktdeFy.jpg</thumbnail>
<fanart>https://image.tmdb.org/t/p/w1280/t6CF5GBfAdgJW9U8AVQ5GZLTTVl.jpg</fanart>
<meta>
<content>movie</content>
<collection>Despicable Me</collection>
<title>Minions</title>
<imdb>tt2293640</imdb>
<year>2015</year>
</meta>
<link>
<sublink>search</sublink>
<sublink>searchsd</sublink>
</link>
</item>

