

<item>
<title>Deuce Bigalow: Male Gigolo (1999)</title>
<thumbnail>https://image.tmdb.org/t/p/w500/1AGR1KdIk1llaW983XsW5YsoPsI.jpg</thumbnail>
<fanart>https://image.tmdb.org/t/p/w1280/2BE6SGCQsXu4Z3kNK4MbQe9lfsR.jpg</fanart>
<meta>
<content>movie</content>
<collection>Deuce Bigelow</collection>
<title>Deuce Bigalow: Male Gigolo</title>
<imdb>tt0205000</imdb>
<year>1999</year>
</meta>
<link>
<sublink>search</sublink>
<sublink>searchsd</sublink>
</link>
</item>

<item>
<title>Deuce Bigalow: European Gigolo (2005)</title>
<thumbnail>https://image.tmdb.org/t/p/w500/1P8fWex0NzgtPE4cgIUDHrVSARM.jpg</thumbnail>
<fanart>https://image.tmdb.org/t/p/w1280/9pPwTPYc65bVHGx0cpin6ma2l7K.jpg</fanart>
<meta>
<content>movie</content>
<collection>Deuce Bigelow</collection>
<title>Deuce Bigalow: European Gigolo</title>
<imdb>tt0367652</imdb>
<year>2005</year>
</meta>
<link>
<sublink>search</sublink>
<sublink>searchsd</sublink>
</link>
</item>

