

<item>
<title>Diary of a Wimpy Kid (2010)</title>
<thumbnail>https://image.tmdb.org/t/p/w500/5bPEGiI6r2PvER13UWPy0Ud4MnZ.jpg</thumbnail>
<fanart>https://image.tmdb.org/t/p/w1280/ag3LIUYCclnXltzoVZX3nPKmQt7.jpg</fanart>
<meta>
<content>movie</content>
<collection>Diary of a Wimpy Kid</collection>
<title>Diary of a Wimpy Kid</title>
<imdb>tt1196141</imdb>
<year>2010</year>
</meta>
<link>
<sublink>search</sublink>
<sublink>searchsd</sublink>
</link>
</item>

<item>
<title>Diary of a Wimpy Kid: Rodrick Rules (2011)</title>
<thumbnail>https://image.tmdb.org/t/p/w500/b7ASKxUMqgarJIN4pH3Q8hbyPGA.jpg</thumbnail>
<fanart>https://image.tmdb.org/t/p/w1280/lRWdqqOoSJVSiNLZvt28vQ2jZY2.jpg</fanart>
<meta>
<content>movie</content>
<collection>Diary of a Wimpy Kid</collection>
<title>Diary of a Wimpy Kid: Rodrick Rules</title>
<imdb>tt1650043</imdb>
<year>2011</year>
</meta>
<link>
<sublink>search</sublink>
<sublink>searchsd</sublink>
</link>
</item>

<item>
<title>Diary of a Wimpy Kid: Dog Days (2012)</title>
<thumbnail>https://image.tmdb.org/t/p/w500/tev1d0E9hkiloecGi038tvTsm3y.jpg</thumbnail>
<fanart>https://image.tmdb.org/t/p/w1280/xLkOXfVcBVDM3nDZteVsMRh4lFN.jpg</fanart>
<meta>
<content>movie</content>
<collection>Diary of a Wimpy Kid</collection>
<title>Diary of a Wimpy Kid: Dog Days</title>
<imdb>tt2023453</imdb>
<year>2012</year>
</meta>
<link>
<sublink>search</sublink>
<sublink>searchsd</sublink>
</link>
</item>

