

<item>
<title>Die Hard (1988)</title>
<thumbnail>https://image.tmdb.org/t/p/w500/r7CDkRjZIAP79skLaTTvRk8eUp3.jpg</thumbnail>
<fanart>https://image.tmdb.org/t/p/w1280/n59CQWW7vtLoprrKaArKfYqVY5B.jpg</fanart>
<meta>
<content>movie</content>
<collection>Die Hard</collection>
<title>Die Hard</title>
<imdb>tt0095016</imdb>
<year>1988</year>
</meta>
<link>
<sublink>search</sublink>
<sublink>searchsd</sublink>
</link>
</item>

<item>
<title>Die Hard 2 (1990)</title>
<thumbnail>https://image.tmdb.org/t/p/w500/zSgL998DXaljsCmwQuwDM8Ak4rV.jpg</thumbnail>
<fanart>https://image.tmdb.org/t/p/w1280/A4hhKGQWbaiPf71O8dz5Y0MwOB1.jpg</fanart>
<meta>
<content>movie</content>
<collection>Die Hard</collection>
<title>Die Hard 2</title>
<imdb>tt0099423</imdb>
<year>1990</year>
</meta>
<link>
<sublink>search</sublink>
<sublink>searchsd</sublink>
</link>
</item>

<item>
<title>Live Free or Die Hard (2007)</title>
<thumbnail>https://image.tmdb.org/t/p/w500/pHWgbaXiQD2nmex7u8Xv6XmhaZS.jpg</thumbnail>
<fanart>https://image.tmdb.org/t/p/w1280/ciJhaYWjp5VJ6yHVS3qqbteYH9M.jpg</fanart>
<meta>
<content>movie</content>
<collection>Die Hard</collection>
<title>Live Free or Die Hard</title>
<imdb>tt0337978</imdb>
<year>2007</year>
</meta>
<link>
<sublink>search</sublink>
<sublink>searchsd</sublink>
</link>
</item>

<item>
<title>A Good Day to Die Hard (2013)</title>
<thumbnail>https://image.tmdb.org/t/p/w500/7JKli6FqxK6kEsNRUW8JVGmGSNI.jpg</thumbnail>
<fanart>https://image.tmdb.org/t/p/w1280/2H9gpnshd6KrFwe7nLfFFcmxCJm.jpg</fanart>
<meta>
<content>movie</content>
<collection>Die Hard</collection>
<title>A Good Day to Die Hard</title>
<imdb>tt1606378</imdb>
<year>2013</year>
</meta>
<link>
<sublink>search</sublink>
<sublink>searchsd</sublink>
</link>
</item>

