

<item>
<title>Dirty Dancing (1987)</title>
<thumbnail>https://image.tmdb.org/t/p/w500/zMHIZHxKv6kdE3JFQqZFqj7OswK.jpg</thumbnail>
<fanart>https://image.tmdb.org/t/p/w1280/eEBKu4IjvMjCUrKjCkkSEEv7bvt.jpg</fanart>
<meta>
<content>movie</content>
<collection>Dirty Dancing</collection>
<title>Dirty Dancing</title>
<imdb>tt0092890</imdb>
<year>1987</year>
</meta>
<link>
<sublink>search</sublink>
<sublink>searchsd</sublink>
</link>
</item>

<item>
<title>Dirty Dancing: Havana Nights (2004)</title>
<thumbnail>https://image.tmdb.org/t/p/w500/nuUKcfRYjifwjIJPN1J6kIGcSvD.jpg</thumbnail>
<fanart>https://image.tmdb.org/t/p/w1280/rbELiIEbwhIelgTV1BemiTe5KNk.jpg</fanart>
<meta>
<content>movie</content>
<collection>Dirty Dancing</collection>
<title>Dirty Dancing: Havana Nights</title>
<imdb>tt0338096</imdb>
<year>2004</year>
</meta>
<link>
<sublink>search</sublink>
<sublink>searchsd</sublink>
</link>
</item>

