

<item>
<title>Doctor Dolittle (1998)</title>
<thumbnail>https://image.tmdb.org/t/p/w500/ebomUCgc1QhtuxWiEHnmJlesv2g.jpg</thumbnail>
<fanart>https://image.tmdb.org/t/p/w1280/g97xTt18p0WWnj6wxLGC0vBKFwQ.jpg</fanart>
<meta>
<content>movie</content>
<collection>Doctor Dolittle</collection>
<title>Doctor Dolittle</title>
<imdb>tt0118998</imdb>
<year>1998</year>
</meta>
<link>
<sublink>search</sublink>
<sublink>searchsd</sublink>
</link>
</item>

<item>
<title>Dr. Dolittle 2 (2001)</title>
<thumbnail>https://image.tmdb.org/t/p/w500/aecUc1LobMV56Doj99ZvJR2dXgG.jpg</thumbnail>
<fanart>https://image.tmdb.org/t/p/w1280/CI4gcw8kes1sbR9ht8rhMc2la7.jpg</fanart>
<meta>
<content>movie</content>
<collection>Doctor Dolittle</collection>
<title>Dr. Dolittle 2</title>
<imdb>tt0240462</imdb>
<year>2001</year>
</meta>
<link>
<sublink>search</sublink>
<sublink>searchsd</sublink>
</link>
</item>

