

<item>
<title>Dungeons & Dragons (2000)</title>
<thumbnail>https://image.tmdb.org/t/p/w500/hHoMqCagqwnahAvwkzCOp6MPMWC.jpg</thumbnail>
<fanart>https://image.tmdb.org/t/p/w1280/pJL23ry0kzEUpp5XVSoEAnG5T7A.jpg</fanart>
<meta>
<content>movie</content>
<collection>Dungeons & Dragons</collection>
<title>Dungeons & Dragons</title>
<imdb>tt0190374</imdb>
<year>2000</year>
</meta>
<link>
<sublink>search</sublink>
<sublink>searchsd</sublink>
</link>
</item>

<item>
<title>Dungeons & Dragons: Wrath of the Dragon God (2005)</title>
<thumbnail>https://image.tmdb.org/t/p/w500/m05AJbnlQdJjRcRyedXN7EPxtz0.jpg</thumbnail>
<fanart>https://image.tmdb.org/t/p/w1280/2ziyZnf5Qwl4KddHwtuyql8oy84.jpg</fanart>
<meta>
<content>movie</content>
<collection>Dungeons & Dragons</collection>
<title>Dungeons & Dragons: Wrath of the Dragon God</title>
<imdb>tt0406728</imdb>
<year>2005</year>
</meta>
<link>
<sublink>search</sublink>
<sublink>searchsd</sublink>
</link>
</item>

