

<item>
<title>The Hustler (1961)</title>
<thumbnail>https://image.tmdb.org/t/p/w500/zmrKp4sKrfMhQZXt6FiJTEJ7EKd.jpg</thumbnail>
<fanart>https://image.tmdb.org/t/p/w1280/bkPFcKiMj8lPoYsxGSFBRXQMkyu.jpg</fanart>
<meta>
<content>movie</content>
<collection>Eddie Felson</collection>
<title>The Hustler</title>
<imdb>tt0054997</imdb>
<year>1961</year>
</meta>
<link>
<sublink>search</sublink>
<sublink>searchsd</sublink>
</link>
</item>

<item>
<title>The Color of Money (1986)</title>
<thumbnail>https://image.tmdb.org/t/p/w500/xBFzAIDqlvyDIy5Zf5ASVz3kHwN.jpg</thumbnail>
<fanart>https://image.tmdb.org/t/p/w1280/m7iTChm07pDNYsobP1Qg0WOei8Z.jpg</fanart>
<meta>
<content>movie</content>
<collection>Eddie Felson</collection>
<title>The Color of Money</title>
<imdb>tt0090863</imdb>
<year>1986</year>
</meta>
<link>
<sublink>search</sublink>
<sublink>searchsd</sublink>
</link>
</item>

