

<item>
<title>El Mariachi (1992)</title>
<thumbnail>https://image.tmdb.org/t/p/w500/4S47gyKZI5aLiawwc45e4gnPlPx.jpg</thumbnail>
<fanart>https://image.tmdb.org/t/p/w1280/8gzZWRibpRQAA2ZPk0VhKtwHNhw.jpg</fanart>
<meta>
<content>movie</content>
<collection>El Mariachi</collection>
<title>El Mariachi</title>
<imdb>tt0104815</imdb>
<year>1992</year>
</meta>
<link>
<sublink>search</sublink>
<sublink>searchsd</sublink>
</link>
</item>

<item>
<title>Desperado (1995)</title>
<thumbnail>https://image.tmdb.org/t/p/w500/7eVo5DbP7gcsDzHcpRCTA6JAuF2.jpg</thumbnail>
<fanart>https://image.tmdb.org/t/p/w1280/wA3qqVezyktBj92nTVXU7tYd1iG.jpg</fanart>
<meta>
<content>movie</content>
<collection>El Mariachi</collection>
<title>Desperado</title>
<imdb>tt0112851</imdb>
<year>1995</year>
</meta>
<link>
<sublink>search</sublink>
<sublink>searchsd</sublink>
</link>
</item>

<item>
<title>Once Upon a Time in Mexico (2003)</title>
<thumbnail>https://image.tmdb.org/t/p/w500/j3Mz1jaM3MVr5K1Ijh5D2T93VF2.jpg</thumbnail>
<fanart>https://image.tmdb.org/t/p/w1280/vQi6zDyPoX3bq9YHazcOojXkAKP.jpg</fanart>
<meta>
<content>movie</content>
<collection>El Mariachi</collection>
<title>Once Upon a Time in Mexico</title>
<imdb>tt0285823</imdb>
<year>2003</year>
</meta>
<link>
<sublink>search</sublink>
<sublink>searchsd</sublink>
</link>
</item>

