

<item>
<title>Ernest Goes to Camp (1987)</title>
<thumbnail>https://image.tmdb.org/t/p/w500/dPgriKpEFld6FNSFsRWvNg53MY.jpg</thumbnail>
<fanart>https://image.tmdb.org/t/p/w1280/zaGpUYcGCILfDSUmVydK2bqiqHL.jpg</fanart>
<meta>
<content>movie</content>
<collection>Ernest</collection>
<title>Ernest Goes to Camp</title>
<imdb>tt0092974</imdb>
<year>1987</year>
</meta>
<link>
<sublink>search</sublink>
<sublink>searchsd</sublink>
</link>
</item>

<item>
<title>Ernest Saves Christmas (1988)</title>
<thumbnail>https://image.tmdb.org/t/p/w500/pL1KVfAei3i5FAgysbPiE1MUW6L.jpg</thumbnail>
<fanart>https://image.tmdb.org/t/p/w1280/kDmCW7qWEEhi99FAnJEdTBWmNy1.jpg</fanart>
<meta>
<content>movie</content>
<collection>Ernest</collection>
<title>Ernest Saves Christmas</title>
<imdb>tt0095107</imdb>
<year>1988</year>
</meta>
<link>
<sublink>search</sublink>
<sublink>searchsd</sublink>
</link>
</item>

<item>
<title>Ernest Goes to Jail (1990)</title>
<thumbnail>https://image.tmdb.org/t/p/w500/3tbX8ZjsHjAIeUSwnJhMh7xQ6dB.jpg</thumbnail>
<fanart>https://image.tmdb.org/t/p/w1280/lCa9isXRF5qNYoduIJL6FpM9kmI.jpg</fanart>
<meta>
<content>movie</content>
<collection>Ernest</collection>
<title>Ernest Goes to Jail</title>
<imdb>tt0099512</imdb>
<year>1990</year>
</meta>
<link>
<sublink>search</sublink>
<sublink>searchsd</sublink>
</link>
</item>

<item>
<title>Ernest Scared Stupid (1991)</title>
<thumbnail>https://image.tmdb.org/t/p/w500/6iYlS2bOYIJOELQnW7Rr2Vv8zg0.jpg</thumbnail>
<fanart>https://image.tmdb.org/t/p/w1280/5Rz3Sm6jNSYRVwoHdDCJsdHGCkE.jpg</fanart>
<meta>
<content>movie</content>
<collection>Ernest</collection>
<title>Ernest Scared Stupid</title>
<imdb>tt0101821</imdb>
<year>1991</year>
</meta>
<link>
<sublink>search</sublink>
<sublink>searchsd</sublink>
</link>
</item>

<item>
<title>Ernest Rides Again (1993)</title>
<thumbnail>https://image.tmdb.org/t/p/w500/yJtkKhm14q2mOfZvDm2EuAIgd0L.jpg</thumbnail>
<fanart>https://image.tmdb.org/t/p/w1280/gUtM27PtYsweDG3bZT5sMNe2rwR.jpg</fanart>
<meta>
<content>movie</content>
<collection>Ernest</collection>
<title>Ernest Rides Again</title>
<imdb>tt0106827</imdb>
<year>1993</year>
</meta>
<link>
<sublink>search</sublink>
<sublink>searchsd</sublink>
</link>
</item>

