

<item>
<title>Escape from New York (1981)</title>
<thumbnail>https://image.tmdb.org/t/p/w500/z1KTbKJh7vSTTXllxxE4DWG63rT.jpg</thumbnail>
<fanart>https://image.tmdb.org/t/p/w1280/iSi3OJKSPNknaxSvjpOa6c38Xgn.jpg</fanart>
<meta>
<content>movie</content>
<collection>Escape from New York</collection>
<title>Escape from New York</title>
<imdb>tt0082340</imdb>
<year>1981</year>
</meta>
<link>
<sublink>search</sublink>
<sublink>searchsd</sublink>
</link>
</item>

<item>
<title>Escape from L.A. (1996)</title>
<thumbnail>https://image.tmdb.org/t/p/w500/rAjz6XFC6Zs07oraJSnajbaAbG9.jpg</thumbnail>
<fanart>https://image.tmdb.org/t/p/w1280/uNKMgNqdl0EFjk8dJmwmAqynuKP.jpg</fanart>
<meta>
<content>movie</content>
<collection>Escape from New York</collection>
<title>Escape from L.A.</title>
<imdb>tt0116225</imdb>
<year>1996</year>
</meta>
<link>
<sublink>search</sublink>
<sublink>searchsd</sublink>
</link>
</item>

