

<item>
<title>Every Which Way But Loose (1978)</title>
<thumbnail>https://image.tmdb.org/t/p/w500/waGLjW4eC8zww90iTZKX7vFm2DM.jpg</thumbnail>
<fanart>https://image.tmdb.org/t/p/w1280/4YdEQTF7wZyl2kTKsRc567Lp3q3.jpg</fanart>
<meta>
<content>movie</content>
<collection>Every Which Way But Loose</collection>
<title>Every Which Way But Loose</title>
<imdb>tt0077523</imdb>
<year>1978</year>
</meta>
<link>
<sublink>search</sublink>
<sublink>searchsd</sublink>
</link>
</item>

<item>
<title>Any Which Way You Can (1980)</title>
<thumbnail>https://image.tmdb.org/t/p/w500/pd2wLrnIbPYSTeLERTsLpCAmRUn.jpg</thumbnail>
<fanart>https://image.tmdb.org/t/p/w1280/ysEXbGAZqeuv2f479Tf4ebrdkfI.jpg</fanart>
<meta>
<content>movie</content>
<collection>Every Which Way But Loose</collection>
<title>Any Which Way You Can</title>
<imdb>tt0080377</imdb>
<year>1980</year>
</meta>
<link>
<sublink>search</sublink>
<sublink>searchsd</sublink>
</link>
</item>

