

<item>
<title>The Evil Dead (1981)</title>
<thumbnail>https://image.tmdb.org/t/p/w500/fA7uqS8ZBzCVPKgB7rFaR0wTFpy.jpg</thumbnail>
<fanart>https://image.tmdb.org/t/p/w1280/j7APqLZKwm4wCDgIuPbFOcBUzDv.jpg</fanart>
<meta>
<content>movie</content>
<collection>Evil Dead</collection>
<title>The Evil Dead</title>
<imdb>tt0083907</imdb>
<year>1981</year>
</meta>
<link>
<sublink>search</sublink>
<sublink>searchsd</sublink>
</link>
</item>

<item>
<title>Evil Dead II (1987)</title>
<thumbnail>https://image.tmdb.org/t/p/w500/zJi313EwC7prtQDrogKqR5CV0Sq.jpg</thumbnail>
<fanart>https://image.tmdb.org/t/p/w1280/jaeAf6XGmapDW8kdVEJkqX3UNrR.jpg</fanart>
<meta>
<content>movie</content>
<collection>Evil Dead</collection>
<title>Evil Dead II</title>
<imdb>tt0092991</imdb>
<year>1987</year>
</meta>
<link>
<sublink>search</sublink>
<sublink>searchsd</sublink>
</link>
</item>

<item>
<title>Evil Dead (2013)</title>
<thumbnail>https://image.tmdb.org/t/p/w500/z56CMoFXOhq4zieKMsokLaiB4qE.jpg</thumbnail>
<fanart>https://image.tmdb.org/t/p/w1280/h5HkXjx7ihLfXxHjHWFt8smbcgt.jpg</fanart>
<meta>
<content>movie</content>
<collection>Evil Dead</collection>
<title>Evil Dead</title>
<imdb>tt1288558</imdb>
<year>2013</year>
</meta>
<link>
<sublink>search</sublink>
<sublink>searchsd</sublink>
</link>
</item>

