

<item>
<title>Finding Nemo (2003)</title>
<thumbnail>https://image.tmdb.org/t/p/w500/zjqInUwldOBa0q07fOyohYCWxWX.jpg</thumbnail>
<fanart>https://image.tmdb.org/t/p/w1280/n2vIGWw4ezslXjlP0VNxkp9wqwU.jpg</fanart>
<meta>
<content>movie</content>
<collection>Finding Nemo</collection>
<title>Finding Nemo</title>
<imdb>tt0266543</imdb>
<year>2003</year>
</meta>
<link>
<sublink>search</sublink>
<sublink>searchsd</sublink>
</link>
</item>

<item>
<title>Finding Dory (2016)</title>
<thumbnail>https://image.tmdb.org/t/p/w500/r0Nd7mrhXLx8gQWfAU63jWCZCvW.jpg</thumbnail>
<fanart>https://image.tmdb.org/t/p/w1280/lbHcteOgOXeWSIYesnaKbHuvv1G.jpg</fanart>
<meta>
<content>movie</content>
<collection>Finding Nemo</collection>
<title>Finding Dory</title>
<imdb>tt2277860</imdb>
<year>2016</year>
</meta>
<link>
<sublink>search</sublink>
<sublink>searchsd</sublink>
</link>
</item>

