

<item>
<title>Friday the 13th (1980)</title>
<thumbnail>https://image.tmdb.org/t/p/w500/mGJlh8oMyTDhfudvs20kFpYz0Yc.jpg</thumbnail>
<fanart>https://image.tmdb.org/t/p/w1280/d1DyIWgc80ufW2ENGOMNZRbpq4x.jpg</fanart>
<meta>
<content>movie</content>
<collection>Friday the 13th</collection>
<title>Friday the 13th</title>
<imdb>tt0080761</imdb>
<year>1980</year>
</meta>
<link>
<sublink>search</sublink>
<sublink>searchsd</sublink>
</link>
</item>

<item>
<title>Friday the 13th Part 2 (1981)</title>
<thumbnail>https://image.tmdb.org/t/p/w500/3c6uMXqFXO9G5RVdiPB76IK3FYM.jpg</thumbnail>
<fanart>https://image.tmdb.org/t/p/w1280/mshdRsIOPgzIMdcHUD4I5TUf7kT.jpg</fanart>
<meta>
<content>movie</content>
<collection>Friday the 13th</collection>
<title>Friday the 13th Part 2</title>
<imdb>tt0082418</imdb>
<year>1981</year>
</meta>
<link>
<sublink>search</sublink>
<sublink>searchsd</sublink>
</link>
</item>

<item>
<title>Friday the 13th Part III (1982)</title>
<thumbnail>https://image.tmdb.org/t/p/w500/5wg2NZyIhcMbIBAahBODXHyJ54S.jpg</thumbnail>
<fanart>https://image.tmdb.org/t/p/w1280/4hIOWh2Wrkuwt4ghU29ALJ2mBOQ.jpg</fanart>
<meta>
<content>movie</content>
<collection>Friday the 13th</collection>
<title>Friday the 13th Part III</title>
<imdb>tt0083972</imdb>
<year>1982</year>
</meta>
<link>
<sublink>search</sublink>
<sublink>searchsd</sublink>
</link>
</item>

<item>
<title>Friday the 13th: The Final Chapter (1984)</title>
<thumbnail>https://image.tmdb.org/t/p/w500/p5wiO9KgZH78Kvo1L6dPz8uECJ9.jpg</thumbnail>
<fanart>https://image.tmdb.org/t/p/w1280/vI1XbNXhPdqgvFK9wJ1eAll9VPx.jpg</fanart>
<meta>
<content>movie</content>
<collection>Friday the 13th</collection>
<title>Friday the 13th: The Final Chapter</title>
<imdb>tt0087298</imdb>
<year>1984</year>
</meta>
<link>
<sublink>search</sublink>
<sublink>searchsd</sublink>
</link>
</item>

<item>
<title>Friday the 13th: A New Beginning (1985)</title>
<thumbnail>https://image.tmdb.org/t/p/w500/aoc6F4Oif0JskHKO1tzZOaopYbF.jpg</thumbnail>
<fanart>https://image.tmdb.org/t/p/w1280/AtfIx0oT7NFuhFtGbISSMqIYOsK.jpg</fanart>
<meta>
<content>movie</content>
<collection>Friday the 13th</collection>
<title>Friday the 13th: A New Beginning</title>
<imdb>tt0089173</imdb>
<year>1985</year>
</meta>
<link>
<sublink>search</sublink>
<sublink>searchsd</sublink>
</link>
</item>

<item>
<title>Jason Lives: Friday the 13th Part VI (1986)</title>
<thumbnail>https://image.tmdb.org/t/p/w500/tIGWcye4qIOkynWxxHJF6Tc0YsM.jpg</thumbnail>
<fanart>https://image.tmdb.org/t/p/w1280/l0uZ1JCpalJIXGMaOKx7apnrwpL.jpg</fanart>
<meta>
<content>movie</content>
<collection>Friday the 13th</collection>
<title>Jason Lives: Friday the 13th Part VI</title>
<imdb>tt0091080</imdb>
<year>1986</year>
</meta>
<link>
<sublink>search</sublink>
<sublink>searchsd</sublink>
</link>
</item>

<item>
<title>Friday the 13th Part VII: The New Blood (1988)</title>
<thumbnail>https://image.tmdb.org/t/p/w500/mt5ijxnTC5a0sS1oPD58Gt9UT5N.jpg</thumbnail>
<fanart>https://image.tmdb.org/t/p/w1280/5tbDda2PxfQdcB0oYehofGSMCvm.jpg</fanart>
<meta>
<content>movie</content>
<collection>Friday the 13th</collection>
<title>Friday the 13th Part VII: The New Blood</title>
<imdb>tt0095179</imdb>
<year>1988</year>
</meta>
<link>
<sublink>search</sublink>
<sublink>searchsd</sublink>
</link>
</item>

<item>
<title>Friday the 13th Part VIII: Jason Takes Manhattan (1989)</title>
<thumbnail>https://image.tmdb.org/t/p/w500/oAZTwZDHu56IUyq5OQM3q1xX9To.jpg</thumbnail>
<fanart>https://image.tmdb.org/t/p/w1280/pCTwz9ggIcfHTQrzb1xi3UQLPxb.jpg</fanart>
<meta>
<content>movie</content>
<collection>Friday the 13th</collection>
<title>Friday the 13th Part VIII: Jason Takes Manhattan</title>
<imdb>tt0097388</imdb>
<year>1989</year>
</meta>
<link>
<sublink>search</sublink>
<sublink>searchsd</sublink>
</link>
</item>

<item>
<title>Jason Goes to Hell: The Final Friday (1993)</title>
<thumbnail>https://image.tmdb.org/t/p/w500/8yLdCrD1Eh6eoGTIIQ4jNBFLkUb.jpg</thumbnail>
<fanart>https://image.tmdb.org/t/p/w1280/rNqayZdhu5yCckGRjMsrpbsi55Z.jpg</fanart>
<meta>
<content>movie</content>
<collection>Friday the 13th</collection>
<title>Jason Goes to Hell: The Final Friday</title>
<imdb>tt0107254</imdb>
<year>1993</year>
</meta>
<link>
<sublink>search</sublink>
<sublink>searchsd</sublink>
</link>
</item>

<item>
<title>Freddy vs. Jason (2003)</title>
<thumbnail>https://image.tmdb.org/t/p/w500/smD9JEIKuvsllgjgrGTOzzbATeN.jpg</thumbnail>
<fanart>https://image.tmdb.org/t/p/w1280/AexkG1a4N7K9yluUOBOCa4Klz3x.jpg</fanart>
<meta>
<content>movie</content>
<collection>Friday the 13th</collection>
<title>Freddy vs. Jason</title>
<imdb>tt0329101</imdb>
<year>2003</year>
</meta>
<link>
<sublink>search</sublink>
<sublink>searchsd</sublink>
</link>
</item>

<item>
<title>Friday the 13th (2009)</title>
<thumbnail>https://image.tmdb.org/t/p/w500/ewNYItHBmxHj3IEDhj1VnnLoTmb.jpg</thumbnail>
<fanart>https://image.tmdb.org/t/p/w1280/ygcfHqQSGreHzr7Yd42uzWlMvjU.jpg</fanart>
<meta>
<content>movie</content>
<collection>Friday the 13th</collection>
<title>Friday the 13th</title>
<imdb>tt0758746</imdb>
<year>2009</year>
</meta>
<link>
<sublink>search</sublink>
<sublink>searchsd</sublink>
</link>
</item>

