

<item>
<title>The Fugitive (1993)</title>
<thumbnail>https://image.tmdb.org/t/p/w500/3gzLGFBoJM1xlNk0Ulzp0cJ6uPp.jpg</thumbnail>
<fanart>https://image.tmdb.org/t/p/w1280/dJmnaQ9pLhVhOJPH9pcf8kAefFv.jpg</fanart>
<meta>
<content>movie</content>
<collection>Fugitive</collection>
<title>The Fugitive</title>
<imdb>tt0106977</imdb>
<year>1993</year>
</meta>
<link>
<sublink>search</sublink>
<sublink>searchsd</sublink>
</link>
</item>

<item>
<title>U.S. Marshals (1998)</title>
<thumbnail>https://image.tmdb.org/t/p/w500/3uixF2pHa0whTKcYmenDrArX0II.jpg</thumbnail>
<fanart>https://image.tmdb.org/t/p/w1280/vsIwwjms0JtTCGs5tf1AT0FztTu.jpg</fanart>
<meta>
<content>movie</content>
<collection>Fugitive</collection>
<title>U.S. Marshals</title>
<imdb>tt0120873</imdb>
<year>1998</year>
</meta>
<link>
<sublink>search</sublink>
<sublink>searchsd</sublink>
</link>
</item>

