

<item>
<title>G.I. Joe: The Rise of Cobra (2009)</title>
<thumbnail>https://image.tmdb.org/t/p/w500/29eW5c5DaCFQejdt9V14RrA51yD.jpg</thumbnail>
<fanart>https://image.tmdb.org/t/p/w1280/143eQoVP5CedWJUU3JOrXpOOtk5.jpg</fanart>
<meta>
<content>movie</content>
<collection>G.I. Joe</collection>
<title>G.I. Joe: The Rise of Cobra</title>
<imdb>tt1046173</imdb>
<year>2009</year>
</meta>
<link>
<sublink>search</sublink>
<sublink>searchsd</sublink>
</link>
</item>

<item>
<title>G.I. Joe: Retaliation (2013)</title>
<thumbnail>https://image.tmdb.org/t/p/w500/swk1AHwPvIJv8NUFM1qpFuaT642.jpg</thumbnail>
<fanart>https://image.tmdb.org/t/p/w1280/pmu3qMUaXCVpV41BHDP0EM4PbQq.jpg</fanart>
<meta>
<content>movie</content>
<collection>G.I. Joe</collection>
<title>G.I. Joe: Retaliation</title>
<imdb>tt1583421</imdb>
<year>2013</year>
</meta>
<link>
<sublink>search</sublink>
<sublink>searchsd</sublink>
</link>
</item>

