

<item>
<title>Garfield (2004)</title>
<thumbnail>https://image.tmdb.org/t/p/w500/v6xvth8PjDG350ARG9H2sF7N3SF.jpg</thumbnail>
<fanart>https://image.tmdb.org/t/p/w1280/obvIA9vxfJUUYU5N7e5u3ppqvfJ.jpg</fanart>
<meta>
<content>movie</content>
<collection>Garfield</collection>
<title>Garfield</title>
<imdb>tt0356634</imdb>
<year>2004</year>
</meta>
<link>
<sublink>search</sublink>
<sublink>searchsd</sublink>
</link>
</item>

<item>
<title>Garfield 2 (2006)</title>
<thumbnail>https://image.tmdb.org/t/p/w500/aagx3t2Xv7R26hcqzrayTT28Yww.jpg</thumbnail>
<fanart>https://image.tmdb.org/t/p/w1280/xVGNjucxuCIpanMkiE4sqgQQ3rL.jpg</fanart>
<meta>
<content>movie</content>
<collection>Garfield</collection>
<title>Garfield 2</title>
<imdb>tt0455499</imdb>
<year>2006</year>
</meta>
<link>
<sublink>search</sublink>
<sublink>searchsd</sublink>
</link>
</item>

<item>
<title>Garfield's Pet Force (2009)</title>
<thumbnail>https://image.tmdb.org/t/p/w500/AbI1fwqlmRC0D5Tsy76RI2AqAFq.jpg</thumbnail>
<fanart>https://image.tmdb.org/t/p/w1280/z8VTImXP5AIzaLeUyDWbiZHTiyJ.jpg</fanart>
<meta>
<content>movie</content>
<collection>Garfield</collection>
<title>Garfield's Pet Force</title>
<imdb>tt1389762</imdb>
<year>2009</year>
</meta>
<link>
<sublink>search</sublink>
<sublink>searchsd</sublink>
</link>
</item>

