

<item>
<title>Gettysburg (1993)</title>
<thumbnail>https://image.tmdb.org/t/p/w500/gdC3oxonNGTV9yh6CgNhsUKNfQw.jpg</thumbnail>
<fanart>https://image.tmdb.org/t/p/w1280/mCdRlg1seLf90CLjJuCn8F9qHP4.jpg</fanart>
<meta>
<content>movie</content>
<collection>Gettysburg</collection>
<title>Gettysburg</title>
<imdb>tt0107007</imdb>
<year>1993</year>
</meta>
<link>
<sublink>search</sublink>
<sublink>searchsd</sublink>
</link>
</item>

<item>
<title>Gods and Generals (2003)</title>
<thumbnail>https://image.tmdb.org/t/p/w500/jodqsKcMfd31vqXHCosQ8joB5Hm.jpg</thumbnail>
<fanart>https://image.tmdb.org/t/p/w1280/3ihRc1mtMSAxuGZBA90JwWA0Ljf.jpg</fanart>
<meta>
<content>movie</content>
<collection>Gettysburg</collection>
<title>Gods and Generals</title>
<imdb>tt0279111</imdb>
<year>2003</year>
</meta>
<link>
<sublink>search</sublink>
<sublink>searchsd</sublink>
</link>
</item>

