

<item>
<title>Harold & Kumar Go to White Castle (2004)</title>
<thumbnail>https://image.tmdb.org/t/p/w500/wmLW4WTxXTTzD3nruLVWTl3m55b.jpg</thumbnail>
<fanart>https://image.tmdb.org/t/p/w1280/6GZYxI1sn3iKxk5cgTBupn3n4y5.jpg</fanart>
<meta>
<content>movie</content>
<collection>Harold & Kumar</collection>
<title>Harold & Kumar Go to White Castle</title>
<imdb>tt0366551</imdb>
<year>2004</year>
</meta>
<link>
<sublink>search</sublink>
<sublink>searchsd</sublink>
</link>
</item>

<item>
<title>Harold & Kumar Escape from Guantanamo Bay (2008)</title>
<thumbnail>https://image.tmdb.org/t/p/w500/hfyCKWEegVSEM40WTLGdJWAVqNU.jpg</thumbnail>
<fanart>https://image.tmdb.org/t/p/w1280/7Ol1RGWUbExH2pkwyczzzl7EMOJ.jpg</fanart>
<meta>
<content>movie</content>
<collection>Harold & Kumar</collection>
<title>Harold & Kumar Escape from Guantanamo Bay</title>
<imdb>tt0481536</imdb>
<year>2008</year>
</meta>
<link>
<sublink>search</sublink>
<sublink>searchsd</sublink>
</link>
</item>

<item>
<title>A Very Harold & Kumar 3D Christmas (2011)</title>
<thumbnail>https://image.tmdb.org/t/p/w500/8zdGMb5lfq2JB5OpipASK85URHC.jpg</thumbnail>
<fanart>https://image.tmdb.org/t/p/w1280/xpXK05muOPan4LyLKPg30Z5hOWR.jpg</fanart>
<meta>
<content>movie</content>
<collection>Harold & Kumar</collection>
<title>A Very Harold & Kumar 3D Christmas</title>
<imdb>tt1268799</imdb>
<year>2011</year>
</meta>
<link>
<sublink>search</sublink>
<sublink>searchsd</sublink>
</link>
</item>

