

<item>
<title>Hellraiser (1987)</title>
<thumbnail>https://image.tmdb.org/t/p/w500/hcq0TqbjBkPIOCKwYY5WTcjvT8o.jpg</thumbnail>
<fanart>https://image.tmdb.org/t/p/w1280/jd7pIx2XnO8wRdPT5ncAjhFxNwL.jpg</fanart>
<meta>
<content>movie</content>
<collection>Hellraiser</collection>
<title>Hellraiser</title>
<imdb>tt0093177</imdb>
<year>1987</year>
</meta>
<link>
<sublink>search</sublink>
<sublink>searchsd</sublink>
</link>
</item>

<item>
<title>Hellbound: Hellraiser II (1988)</title>
<thumbnail>https://image.tmdb.org/t/p/w500/pa0NxJBrekjf85QPV4JvwmlnY3h.jpg</thumbnail>
<fanart>https://image.tmdb.org/t/p/w1280/s3YnyO4lwQ5tgdWw664zdKsKkpk.jpg</fanart>
<meta>
<content>movie</content>
<collection>Hellraiser</collection>
<title>Hellbound: Hellraiser II</title>
<imdb>tt0095294</imdb>
<year>1988</year>
</meta>
<link>
<sublink>search</sublink>
<sublink>searchsd</sublink>
</link>
</item>

<item>
<title>Hellraiser III: Hell on Earth (1992)</title>
<thumbnail>https://image.tmdb.org/t/p/w500/hTzWX5HYcKpg5DdQIDoFy39yMAm.jpg</thumbnail>
<fanart>https://image.tmdb.org/t/p/w1280/9qAb7Xq8MeqP6zpMO9UtTlZVTq7.jpg</fanart>
<meta>
<content>movie</content>
<collection>Hellraiser</collection>
<title>Hellraiser III: Hell on Earth</title>
<imdb>tt0104409</imdb>
<year>1992</year>
</meta>
<link>
<sublink>search</sublink>
<sublink>searchsd</sublink>
</link>
</item>

<item>
<title>Hellraiser: Bloodline (1996)</title>
<thumbnail>https://image.tmdb.org/t/p/w500/gw8wzitvvPUX7pK6a56KPDbxFqB.jpg</thumbnail>
<fanart>https://image.tmdb.org/t/p/w1280/g8VnyPE0yJwkPQUC4X1eRUQRdU3.jpg</fanart>
<meta>
<content>movie</content>
<collection>Hellraiser</collection>
<title>Hellraiser: Bloodline</title>
<imdb>tt0116514</imdb>
<year>1996</year>
</meta>
<link>
<sublink>search</sublink>
<sublink>searchsd</sublink>
</link>
</item>

