

<item>
<title>Hellboy (2004)</title>
<thumbnail>https://image.tmdb.org/t/p/w500/xpP3OHpnZPo5OygpRLIFBtDkJax.jpg</thumbnail>
<fanart>https://image.tmdb.org/t/p/w1280/13DIK3beAoroeJSdrcYm66s6hal.jpg</fanart>
<meta>
<content>movie</content>
<collection>Hellboy</collection>
<title>Hellboy</title>
<imdb>tt0167190</imdb>
<year>2004</year>
</meta>
<link>
<sublink>search</sublink>
<sublink>searchsd</sublink>
</link>
</item>

<item>
<title>Hellboy II: The Golden Army (2008)</title>
<thumbnail>https://image.tmdb.org/t/p/w500/fFcZqnWDeQsImDAAIyAimc3SGEl.jpg</thumbnail>
<fanart>https://image.tmdb.org/t/p/w1280/df21ZOrmNzHU63jiLm1NYwSOegE.jpg</fanart>
<meta>
<content>movie</content>
<collection>Hellboy</collection>
<title>Hellboy II: The Golden Army</title>
<imdb>tt0411477</imdb>
<year>2008</year>
</meta>
<link>
<sublink>search</sublink>
<sublink>searchsd</sublink>
</link>
</item>

