

<item>
<title>The Love Bug (1968)</title>
<thumbnail>https://image.tmdb.org/t/p/w500/wkIgQrn7kB2wvPLh46xe8o5zBLj.jpg</thumbnail>
<fanart>https://image.tmdb.org/t/p/w1280/vH08TKHrGxlHevDYhvBQ4SHygbD.jpg</fanart>
<meta>
<content>movie</content>
<collection>Herbie</collection>
<title>The Love Bug</title>
<imdb>tt0064603</imdb>
<year>1968</year>
</meta>
<link>
<sublink>search</sublink>
<sublink>searchsd</sublink>
</link>
</item>

<item>
<title>Herbie Rides Again (1974)</title>
<thumbnail>https://image.tmdb.org/t/p/w500/1zwUtG1kwpJGtVqidpOrarswUB0.jpg</thumbnail>
<fanart>https://image.tmdb.org/t/p/w1280/rmzo0pwQi5pSFGYPEh98xkYqA5w.jpg</fanart>
<meta>
<content>movie</content>
<collection>Herbie</collection>
<title>Herbie Rides Again</title>
<imdb>tt0071607</imdb>
<year>1974</year>
</meta>
<link>
<sublink>search</sublink>
<sublink>searchsd</sublink>
</link>
</item>

<item>
<title>Herbie Goes to Monte Carlo (1977)</title>
<thumbnail>https://image.tmdb.org/t/p/w500/9udWEKMoNtXijEmfpI78C0SPu4o.jpg</thumbnail>
<fanart>https://image.tmdb.org/t/p/w1280/qcjMZC0aBIQ4Wc3wwNgknNw2Rkv.jpg</fanart>
<meta>
<content>movie</content>
<collection>Herbie</collection>
<title>Herbie Goes to Monte Carlo</title>
<imdb>tt0076137</imdb>
<year>1977</year>
</meta>
<link>
<sublink>search</sublink>
<sublink>searchsd</sublink>
</link>
</item>

<item>
<title>Herbie Goes Bananas (1980)</title>
<thumbnail>https://image.tmdb.org/t/p/w500/wopSyv8aYHpoAYyJtU5pwwvRsgW.jpg</thumbnail>
<fanart>https://image.tmdb.org/t/p/w1280/cxp78xaNShgmTaLpjmnmXEvm4j1.jpg</fanart>
<meta>
<content>movie</content>
<collection>Herbie</collection>
<title>Herbie Goes Bananas</title>
<imdb>tt0080861</imdb>
<year>1980</year>
</meta>
<link>
<sublink>search</sublink>
<sublink>searchsd</sublink>
</link>
</item>

<item>
<title>Herbie Fully Loaded (2005)</title>
<thumbnail>https://image.tmdb.org/t/p/w500/5rLtPcKiv5IQafjtgkUIq5aiNSb.jpg</thumbnail>
<fanart>https://image.tmdb.org/t/p/w1280/pBgGl3GfVxs84T7ZniUAz5FMMNx.jpg</fanart>
<meta>
<content>movie</content>
<collection>Herbie</collection>
<title>Herbie Fully Loaded</title>
<imdb>tt0400497</imdb>
<year>2005</year>
</meta>
<link>
<sublink>search</sublink>
<sublink>searchsd</sublink>
</link>
</item>

