

<item>
<title>Home Alone (1990)</title>
<thumbnail>https://image.tmdb.org/t/p/w500/8IWPBT1rkAaI8Kpk5V3WfQRklJ7.jpg</thumbnail>
<fanart>https://image.tmdb.org/t/p/w1280/vUyDnfk7DHaozfl1cXFh6PzbUW4.jpg</fanart>
<meta>
<content>movie</content>
<collection>Home Alone</collection>
<title>Home Alone</title>
<imdb>tt0099785</imdb>
<year>1990</year>
</meta>
<link>
<sublink>search</sublink>
<sublink>searchsd</sublink>
</link>
</item>

<item>
<title>Home Alone 2: Lost in New York (1992)</title>
<thumbnail>https://image.tmdb.org/t/p/w500/96iX6o0LhOKiNmSpRpufXC7WsEw.jpg</thumbnail>
<fanart>https://image.tmdb.org/t/p/w1280/gCWsYFfQLinyjndca8LbQP49qtC.jpg</fanart>
<meta>
<content>movie</content>
<collection>Home Alone</collection>
<title>Home Alone 2: Lost in New York</title>
<imdb>tt0104431</imdb>
<year>1992</year>
</meta>
<link>
<sublink>search</sublink>
<sublink>searchsd</sublink>
</link>
</item>

<item>
<title>Home Alone 3 (1997)</title>
<thumbnail>https://image.tmdb.org/t/p/w500/z6ugEdjGuY4qcX1ymdV2CTVSvKN.jpg</thumbnail>
<fanart>https://image.tmdb.org/t/p/w1280/nDsVXaFiltvN29wPQT7GKYUAaOl.jpg</fanart>
<meta>
<content>movie</content>
<collection>Home Alone</collection>
<title>Home Alone 3</title>
<imdb>tt0119303</imdb>
<year>1997</year>
</meta>
<link>
<sublink>search</sublink>
<sublink>searchsd</sublink>
</link>
</item>

