

<item>
<title>Hostel (2005)</title>
<thumbnail>https://image.tmdb.org/t/p/w500/pubQYdIwRVPfE80UieUFXDuFl6c.jpg</thumbnail>
<fanart>https://image.tmdb.org/t/p/w1280/foNJupJS0pXtjpKetZ2VyPKj88Q.jpg</fanart>
<meta>
<content>movie</content>
<collection>Hostel</collection>
<title>Hostel</title>
<imdb>tt0450278</imdb>
<year>2005</year>
</meta>
<link>
<sublink>search</sublink>
<sublink>searchsd</sublink>
</link>
</item>

<item>
<title>Hostel: Part II (2007)</title>
<thumbnail>https://image.tmdb.org/t/p/w500/fRRjGgHCh6dWvRn1wSbv2VMO6JL.jpg</thumbnail>
<fanart>https://image.tmdb.org/t/p/w1280/lshpN0UfiHqan1G9HalSUQVTJdJ.jpg</fanart>
<meta>
<content>movie</content>
<collection>Hostel</collection>
<title>Hostel: Part II</title>
<imdb>tt0498353</imdb>
<year>2007</year>
</meta>
<link>
<sublink>search</sublink>
<sublink>searchsd</sublink>
</link>
</item>

<item>
<title>Hostel: Part III (2011)</title>
<thumbnail>https://image.tmdb.org/t/p/w500/yElnsRDzujnHDHli5UuAgrCVQsT.jpg</thumbnail>
<fanart>https://image.tmdb.org/t/p/w1280/1ryZQX2ClbALV04ptAmeWzEmDHQ.jpg</fanart>
<meta>
<content>movie</content>
<collection>Hostel</collection>
<title>Hostel: Part III</title>
<imdb>tt1255916</imdb>
<year>2011</year>
</meta>
<link>
<sublink>search</sublink>
<sublink>searchsd</sublink>
</link>
</item>

