

<item>
<title>Hot Shots! (1991)</title>
<thumbnail>https://image.tmdb.org/t/p/w500/7xTBjS7yfBk7xtTs8ckJKGp4HOl.jpg</thumbnail>
<fanart>https://image.tmdb.org/t/p/w1280/cRwfgVEV02xVA07tMidSIazYRJ.jpg</fanart>
<meta>
<content>movie</content>
<collection>Hot Shots</collection>
<title>Hot Shots!</title>
<imdb>tt0102059</imdb>
<year>1991</year>
</meta>
<link>
<sublink>search</sublink>
<sublink>searchsd</sublink>
</link>
</item>

<item>
<title>Hot Shots! Part Deux (1993)</title>
<thumbnail>https://image.tmdb.org/t/p/w500/3vILyxwmL4hcqiik638l8lL2d4h.jpg</thumbnail>
<fanart>https://image.tmdb.org/t/p/w1280/sTXgPWi2U9JRFIj49HtV6s3Gqcs.jpg</fanart>
<meta>
<content>movie</content>
<collection>Hot Shots</collection>
<title>Hot Shots! Part Deux</title>
<imdb>tt0107144</imdb>
<year>1993</year>
</meta>
<link>
<sublink>search</sublink>
<sublink>searchsd</sublink>
</link>
</item>

