

<item>
<title>House (1986)</title>
<thumbnail>https://image.tmdb.org/t/p/w500/3kaVRZ3VU8CE7qcrraqmBc0BLW6.jpg</thumbnail>
<fanart>https://image.tmdb.org/t/p/w1280/fvM5do3z65ZnLwS0Lr9jqqOiq3a.jpg</fanart>
<meta>
<content>movie</content>
<collection>House</collection>
<title>House</title>
<imdb>tt0091223</imdb>
<year>1986</year>
</meta>
<link>
<sublink>search</sublink>
<sublink>searchsd</sublink>
</link>
</item>

<item>
<title>House II: The Second Story (1987)</title>
<thumbnail>https://image.tmdb.org/t/p/w500/gv4mBZfv09eEW4Sv5ZZmalMDYlA.jpg</thumbnail>
<fanart>https://image.tmdb.org/t/p/w1280/sAjV4JLOQJu1iKWD6JZSFCAYf1X.jpg</fanart>
<meta>
<content>movie</content>
<collection>House</collection>
<title>House II: The Second Story</title>
<imdb>tt0093220</imdb>
<year>1987</year>
</meta>
<link>
<sublink>search</sublink>
<sublink>searchsd</sublink>
</link>
</item>

<item>
<title>The Horror Show (1989)</title>
<thumbnail>https://image.tmdb.org/t/p/w500/oGMkNkqcgFJBH6zCypueVYbgMuh.jpg</thumbnail>
<fanart>https://image.tmdb.org/t/p/w1280/A33w5tvIJq64PcZysPXsscqJVas.jpg</fanart>
<meta>
<content>movie</content>
<collection>House</collection>
<title>The Horror Show</title>
<imdb>tt0097527</imdb>
<year>1989</year>
</meta>
<link>
<sublink>search</sublink>
<sublink>searchsd</sublink>
</link>
</item>

