

<item>
<title>How to Train Your Dragon (2010)</title>
<thumbnail>https://image.tmdb.org/t/p/w500/zMAm3WYmvD40FaWFsOmpicQFabz.jpg</thumbnail>
<fanart>https://image.tmdb.org/t/p/w1280/vw9jYjr3YHLGg2al7pGiZBcnSRP.jpg</fanart>
<meta>
<content>movie</content>
<collection>How to Train Your Dragon</collection>
<title>How to Train Your Dragon</title>
<imdb>tt0892769</imdb>
<year>2010</year>
</meta>
<link>
<sublink>search</sublink>
<sublink>searchsd</sublink>
</link>
</item>

<item>
<title>How to Train Your Dragon 2 (2014)</title>
<thumbnail>https://image.tmdb.org/t/p/w500/lRjOR4uclMQijUav4OjeZprlehu.jpg</thumbnail>
<fanart>https://image.tmdb.org/t/p/w1280/cHTJxPcq3hlshzOgHDRMCF8Wb9K.jpg</fanart>
<meta>
<content>movie</content>
<collection>How to Train Your Dragon</collection>
<title>How to Train Your Dragon 2</title>
<imdb>tt1646971</imdb>
<year>2014</year>
</meta>
<link>
<sublink>search</sublink>
<sublink>searchsd</sublink>
</link>
</item>

