

<item>
<title>Hulk (2003)</title>
<thumbnail>https://image.tmdb.org/t/p/w500/ogCQV6mnLtCJuiiHtMB83jvSRfY.jpg</thumbnail>
<fanart>https://image.tmdb.org/t/p/w1280/kVxquPLBzAIq2NmlbWjTsfZBFh5.jpg</fanart>
<meta>
<content>movie</content>
<collection>Hulk</collection>
<title>Hulk</title>
<imdb>tt0286716</imdb>
<year>2003</year>
</meta>
<link>
<sublink>search</sublink>
<sublink>searchsd</sublink>
</link>
</item>

<item>
<title>The Incredible Hulk (2008)</title>
<thumbnail>https://image.tmdb.org/t/p/w500/qTghl3lO8PhmIxkf8eN5WQQefHI.jpg</thumbnail>
<fanart>https://image.tmdb.org/t/p/w1280/jGsIwrKltyum7uz3NHhA99jeSHT.jpg</fanart>
<meta>
<content>movie</content>
<collection>Hulk</collection>
<title>The Incredible Hulk</title>
<imdb>tt0800080</imdb>
<year>2008</year>
</meta>
<link>
<sublink>search</sublink>
<sublink>searchsd</sublink>
</link>
</item>

