

<item>
<title>I Know What You Did Last Summer (1997)</title>
<thumbnail>https://image.tmdb.org/t/p/w500/cruOfvjIqMTbOQxld8SpM8OzVnf.jpg</thumbnail>
<fanart>https://image.tmdb.org/t/p/w1280/eduMn3rGfwdm9xhEA86LW4t3JYI.jpg</fanart>
<meta>
<content>movie</content>
<collection>I Know What You Did Last Summer</collection>
<title>I Know What You Did Last Summer</title>
<imdb>tt0119345</imdb>
<year>1997</year>
</meta>
<link>
<sublink>search</sublink>
<sublink>searchsd</sublink>
</link>
</item>

<item>
<title>I Still Know What You Did Last Summer (1998)</title>
<thumbnail>https://image.tmdb.org/t/p/w500/j4s1TK90tZWZj7lQ84UDJXHI9Kh.jpg</thumbnail>
<fanart>https://image.tmdb.org/t/p/w1280/ky78pXACtbyxpFRTdT2teXQzwxz.jpg</fanart>
<meta>
<content>movie</content>
<collection>I Know What You Did Last Summer</collection>
<title>I Still Know What You Did Last Summer</title>
<imdb>tt0130018</imdb>
<year>1998</year>
</meta>
<link>
<sublink>search</sublink>
<sublink>searchsd</sublink>
</link>
</item>

