

<item>
<title>The Hunt for Red October (1990)</title>
<thumbnail>https://image.tmdb.org/t/p/w500/bqvlKYlWq2uibsuVzKTWseeccd2.jpg</thumbnail>
<fanart>https://image.tmdb.org/t/p/w1280/yPpIY8Pz8xjIVDtUO0pftAzhgAj.jpg</fanart>
<meta>
<content>movie</content>
<collection>Jack Ryan</collection>
<title>The Hunt for Red October</title>
<imdb>tt0099810</imdb>
<year>1990</year>
</meta>
<link>
<sublink>search</sublink>
<sublink>searchsd</sublink>
</link>
</item>

<item>
<title>Patriot Games (1992)</title>
<thumbnail>https://image.tmdb.org/t/p/w500/nB8fcOEQPS0V64U0ZUJXCTEaCDY.jpg</thumbnail>
<fanart>https://image.tmdb.org/t/p/w1280/vxLp3we47ABKtYqLpZWHzEoFnN8.jpg</fanart>
<meta>
<content>movie</content>
<collection>Jack Ryan</collection>
<title>Patriot Games</title>
<imdb>tt0105112</imdb>
<year>1992</year>
</meta>
<link>
<sublink>search</sublink>
<sublink>searchsd</sublink>
</link>
</item>

<item>
<title>Clear and Present Danger (1994)</title>
<thumbnail>https://image.tmdb.org/t/p/w500/avRDucB3FLf1Xz5532hbOYd1giX.jpg</thumbnail>
<fanart>https://image.tmdb.org/t/p/w1280/hM4SlL49CPvltPkVVulyXHlfFjO.jpg</fanart>
<meta>
<content>movie</content>
<collection>Jack Ryan</collection>
<title>Clear and Present Danger</title>
<imdb>tt0109444</imdb>
<year>1994</year>
</meta>
<link>
<sublink>search</sublink>
<sublink>searchsd</sublink>
</link>
</item>

<item>
<title>The Sum of All Fears (2002)</title>
<thumbnail>https://image.tmdb.org/t/p/w500/k3ZJrGAccBocurYccRyD3aP6ltV.jpg</thumbnail>
<fanart>https://image.tmdb.org/t/p/w1280/zthVEHYYZd0psyAWGmWMyZuf646.jpg</fanart>
<meta>
<content>movie</content>
<collection>Jack Ryan</collection>
<title>The Sum of All Fears</title>
<imdb>tt0164184</imdb>
<year>2002</year>
</meta>
<link>
<sublink>search</sublink>
<sublink>searchsd</sublink>
</link>
</item>

<item>
<title>Jack Ryan: Shadow Recruit (2014)</title>
<thumbnail>https://image.tmdb.org/t/p/w500/yEBMH10de3ldh8h2mvu419zzmsn.jpg</thumbnail>
<fanart>https://image.tmdb.org/t/p/w1280/pEEgxmE2LxRbUicQxZ8TPxJWOU3.jpg</fanart>
<meta>
<content>movie</content>
<collection>Jack Ryan</collection>
<title>Jack Ryan: Shadow Recruit</title>
<imdb>tt1205537</imdb>
<year>2014</year>
</meta>
<link>
<sublink>search</sublink>
<sublink>searchsd</sublink>
</link>
</item>

