

<item>
<title>Johnny English (2003)</title>
<thumbnail>https://image.tmdb.org/t/p/w500/oSsisFLSeRJJaTX5l13jMqDKpwH.jpg</thumbnail>
<fanart>https://image.tmdb.org/t/p/w1280/cq3970WasmeW4Bx2cgJ7IF67HTW.jpg</fanart>
<meta>
<content>movie</content>
<collection>Johnny English</collection>
<title>Johnny English</title>
<imdb>tt0274166</imdb>
<year>2003</year>
</meta>
<link>
<sublink>search</sublink>
<sublink>searchsd</sublink>
</link>
</item>

<item>
<title>Johnny English Reborn (2011)</title>
<thumbnail>https://image.tmdb.org/t/p/w500/vnS4Lb5rNx2ZucVdrW3TQd6n2AL.jpg</thumbnail>
<fanart>https://image.tmdb.org/t/p/w1280/tNlm8bQTs2Oh4QKC7pLXDBAtLRS.jpg</fanart>
<meta>
<content>movie</content>
<collection>Johnny English</collection>
<title>Johnny English Reborn</title>
<imdb>tt1634122</imdb>
<year>2011</year>
</meta>
<link>
<sublink>search</sublink>
<sublink>searchsd</sublink>
</link>
</item>

