

<item>
<title>Journey to the Center of the Earth (2008)</title>
<thumbnail>https://image.tmdb.org/t/p/w500/nlYk34gpPfM6KFujxB9HTHZyeiL.jpg</thumbnail>
<fanart>https://image.tmdb.org/t/p/w1280/7d6om060LqV0ZKr7O3Uyvh5yblJ.jpg</fanart>
<meta>
<content>movie</content>
<collection>Journey to the Center of the Earth</collection>
<title>Journey to the Center of the Earth</title>
<imdb>tt0373051</imdb>
<year>2008</year>
</meta>
<link>
<sublink>search</sublink>
<sublink>searchsd</sublink>
</link>
</item>

<item>
<title>Journey 2: The Mysterious Island (2012)</title>
<thumbnail>https://image.tmdb.org/t/p/w500/jMu45saMeqB2RGDqV3HoQ3XgZ2a.jpg</thumbnail>
<fanart>https://image.tmdb.org/t/p/w1280/54WnQVYltMXwJmfa9LHM1ox1DpH.jpg</fanart>
<meta>
<content>movie</content>
<collection>Journey to the Center of the Earth</collection>
<title>Journey 2: The Mysterious Island</title>
<imdb>tt1397514</imdb>
<year>2012</year>
</meta>
<link>
<sublink>search</sublink>
<sublink>searchsd</sublink>
</link>
</item>

