

<item>
<title>Jumanji (1995)</title>
<thumbnail>https://image.tmdb.org/t/p/w500/vzmL6fP7aPKNKPRTFnZmiUfciyV.jpg</thumbnail>
<fanart>https://image.tmdb.org/t/p/w1280/7TbgQLdnF0FULlrzyMz40uEMPV9.jpg</fanart>
<meta>
<content>movie</content>
<collection>Jumanji</collection>
<title>Jumanji</title>
<imdb>tt0113497</imdb>
<year>1995</year>
</meta>
<link>
<sublink>search</sublink>
<sublink>searchsd</sublink>
</link>
</item>

<item>
<title>Zathura: A Space Adventure (2005)</title>
<thumbnail>https://image.tmdb.org/t/p/w500/amqgIuISRBt8tsZM6cTT6gO9WLR.jpg</thumbnail>
<fanart>https://image.tmdb.org/t/p/w1280/6H10FXQqR2tvX5SerzIogdHH3Yg.jpg</fanart>
<meta>
<content>movie</content>
<collection>Jumanji</collection>
<title>Zathura: A Space Adventure</title>
<imdb>tt0406375</imdb>
<year>2005</year>
</meta>
<link>
<sublink>search</sublink>
<sublink>searchsd</sublink>
</link>
</item>

