

<item>
<title>The Karate Kid (1984)</title>
<thumbnail>https://image.tmdb.org/t/p/w500/5kKor5pZ3ov08CAstSyk7FGDKVN.jpg</thumbnail>
<fanart>https://image.tmdb.org/t/p/w1280/hbUPws2h068ZExqdq6Nvc6Qfp4v.jpg</fanart>
<meta>
<content>movie</content>
<collection>Karate Kid</collection>
<title>The Karate Kid</title>
<imdb>tt0087538</imdb>
<year>1984</year>
</meta>
<link>
<sublink>search</sublink>
<sublink>searchsd</sublink>
</link>
</item>

<item>
<title>The Karate Kid Part II (1986)</title>
<thumbnail>https://image.tmdb.org/t/p/w500/4zmEPGKrD3sgjHZUs99tknEBaJy.jpg</thumbnail>
<fanart>https://image.tmdb.org/t/p/w1280/xfOs66HnHKsGYKCJiZVjcBjAdR4.jpg</fanart>
<meta>
<content>movie</content>
<collection>Karate Kid</collection>
<title>The Karate Kid Part II</title>
<imdb>tt0091326</imdb>
<year>1986</year>
</meta>
<link>
<sublink>search</sublink>
<sublink>searchsd</sublink>
</link>
</item>

<item>
<title>The Karate Kid Part III (1989)</title>
<thumbnail>https://image.tmdb.org/t/p/w500/2Z0EJl11kOSPMMvHqZ4r5Csh7Ph.jpg</thumbnail>
<fanart>https://image.tmdb.org/t/p/w1280/u7e7sV4zWY5msTumI10oi0euVd8.jpg</fanart>
<meta>
<content>movie</content>
<collection>Karate Kid</collection>
<title>The Karate Kid Part III</title>
<imdb>tt0097647</imdb>
<year>1989</year>
</meta>
<link>
<sublink>search</sublink>
<sublink>searchsd</sublink>
</link>
</item>

<item>
<title>The Next Karate Kid (1994)</title>
<thumbnail>https://image.tmdb.org/t/p/w500/gu5SOBWsoxDy6mWKAkOt20zTXOb.jpg</thumbnail>
<fanart>https://image.tmdb.org/t/p/w1280/e7pmtrKg9WHVdPWjFNL7FJPoEiV.jpg</fanart>
<meta>
<content>movie</content>
<collection>Karate Kid</collection>
<title>The Next Karate Kid</title>
<imdb>tt0110657</imdb>
<year>1994</year>
</meta>
<link>
<sublink>search</sublink>
<sublink>searchsd</sublink>
</link>
</item>

<item>
<title>The Karate Kid (2010)</title>
<thumbnail>https://image.tmdb.org/t/p/w500/l13emtM0cz0HyJeWSxb6ml5RvzT.jpg</thumbnail>
<fanart>https://image.tmdb.org/t/p/w1280/rfhnEYubWD4hnUUm8xXmotpqffb.jpg</fanart>
<meta>
<content>movie</content>
<collection>Karate Kid</collection>
<title>The Karate Kid</title>
<imdb>tt1155076</imdb>
<year>2010</year>
</meta>
<link>
<sublink>search</sublink>
<sublink>searchsd</sublink>
</link>
</item>

