

<item>
<title>King Kong (1933)</title>
<thumbnail>https://image.tmdb.org/t/p/w500/vXInYahVp31uL8wZORckaoHq565.jpg</thumbnail>
<fanart>https://image.tmdb.org/t/p/w1280/ioWJlu7UK979vHeOwItAJsA1OSf.jpg</fanart>
<meta>
<content>movie</content>
<collection>King Kong</collection>
<title>King Kong</title>
<imdb>tt0024216</imdb>
<year>1933</year>
</meta>
<link>
<sublink>search</sublink>
<sublink>searchsd</sublink>
</link>
</item>

<item>
<title>King Kong (1976)</title>
<thumbnail>https://image.tmdb.org/t/p/w500/lyMgOphIY5iMASdzew7Fju1dSNC.jpg</thumbnail>
<fanart>https://image.tmdb.org/t/p/w1280/3s8edFLecxto5GiTCoH374As8dx.jpg</fanart>
<meta>
<content>movie</content>
<collection>King Kong</collection>
<title>King Kong</title>
<imdb>tt0074751</imdb>
<year>1976</year>
</meta>
<link>
<sublink>search</sublink>
<sublink>searchsd</sublink>
</link>
</item>

<item>
<title>King Kong Lives (1986)</title>
<thumbnail>https://image.tmdb.org/t/p/w500/qxQpWMjsLhB4WojCrw13kCg96ka.jpg</thumbnail>
<fanart>https://image.tmdb.org/t/p/w1280/waibr7Do6woXVIQ4mk52QNASrir.jpg</fanart>
<meta>
<content>movie</content>
<collection>King Kong</collection>
<title>King Kong Lives</title>
<imdb>tt0091344</imdb>
<year>1986</year>
</meta>
<link>
<sublink>search</sublink>
<sublink>searchsd</sublink>
</link>
</item>

<item>
<title>King Kong (2005)</title>
<thumbnail>https://image.tmdb.org/t/p/w500/ueMFrWi2NTqvpDAUWh5lSewai8Q.jpg</thumbnail>
<fanart>https://image.tmdb.org/t/p/w1280/lWnPz1EvXUWMvXK1plZMA1I2XMV.jpg</fanart>
<meta>
<content>movie</content>
<collection>King Kong</collection>
<title>King Kong</title>
<imdb>tt0360717</imdb>
<year>2005</year>
</meta>
<link>
<sublink>search</sublink>
<sublink>searchsd</sublink>
</link>
</item>

