

<item>
<title>Lara Croft: Tomb Raider (2001)</title>
<thumbnail>https://image.tmdb.org/t/p/w500/m6aodY7SrvlTRiUFkxClaNAIQT.jpg</thumbnail>
<fanart>https://image.tmdb.org/t/p/w1280/mVTDE2ZyRwO7mze6YVzChyjXi5.jpg</fanart>
<meta>
<content>movie</content>
<collection>Lara Croft</collection>
<title>Lara Croft: Tomb Raider</title>
<imdb>tt0146316</imdb>
<year>2001</year>
</meta>
<link>
<sublink>search</sublink>
<sublink>searchsd</sublink>
</link>
</item>

<item>
<title>Lara Croft Tomb Raider: The Cradle of Life (2003)</title>
<thumbnail>https://image.tmdb.org/t/p/w500/pkSnQzjjQ3Z9B2CJVSZCfL0Ea3s.jpg</thumbnail>
<fanart>https://image.tmdb.org/t/p/w1280/iv6BhAYeJ440OsCGiFKbyBqILVZ.jpg</fanart>
<meta>
<content>movie</content>
<collection>Lara Croft</collection>
<title>Lara Croft Tomb Raider: The Cradle of Life</title>
<imdb>tt0325703</imdb>
<year>2003</year>
</meta>
<link>
<sublink>search</sublink>
<sublink>searchsd</sublink>
</link>
</item>

