

<item>
<title>The Last Picture Show (1971)</title>
<thumbnail>https://image.tmdb.org/t/p/w500/3EG1WadirRw4EOW5JrTAos0TMZv.jpg</thumbnail>
<fanart>https://image.tmdb.org/t/p/w1280/6YbOJga4mms9PQbHe2uHp9Ks9Ne.jpg</fanart>
<meta>
<content>movie</content>
<collection>Last Picture Show</collection>
<title>The Last Picture Show</title>
<imdb>tt0067328</imdb>
<year>1971</year>
</meta>
<link>
<sublink>search</sublink>
<sublink>searchsd</sublink>
</link>
</item>

<item>
<title>Texasville (1990)</title>
<thumbnail>https://image.tmdb.org/t/p/w500/3ajcbOhka3t77MBfU1B37KxvcOl.jpg</thumbnail>
<fanart>https://image.tmdb.org/t/p/w1280/6YbOJga4mms9PQbHe2uHp9Ks9Ne.jpg</fanart>
<meta>
<content>movie</content>
<collection>Last Picture Show</collection>
<title>Texasville</title>
<imdb>tt0103069</imdb>
<year>1990</year>
</meta>
<link>
<sublink>search</sublink>
<sublink>searchsd</sublink>
</link>
</item>

