

<item>
<title>The Lawnmower Man (1992)</title>
<thumbnail>https://image.tmdb.org/t/p/w500/xdh8v3lQkAaYXMPPIiBaUM2cXIJ.jpg</thumbnail>
<fanart>https://image.tmdb.org/t/p/w1280/fXCoMFPV7PSwNBZb02SPRFRp7T4.jpg</fanart>
<meta>
<content>movie</content>
<collection>Lawnmower Man</collection>
<title>The Lawnmower Man</title>
<imdb>tt0104692</imdb>
<year>1992</year>
</meta>
<link>
<sublink>search</sublink>
<sublink>searchsd</sublink>
</link>
</item>

<item>
<title>Lawnmower Man 2: Beyond Cyberspace (1996)</title>
<thumbnail>https://image.tmdb.org/t/p/w500/i0hBsWBLw64XRehFzCL44PaCs1y.jpg</thumbnail>
<fanart>https://image.tmdb.org/t/p/w1280/lm18OwMdkW34dbuU2x6CFEub3ar.jpg</fanart>
<meta>
<content>movie</content>
<collection>Lawnmower Man</collection>
<title>Lawnmower Man 2: Beyond Cyberspace</title>
<imdb>tt0116839</imdb>
<year>1996</year>
</meta>
<link>
<sublink>search</sublink>
<sublink>searchsd</sublink>
</link>
</item>

