

<item>
<title>Lethal Weapon (1987)</title>
<thumbnail>https://image.tmdb.org/t/p/w500/mF2bTqJuxbZPeEJRIMrA2WeQVxu.jpg</thumbnail>
<fanart>https://image.tmdb.org/t/p/w1280/tGZL6LAIpP6442cZPT8ETqekD5c.jpg</fanart>
<meta>
<content>movie</content>
<collection>Lethal Weapon</collection>
<title>Lethal Weapon</title>
<imdb>tt0093409</imdb>
<year>1987</year>
</meta>
<link>
<sublink>search</sublink>
<sublink>searchsd</sublink>
</link>
</item>

<item>
<title>Lethal Weapon 2 (1989)</title>
<thumbnail>https://image.tmdb.org/t/p/w500/7XAusKpFNv8x9sHpFLAS2lWCT8l.jpg</thumbnail>
<fanart>https://image.tmdb.org/t/p/w1280/xPNSRYrfrptbcuFnQ5ql6DOaQpx.jpg</fanart>
<meta>
<content>movie</content>
<collection>Lethal Weapon</collection>
<title>Lethal Weapon 2</title>
<imdb>tt0097733</imdb>
<year>1989</year>
</meta>
<link>
<sublink>search</sublink>
<sublink>searchsd</sublink>
</link>
</item>

<item>
<title>Lethal Weapon 3 (1992)</title>
<thumbnail>https://image.tmdb.org/t/p/w500/pr5RcT2TdJ09PkETdhRiwixf8PW.jpg</thumbnail>
<fanart>https://image.tmdb.org/t/p/w1280/pVypnUV7Ft16klfQwk2eC8pArhx.jpg</fanart>
<meta>
<content>movie</content>
<collection>Lethal Weapon</collection>
<title>Lethal Weapon 3</title>
<imdb>tt0104714</imdb>
<year>1992</year>
</meta>
<link>
<sublink>search</sublink>
<sublink>searchsd</sublink>
</link>
</item>

<item>
<title>Lethal Weapon 4 (1998)</title>
<thumbnail>https://image.tmdb.org/t/p/w500/kpC9Y0jhwTqtRlcetxbgn3crnlU.jpg</thumbnail>
<fanart>https://image.tmdb.org/t/p/w1280/3mJVREd4vcm5u3nTTho18RchsE2.jpg</fanart>
<meta>
<content>movie</content>
<collection>Lethal Weapon</collection>
<title>Lethal Weapon 4</title>
<imdb>tt0122151</imdb>
<year>1998</year>
</meta>
<link>
<sublink>search</sublink>
<sublink>searchsd</sublink>
</link>
</item>

