

<item>
<title>Madagascar (2005)</title>
<thumbnail>https://image.tmdb.org/t/p/w500/yumzX3Fn7geEKEjuAGNcRjZETPE.jpg</thumbnail>
<fanart>https://image.tmdb.org/t/p/w1280/wUetiqu2EFhHW94yTP0pWABfyUG.jpg</fanart>
<meta>
<content>movie</content>
<collection>Madagascar</collection>
<title>Madagascar</title>
<imdb>tt0351283</imdb>
<year>2005</year>
</meta>
<link>
<sublink>search</sublink>
<sublink>searchsd</sublink>
</link>
</item>

<item>
<title>Madagascar: Escape 2 Africa (2008)</title>
<thumbnail>https://image.tmdb.org/t/p/w500/9mohxwknsHcwFBSAAhoQXwFV5zn.jpg</thumbnail>
<fanart>https://image.tmdb.org/t/p/w1280/anxiz37Z9FPKeuCsJcxViSWmPxg.jpg</fanart>
<meta>
<content>movie</content>
<collection>Madagascar</collection>
<title>Madagascar: Escape 2 Africa</title>
<imdb>tt0479952</imdb>
<year>2008</year>
</meta>
<link>
<sublink>search</sublink>
<sublink>searchsd</sublink>
</link>
</item>

<item>
<title>Madagascar 3: Europe's Most Wanted (2012)</title>
<thumbnail>https://image.tmdb.org/t/p/w500/wd7NcMifnuf66gD2Fm7Tzz3yJ54.jpg</thumbnail>
<fanart>https://image.tmdb.org/t/p/w1280/alkQ9DQJdZutBCKdEHXUVCZnuAF.jpg</fanart>
<meta>
<content>movie</content>
<collection>Madagascar</collection>
<title>Madagascar 3: Europe's Most Wanted</title>
<imdb>tt1277953</imdb>
<year>2012</year>
</meta>
<link>
<sublink>search</sublink>
<sublink>searchsd</sublink>
</link>
</item>

<item>
<title>Penguins of Madagascar (2014)</title>
<thumbnail>https://image.tmdb.org/t/p/w500/eCdQdoqG9kQQbzPnbVDXqwoTgLl.jpg</thumbnail>
<fanart>https://image.tmdb.org/t/p/w1280/epjImFzSZDTDHPLSBGpgyC6nU5s.jpg</fanart>
<meta>
<content>movie</content>
<collection>Madagascar</collection>
<title>Penguins of Madagascar</title>
<imdb>tt1911658</imdb>
<year>2014</year>
</meta>
<link>
<sublink>search</sublink>
<sublink>searchsd</sublink>
</link>
</item>

