

<item>
<title>Major League (1989)</title>
<thumbnail>https://image.tmdb.org/t/p/w500/swccoTRy2TcXgbnQES4EvZKQPkF.jpg</thumbnail>
<fanart>https://image.tmdb.org/t/p/w1280/xeccG7i111rvtY1n3VvQtBAVh7t.jpg</fanart>
<meta>
<content>movie</content>
<collection>Major League</collection>
<title>Major League</title>
<imdb>tt0097815</imdb>
<year>1989</year>
</meta>
<link>
<sublink>search</sublink>
<sublink>searchsd</sublink>
</link>
</item>

<item>
<title>Major League II (1994)</title>
<thumbnail>https://image.tmdb.org/t/p/w500/yTKCbUU67aHmqqy7ZiPvpPLiYvE.jpg</thumbnail>
<fanart>https://image.tmdb.org/t/p/w1280/tGqhrbZVfRd00jFpj4r4ckiFxVZ.jpg</fanart>
<meta>
<content>movie</content>
<collection>Major League</collection>
<title>Major League II</title>
<imdb>tt0110442</imdb>
<year>1994</year>
</meta>
<link>
<sublink>search</sublink>
<sublink>searchsd</sublink>
</link>
</item>

<item>
<title>Major League: Back to the Minors (1998)</title>
<thumbnail>https://image.tmdb.org/t/p/w500/8gkKkEFVqDpPRDqZR7p3k51jVtB.jpg</thumbnail>
<fanart>https://image.tmdb.org/t/p/w1280/81r8C0hd2KeGwaGrTrLdZWn2swC.jpg</fanart>
<meta>
<content>movie</content>
<collection>Major League</collection>
<title>Major League: Back to the Minors</title>
<imdb>tt0120742</imdb>
<year>1998</year>
</meta>
<link>
<sublink>search</sublink>
<sublink>searchsd</sublink>
</link>
</item>

