

<item>
<title>The Man from Snowy River (1982)</title>
<thumbnail>https://image.tmdb.org/t/p/w500/lAa65eXokvlD4DeaTfHyy0UJgh0.jpg</thumbnail>
<fanart>https://image.tmdb.org/t/p/w1280/wFYosM2diQAvQgTclizCFlbHU6B.jpg</fanart>
<meta>
<content>movie</content>
<collection>Man from Snowy River</collection>
<title>The Man from Snowy River</title>
<imdb>tt0084296</imdb>
<year>1982</year>
</meta>
<link>
<sublink>search</sublink>
<sublink>searchsd</sublink>
</link>
</item>

<item>
<title>Return to Snowy River (1988)</title>
<thumbnail>https://image.tmdb.org/t/p/w500/mI3K4qCYAzNTZgkl9Lrh86FLklD.jpg</thumbnail>
<fanart>https://image.tmdb.org/t/p/w1280/4Ub5o999yPDPIqm8IG4pE4RMpOT.jpg</fanart>
<meta>
<content>movie</content>
<collection>Man from Snowy River</collection>
<title>Return to Snowy River</title>
<imdb>tt0095993</imdb>
<year>1988</year>
</meta>
<link>
<sublink>search</sublink>
<sublink>searchsd</sublink>
</link>
</item>

