

<item>
<title>The Mask (1994)</title>
<thumbnail>https://image.tmdb.org/t/p/w500/7plBoAhunhRVVmNCVMVo47Ede53.jpg</thumbnail>
<fanart>https://image.tmdb.org/t/p/w1280/kQlLZ8JgzVhFH6hlZovZycQSxbP.jpg</fanart>
<meta>
<content>movie</content>
<collection>Mask</collection>
<title>The Mask</title>
<imdb>tt0110475</imdb>
<year>1994</year>
</meta>
<link>
<sublink>search</sublink>
<sublink>searchsd</sublink>
</link>
</item>

<item>
<title>Son of the Mask (2005)</title>
<thumbnail>https://image.tmdb.org/t/p/w500/x0vfTsgoSM96YCouqsOXgP6klX9.jpg</thumbnail>
<fanart>https://image.tmdb.org/t/p/w1280/m6ZOpe4JMLRpey5tzC3iy3EiBWP.jpg</fanart>
<meta>
<content>movie</content>
<collection>Mask</collection>
<title>Son of the Mask</title>
<imdb>tt0362165</imdb>
<year>2005</year>
</meta>
<link>
<sublink>search</sublink>
<sublink>searchsd</sublink>
</link>
</item>

