

<item>
<title>The Matrix (1999)</title>
<thumbnail>https://image.tmdb.org/t/p/w500/lZpWprJqbIFpEV5uoHfoK0KCnTW.jpg</thumbnail>
<fanart>https://image.tmdb.org/t/p/w1280/xbm8IlWguCctQL7nqKpjpryFh5e.jpg</fanart>
<meta>
<content>movie</content>
<collection>Matrix</collection>
<title>The Matrix</title>
<imdb>tt0133093</imdb>
<year>1999</year>
</meta>
<link>
<sublink>search</sublink>
<sublink>searchsd</sublink>
</link>
</item>

<item>
<title>The Matrix Revolutions (2003)</title>
<thumbnail>https://image.tmdb.org/t/p/w500/sKogjhfs5q3azmpW7DFKKAeLEG8.jpg</thumbnail>
<fanart>https://image.tmdb.org/t/p/w1280/pdVHUsb2eEz9ALNTr6wfRJe5xVa.jpg</fanart>
<meta>
<content>movie</content>
<collection>Matrix</collection>
<title>The Matrix Revolutions</title>
<imdb>tt0242653</imdb>
<year>2003</year>
</meta>
<link>
<sublink>search</sublink>
<sublink>searchsd</sublink>
</link>
</item>

<item>
<title>The Matrix Reloaded (2003)</title>
<thumbnail>https://image.tmdb.org/t/p/w500/ezIurBz2fdUc68d98Fp9dRf5ihv.jpg</thumbnail>
<fanart>https://image.tmdb.org/t/p/w1280/1jgulSytTJcATkGX8syGbD2glXD.jpg</fanart>
<meta>
<content>movie</content>
<collection>Matrix</collection>
<title>The Matrix Reloaded</title>
<imdb>tt0234215</imdb>
<year>2003</year>
</meta>
<link>
<sublink>search</sublink>
<sublink>searchsd</sublink>
</link>
</item>

