<alleyezonme>
	<kedz>
		<dir>
			<title>[B]Latest Release Cartoons[/B]</title>
			<wctoon>wcdaily-updates</wctoon>
		</dir>
<dir>
	<title>[B] ANIMATION SHOWS[/B]</title>
	<tmdb>genre/shows/16</tmdb>
</dir>

<dir>
	<title>[B] DISNEY CLASSIC COLLECTION[/B]</title>
	<tmdb>list/338</tmdb>
</dir>

<dir>
	<title>[B] PIXAR ANIMATIONS[/B]</title>
	<tmdb>company/movies/3</tmdb>
</dir>

<plugin>
	<title>[B] FILMON KIDZ [/B]</title>
	<link>plugin://plugin.video.SportsDevil/?item=url.tmp%3d%252Fgroup%252Fkids%26title%3dKIDS%26url%3dhttp%253A%252F%252Fwww.filmon.com%252Fgroup%252Fkids%26cfg%3dfilmon.com.cfg%2540Channels%26definedIn%3dcustoms%252Ffilmon.com.cfg%26director%3dfilmon.com%26genre%3dLive%2bTV%26type%3drss%26icon%3dhttps%253A%252F%252Fstatic.filmon.com%252Fassets%252Fgroups%252F13%252Fbig_logo.png&amp;mode=1&quot;,return)</link>
	<thumbnail>https://static.filmon.com/assets/groups/13/big_logo.png</thumbnail>
</plugin>

<dir>
	<name>[B] KIDZ TV[/B]</name>
	<link>file://lists/kedz/tv.xml</link>
	<thumbnail>file://lists/images/kidztv.png</thumbnail>
</dir>

<dir>
	<name>[B] KIDZ MOVIES[/B]</name>
	<link>file://lists/kedz/movies.xml</link>
	<thumbnail>file://lists/images/kidzmovies.png</thumbnail>
</dir>

<dir>
	<name>[B] KIDZ DISNEY[/B]</name>
	<link>file://lists/kedz/disney.xml</link>
	<thumbnail>file://lists/images/kidzdisney.png</thumbnail>
</dir>

<dir>
	<name>[B] KIDZ CARTOONS[/B]</name>
	<link>file://lists/kedz/cartoons.xml</link>
	<thumbnail>file://lists/images/kidzcartoon.png</thumbnail>
</dir>

<dir>
	<name>[B] KIDZ YOUTUBE[/B]</name>
	<link>file://lists/kedz/youtube.xml</link>
	<thumbnail>file://lists/images/kidzyoutube.png</thumbnail>
</dir>

<plugin>
	<title>=== CLASSIC CARTOONS ===</title>
	<link>https://</link>
</plugin>

		<dir>
			<title>[B]Rick and Morty[/B]</title>
			<wctoon>wcsearch/rick and morty</wctoon>
		</dir>
		<dir>
			<title>[B]Fugget About It[/B]</title>
			<wctoon>wcsearch/fugget about it</wctoon>
		</dir>
		<dir>
			<title>[B]The Simpsons[/B]</title>
			<wctoon>wcsearch/the simpsons</wctoon>
		</dir>
		<dir>
			<title>[B]Camp WWE[/B]</title>
			<wctoon>wcsearch/camp wwe</wctoon>
		</dir>
		<dir>
			<title>[B]American Dad[/B]</title>
			<wctoon>wcsearch/american dad</wctoon>
		</dir>
		<dir>
			<title>[B]Looney Tunes[/B]</title>
			<wctoon>wcsearch/looney tunes</wctoon>
		</dir>
		<dir>
			<title>[B]Johnny Bravo[/B]</title>
			<wctoon>wcsearch/johnny bravo</wctoon>
		</dir>
		<dir>
			<title>[B]Dungeons and Dragons[/B]</title>
			<wctoon>wcsearch/dungeons and dragons</wctoon>
		</dir>
		<dir>
			<title>[B]Scooby Doo[/B]</title>
			<wctoon>wcsearch/scooby doo</wctoon>
		</dir>
		<dir>
			<title>[B]Archie's Weird Mysteries[/B]</title>
			<wctoon>wcsearch/archies weird mysteries</wctoon>
		</dir>
		<dir>
			<title>[B]Aqua Teen Hunger Force[/B]</title>
			<wctoon>wcsearch/aqua teen hunger force</wctoon>
		</dir>
		<dir>
			<title>[B]Stargate Infinity[/B]</title>
			<wctoon>wcsearch/stargate</wctoon>
		</dir>
		<dir>
			<title>[B]Thundercats (1985)[/B]</title>
			<wctoon>wcsearch/thundercats 1985</wctoon>
		</dir>
		<dir>
			<title>[B]Inspector Gadget[/B]</title>
			<wctoon>wcsearch/inspector gadget</wctoon>
		</dir>
		<dir>
			<title>[B]Jumanji[/B]</title>
			<wctoon>wcsearch/jumanji</wctoon>
		</dir>
		<dir>
			<title>[B]G.I. Joe[/B]</title>
			<wctoon>wcsearch/g.i. joe</wctoon>
		</dir>
		<dir>
			<title>[B]Red vs Blue[/B]</title>
			<wctoon>wcsearch/red vs blue</wctoon>
		</dir>
		<dir>
			<title>[B]F is for Family[/B]</title>
			<wctoon>wcsearch/f is for family</wctoon>
		</dir>
		<dir>
			<title>[B]Duck Dodgers[/B]</title>
			<wctoon>wcsearch/duck dodgers</wctoon>
		</dir>
		<dir>
			<title>[B]Doctor Who[/B]</title>
			<wctoon>wcsearch/doctor who</wctoon>
		</dir>
		<dir>
			<title>[B]Brickleberry[/B]</title>
			<wctoon>wcsearch/brickleberry</wctoon>
		</dir>
		<dir>
			<title>[B]Beavis and Butt Head[/B]</title>
			<wctoon>wcsearch/beavis and butt head</wctoon>
		</dir>
		<dir>
			<title>[B]Peppa Pig[/B]</title>
			<wctoon>wcsearch/peppa pig</wctoon>
		</dir>
		
<plugin>
	<title>Transformers</title>
	<link>Plugin://plugin.video.youtube/playlist/PL7857F7FC0CE2EC05/?page=0</link>
</plugin>

<plugin>
	<title>Inspector Gadget</title>
	<link>Plugin://plugin.video.youtube/playlist/PLqcNVz8UuCsJ0yJ5Td4bxbVHejncVncIj/?page=0</link>
</plugin>

<plugin>
	<title>Bananas In Pyjamas</title>
	<link>Plugin://plugin.video.youtube/playlist/PLpd15K7DiNG8lGcUaD52cbUAMJge9IJWX/?page=0</link>
</plugin>

<plugin>
	<title>Animaniacs</title>
	<link>Plugin://plugin.video.youtube/playlist/PLEED6U9clBc2H8KpI1N73JpYWjg7O4eeQ/?page=0</link>
</plugin>

<plugin>
	<title>Thomas and Friends</title>
	<link>Plugin://plugin.video.youtube/playlist/PLIVL8wR3lPnhdZp8m2HgFoFdzOkxsZe76/?page=0</link>
</plugin>

<plugin>
	<title>Rugrats</title>
	<link>Plugin://plugin.video.youtube/playlist/PLUwRRavNgwZYLwqaz0dPjuWEo59enXsxM/?page=0</link>
</plugin>

<plugin>
	<title>The TrapDoor</title>
	<link>Plugin://plugin.video.youtube/playlist/PLnig_T0hoznIAvJe73-QUmE-cYMWPjy35/?page=0</link>
</plugin>

<plugin>
	<title>Paw Patrol</title>
	<link>Plugin://plugin.video.youtube/playlist/PL89jbmhaqzU5BlzuVjkJ0AwT-rZ3BB9rZ/?page=0</link>
</plugin>

<plugin>
	<title>Classic Popeye Cartoons</title>
	<link>Plugin://plugin.video.youtube/playlist/PLsssbVJ2wz5Eshm4mSaasdTpNl97MFcLd/?page=0</link>
</plugin>

<plugin>
	<title>DangerMouse</title>
	<link>Plugin://plugin.video.youtube/playlist/PLbcNlGLh0jHlkwHCvS8rP_mLe7Z43mP9G/?page=0</link>
</plugin>

<plugin>
	<title>Thundercats</title>
	<link>Plugin://plugin.video.youtube/playlist/PL984hZnzBPSYtf4Og0botTtEQWzKCETfB/?page=0</link>
</plugin>

<plugin>
	<title>Topcat</title>
	<link>Plugin://plugin.video.youtube/playlist/PLgpmL5TvSrJ6F4hMdVXTOCRT-KB9gxpn0/?page=0</link>
</plugin>

<plugin>
	<title>Count Duckula</title>
	<link>Plugin://plugin.video.youtube/playlist/PLZs0gQed9tMSiX5n5vr2fBs3jeqeIvtd1/?page=0</link>
</plugin>

<plugin>
	<title>Thunderbirds</title>
	<link>Plugin://plugin.video.youtube/playlist/PLvKxlng74qQbpQOGEc8dlSQx0JepusMOC/?page=0</link>
</plugin>

<plugin>
	<title>Tom and Jerry</title>
	<link>Plugin://plugin.video.youtube/playlist/PLSZgBu1Js5dlN_VgH06GIXVyq_kpOQ3Cl/?page=0</link>
</plugin>

<plugin>
	<title>Roadrunner</title>
	<link>Plugin://plugin.video.youtube/playlist/PLL3uNn7f3npgkXGEU71mZSlb31vki3v-J/?page=0</link>
</plugin>

<plugin>
	<title>Bob the Builder</title>
	<link>Plugin://plugin.video.youtube/playlist/PLqVJV_alutqgatWVowQ31CZVLXGVzueb8/?page=0</link>
</plugin>

<plugin>
	<title>Postman Pat</title>
	<link>Plugin://plugin.video.youtube/playlist/PLzcEpQYkRSQ0nlZg_PEjMvI2SBP-Fyw9V/?page=0</link>
</plugin>

<plugin>
	<title>Magic Roundabout</title>
	<link>Plugin://plugin.video.youtube/playlist/PLRrFnCPN_OdtWGYfsAKb6ZpKtsO41BPBb/?page=0</link>
</plugin>

<plugin>
	<title>The Mask</title>
	<link>Plugin://plugin.video.youtube/playlist/PLby1c0jaiV-tnH08MiO9lnP2fgUCYvYnW/?page=0</link>
</plugin>

<plugin>
	<title>Bananaman</title>
	<link>Plugin://plugin.video.youtube/playlist/PLtyROzLVa1e6n7sKPWBsUQ9EWduwDcDmD/?page=0</link>
</plugin>

<plugin>
	<title>Fireman Sam</title>
	<link>Plugin://plugin.video.youtube/playlist/PLwiXrAvIA5TEUjwrzTaYek4h1iyzEVS2L/?page=0</link>
</plugin>

<plugin>
	<title>ICarly</title>
	<link>Plugin://plugin.video.youtube/playlist/PLvmy_R5w0xmuvjN5T1VXEbn-7KUf0sQ9J/?page=0</link>
</plugin>

<plugin>
	<title>SuperTed Season 1</title>
	<link>Plugin://plugin.video.youtube/playlist/PL4kugFcJg_kZA2hrTAyX89LKmVQyGV2CZ/?page=0</link>
</plugin>

<plugin>
	<title>SuperTed Season 2</title>
	<link>Plugin://plugin.video.youtube/playlist/PL4kugFcJg_ka9MVIh8nxwhvdVXHl7jVao/?page=0</link>
</plugin>

<plugin>
	<title>SuperTed Season 3</title>
	<link>Plugin://plugin.video.youtube/playlist/PL4kugFcJg_kYrvU9URxMfj6eTerpFq-I-/?page=0</link>
</plugin>

<plugin>
	<title>Ben and holly's little kingdom</title>
	<link>Plugin://plugin.video.youtube/playlist/PLviDWJCM2htdxSbw9sf1u6JaDDuN4ppSQ/?page=0</link>
</plugin>

<plugin>
	<title>Lazy Town</title>
	<link>Plugin://plugin.video.youtube/playlist/PLFSSgxcVeFPSLX1tEQ3IIgcASFW1i7Ctp/?page=0</link>
</plugin>

<plugin>
	<title>She-Ra: Princess of Power</title>
	<link>Plugin://plugin.video.youtube/playlist/PLB-blR_kfzRD63AirQPyo-yDnxt_qa53s/?page=0</link>
</plugin>

<plugin>
	<title>HE-MAN and the Masters of the Universe</title>
	<link>Plugin://plugin.video.youtube/playlist/PL1AF8CCD9155BB6F7/?page=0</link>
</plugin>

<plugin>
	<title>Looney Tunes Show</title>
	<link>Plugin://plugin.video.youtube/playlist/PLTfICmEzxkQQzr6mCL2KuBMe_ZvOlRY5O/?page=0</link>
</plugin>

<item>
	<title>Looney Tunes Compilation: Bugs Bunny, Daffy Duck and more!</title>
	<link>https://www.youtube.com/watch?v=OM6xvpzqCUA</link>
</item>

<item>
	<title>Looney Tunes Compilation In 4K</title>
	<link>https://www.youtube.com/watch?v=cUsvKvfpdNA</link>
</item>

<plugin>
	<title>Woody Woodpecker</title>
	<link>Plugin://plugin.video.youtube/playlist/PLwGVx_eLrtc6cmDc9oqBccxLT25UIkr9B/?page=0</link>
</plugin>

<plugin>
	<title>Peppa Pig All Seasons & Episodes</title>
	<link>Plugin://plugin.video.youtube/playlist/PL0qkhhDzibUc2_kMx-YcqZ8u9Oknu9xAq/?page=0</link>
</plugin>

<plugin>
	<title>scooby doo !!</title>
	<link>Plugin://plugin.video.youtube/playlist/PLiw81NHveQ80awM5DnTsv2WjUd5nK0LQz/?page=0</link>
</plugin>

<item>
	<title>Christmas Cartoons Compilation</title>
	<link>https://www.youtube.com/watch?v=tJb0HXH4ZFw</link>
</item>

<item>
	<title>Daffy Duck Compilation</title>
	<link>https://www.youtube.com/watch?v=JUBOG7VIi44</link>
</item>

<item>
	<title>Bugs Bunny Compilation</title>
	<link>https://www.youtube.com/watch?v=zCFxKdak9uA</link>
</item>

<item>
	<title>MGM Cartoon Compilation</title>
	<link>https://www.youtube.com/watch?v=wYNXqwuD1no</link>
</item>

<item>
	<title>Barbie Life in the Dreamhouse - Barbie the Princess and Doctor Barbie</title>
	<link>https://www.youtube.com/watch?v=QSSDaRdKgLk</link>
</item>

<item>
	<title>=== 24/7 CARTOONS ===</title>
	<link>https://www.youtube.com/watch?v=PLiw81NHveQ80awM5DnTsv2WjUd5nK0LQz</link>
</item>

<item>
	<title>King of the Hill - 24/7</title>
	<link>https://www.youtube.com/watch?v=1ouIVDJt_iQ</link>
</item>

<item>
	<title>Spongebob Squarepants - 24/7</title>
	<link>https://www.youtube.com/watch?v=7PJ8fg5zTWU</link>
</item>

<item>
	<title>American Dad - 24/7</title>
	<link>https://www.youtube.com/watch?v=nw2oy9B28Dw</link>
</item>

<item>
	<title>Family Guy - 24/7</title>
	<link>https://www.youtube.com/watch?v=4-8nDPpzEJ4</link>
</item>

<item>
	<title>South Park - 24/7</title>
	<link>https://www.youtube.com/watch?v=wlUCWTq55dA</link>
</item>

	</kedz>
</alleyezonme>