<dir>
  <title>Search</title>
  <tmdb>search</tmdb>
</dir>

<dir>
	<title>[COLOR red]NEW[/COLOR] [B]One Click Movies[/B]</title>
	<link>file://motu/movies/oneclickmovies.xml</link>
</dir>

<dir>
   <title>MOST POPULAR MOVIES</title>
   <imdburl>chart/moviemeter</imdburl>
</dir>
	
<dir>
   <title>IN CINEMAS</title>
   <tmdb>movies/now_playing</tmdb>
</dir>

<dir>
   <title>TOP RATED MOVIES</title>
   <tmdb>movies/top_rated</tmdb>
</dir>

<#dir>
   <title>TOP RATED INDIAN MOVIES - uc</title>
   <imdburl>india/top-rated-indian-movies</imdburl>
</dir>

<dir>
   <title>100 GREATEST HINDI MOVIES</title>
   <imdburl>list/ls063540474</imdburl>
</dir>

<dir>
   <title>TOP 500 BOLLYWOOD MOVIES</title>
   <imdburl>list/ls063540474</imdburl>
</dir>

<dir>
   <title>TOP CHARTED MOVIES</title>
   <imdburl>chart/top</imdburl>
</dir>

<dir>
   <title>LOWEST CHARTED MOVIES</title>
   <imdburl>chart/bottom</imdburl>
</dir>

<dir>
   <title>POPULAR GENRES</title>
   <link>file://motu/movies/genres.xml</link>
</dir>

<dir>
   <title>BEST PICTURE WINNERS</title>
   <imdburl>list/ls009480135</imdburl>
</dir>

<dir>
   <title>ACTORS</title>
   <link>file://motu/movies/actors.xml</link>
</dir>

<dir>
   <title>ACTRESS</title>
   <link>file://motu/movies/actress.xml</link>
</dir>

<dir>
   <title>DIRECTORS</title>
   <link>file://motu/movies/directors.xml</link>
</dir>

<dir>
   <title>NETWORKS</title>
   <link>file://motu/movies/networks.xml</link>
</dir>

<dir>
   <title>PRODUCTION</title>
   <link>file://motu/movies/production.xml</link>
</dir>

<dir>
   <title>YEARS</title>
   <link>file://motu/movies/years.xml</link>
</dir>