
<item>
	<title>[COLOR gold]NEW[/COLOR] Gringo 2018 HD</title>
	<link>https://openload.co/f/DAyeTb7yPsc/Gringo_2018_1080p_WEB-DL_DD5.1_H264-CMRG.mkv.mp4</link>
	<thumbnail></thumbnail>
	<fanart></fanart>
</item>

<item>
	<title>[COLOR gold]NEW[/COLOR] Death Wish 2018 HD</title>
	<link>https://openload.co/f/YmClD2LX0Pk/Death.Wish.2018.HDRip.XviD.AC3-EVO.avi.mp4</link>
	<thumbnail></thumbnail>
	<fanart></fanart>
</item>

<item>
	<title>Star Wars The Force Awakens FHD</title>
	<link>https://openload.co/f/OAmsT6b8GZw/Star.Wars.Episode.VII.The.Force.Awakens.2015.1080p.BluRay.x264.DTS-JYK.mkv.mp4</link>
	<thumbnail>https://i.imgur.com/48RH3P7.jpg</thumbnail>
	<fanart>https://i.imgur.com/9rwoFrr.jpg</fanart>
</item>

<item>
	<title>The Foreigner FHD</title>
	<link>https://openload.co/f/33j3UqyANno/The.Foreigner.2017.1080p.BluRay.H264.AAC-RARBG.mp4</link>
	<thumbnail>https://images-na.ssl-images-amazon.com/images/M/MV5BM2RlMjcyMGQtZTU3OC00NGRlLWExMGEtYjU3ZjUyMDc0NWZmXkEyXkFqcGdeQXVyNTI4MzE4MDU@._V1_SY1000_SX675_AL_.jpg</thumbnail>
	<fanart>https://i.imgur.com/9rwoFrr.jpg</fanart>
</item>

<item>
	<title>Fight Club (Remastered) FHD</title>
	<link>https://openload.co/f/cMfY48KXLko/Fight.Club.10th.Anniversary.Edition.1999.1080p.BrRip.x264.YIFY.mp4</link>
	<thumbnail>https://image.tmdb.org/t/p/w640/adw6Lq9FiC9zjYEpOqfq03ituwp.jpg</thumbnail>
	<fanart>https://i.imgur.com/9rwoFrr.jpg</fanart>
</item>

<item>
	<title>Blade Runner 2049 FHD</title>
	<link>https://openload.co/f/4duzP0rvGoM/Blade_Runner_2049_1080p_WEB-DL_X264_6CH_HQ-CPG.mkv.mp4</link>
	<thumbnail>https://i.imgur.com/NPflSGW.jpg</thumbnail>
	<fanart>https://i.imgur.com/9rwoFrr.jpg</fanart>
</item>

<item>
	<title>Logan FHD</title>
	<link>https://openload.co/f/qcTb011nAfo/Logan.2017.1080p.Br.mp4</link>
	<thumbnail>http://cdn2-www.superherohype.com/assets/uploads/gallery/untitled-wolverine-sequel/cuaiczwueaaid_w-jpg-large.jpg</thumbnail>
	<fanart>https://i.imgur.com/9rwoFrr.jpg</fanart>
</item>

<item>
	<title>Minority Report FHD</title>
	<link>https://openload.co/f/P5lUj6Ncb4g/Minority.Report.2002.1080p.BluRay.x264.YIFY.mp4</link>
	<thumbnail>http://is3.mzstatic.com/image/thumb/Video5/v4/fb/43/5c/fb435c8c-3473-ded9-c41d-6447ed220290/source/1200x630bb.jpg</thumbnail>
	<fanart>https://i.imgur.com/9rwoFrr.jpg</fanart>
</item>

<item>
	<title>Bronson FHD</title>
	<link>https://openload.co/f/j2LEJ1_lmSY/Bronson.2008.1080p.BRrip.x264.GAZ.mp4</link>
	<thumbnail>https://i.imgur.com/pNk7zo9.jpg</thumbnail>
	<fanart>https://i.imgur.com/9rwoFrr.jpg</fanart>
</item>

<item>
	<title>The Goonies FHD</title>
	<link>https://openload.co/f/yKhf1ON1nJc/The.Goonies.1985.1080p.BrRip.x264.YIFY.mp4</link>
	<thumbnail>http://cdn.pcwallart.com/images/the-goonies-poster-wallpaper-3.jpg</thumbnail>
	<fanart>https://i.imgur.com/9rwoFrr.jpg</fanart>
</item>

<item>
	<title>Raiders Of The Lost Ark FHD</title>
	<link>https://openload.co/f/T6Lgvp0u8jg/Indiana.Jones.And.The.Raiders.Of.The.Lost.Ark.1981.1080p.BluRay.x264.YIFY.mp4</link>
	<thumbnail>http://shelbyparkpictureshow.com/wp-content/uploads/2016/07/raiders-of-the-lost-ark-poster.jpg</thumbnail>
	<fanart>https://i.imgur.com/9rwoFrr.jpg</fanart>
</item>

<item>
	<title>The War Of The Worlds 1953 HD</title>
	<link>https://openload.co/f/MRuoohoWD8o/The_War_of_the_Worlds_%28Sci-Fi_1953%29_Gene_Barry%2C_Ann_Robinson_%26_Les_Tremayne_%28HD%29.mp4</link>
	<thumbnail>https://tricycleoffense.files.wordpress.com/2015/02/the-war-of-the-worlds-1953-b.jpg</thumbnail>
	<fanart>https://i.imgur.com/9rwoFrr.jpg</fanart>
</item>

<item>
	<title>War Of The Worlds 2005 FHD</title>
	<link>https://openload.co/f/jKi71RUYGqs/War.of.the.Worlds.2005.1080p.BluRay.x264.YIFY.mp4</link>
	<thumbnail>https://i.pinimg.com/736x/bb/d0/1f/bbd01f4f474571231d8f0a84b2a9e466--sci-fi-movies-hd-movies.jpg</thumbnail>
	<fanart>https://i.imgur.com/9rwoFrr.jpg</fanart>
</item>

<item>
	<title>John Wick FHD</title>
	<link>https://openload.co/f/fCqDGpoe7pE/John.Wick.mp4</link>
	<thumbnail>https://i.imgur.com/RlgfOeW.jpg</thumbnail>
	<fanart>https://i.imgur.com/9rwoFrr.jpg</fanart>
</item>

<item>
	<title>John Wick Chapter 2 10bit HD</title>
	<link>https://openload.co/f/yKt8EbbBPfc/John.Wick.Chapter.2.2017.720p.WEB-DL.x265.HEVC.10bit.PoOlLa.mkv.mp4</link>
	<thumbnail>blob:https://imgur.com/a842be34-f4e9-49c0-9dee-3411df78212c</thumbnail>
	<fanart>https://i.imgur.com/9rwoFrr.jpg</fanart>
</item>

<item>
	<title>Rise Of The Footsoldier FHD</title>
	<link>https://openload.co/f/49w4Ev6duhg/Rise.of.the.Footsoldier.2007.1080p.BluRay.x264.YIFY.mp4</link>
	<thumbnail>https://i.jeded.com/i/rise-of-the-footsoldier.15698.jpg</thumbnail>
	<fanart>https://i.imgur.com/9rwoFrr.jpg</fanart>
</item>

<item>
	<title>Rise Of The Footsoldier 2 FHD</title>
	<link>https://openload.co/f/FLF6rR_2puM/Rise.Of.The.Footsoldier.Part.II.2015.1080p.BluRay.x264.%5BYTS.AG%5D.mp4</link>
	<thumbnail>https://cdn.flickeringmyth.com/wp-content/uploads/2015/11/Rise-of-the-Footsoldier-Part-II.jpg</thumbnail>
	<fanart>https://i.imgur.com/9rwoFrr.jpg</fanart>
</item>

<item>
	<title>Rise Of The Footsoldier 3 HD</title>
	<link>https://openload.co/f/pXVit0AUbEo/Rise_of_the_Footsoldier_3.2017.720p.WEB-DL.H264.AC3-EVO.mkv.mp4</link>
	<thumbnail>https://images-na.ssl-images-amazon.com/images/I/81Uchbu1eRL._SY445_.jpg</thumbnail>
	<fanart>https://i.imgur.com/9rwoFrr.jpg</fanart>
</item>

<item>
	<title>Rise Of The Footsoldier 3 HD (Uncensored 18+)</title>
	<link>https://openload.co/f/yNQ181s2XrI/18%2B_Rise_Of_The_Footsoldier_3_2017_UNCENSORED_Movies_720p_HDRip_x264_%E2%98%BBrDX%E2%98%BB.mkv.mp4</link>
	<thumbnail>https://images-na.ssl-images-amazon.com/images/I/81Uchbu1eRL._SY445_.jpg</thumbnail>
	<fanart>https://i.imgur.com/9rwoFrr.jpg</fanart>
</item>

<item>
	<title>Snatch HD</title>
	<link>https://openload.co/f/swAW8BRAMKI/Snatch.2000.BRRip.mkv.mp4</link>
	<thumbnail>https://fluffpot.files.wordpress.com/2014/04/snatch.jpg</thumbnail>
	<fanart>https://i.imgur.com/9rwoFrr.jpg</fanart>
</item>

<item>
	<title>Jaws FHD</title>
	<link>https://openload.co/f/rhjSWmfuBXA/Jaws.1975.1080p.BrRip.x264.bitloks.YIFY.mp4</link>
	<thumbnail>https://eu.movieposter.com/posters/archive/main/37/MPW-18721</thumbnail>
	<fanart>https://i.imgur.com/9rwoFrr.jpg</fanart>
</item>

<item>
	<title>Mad Max 1979 FHD</title>
	<link>https://openload.co/f/_RMAMSskdU8/Mad.Max.1979.1080p.BRrip.x264.YIFY.mp4</link>
	<thumbnail>https://1.bp.blogspot.com/-16vNSeCp1s4/T-MJVyhMjaI/AAAAAAAAHSw/5ZXbtD630ho/s1600/Mad+Max+%281979%29+1.jpg</thumbnail>
	<fanart>https://i.imgur.com/9rwoFrr.jpg</fanart>
</item>

<item>
	<title>Mad Max II The Road Warrior FHD</title>
	<link>https://openload.co/f/FhOkXBEqRk4/Mad.Max.2.The.Road.Warrior.mp4</link>
	<thumbnail>http://cdn.collider.com/wp-content/uploads/2015/05/mad-max-2-the-road-warrior-poster.jpg</thumbnail>
	<fanart>https://i.imgur.com/9rwoFrr.jpg</fanart>
</item>

<item>
	<title>Mad Max III Beyond Thunderdome FHD</title>
	<link>https://openload.co/f/_qvThmbdlEM/Mad.Max.Beyond.Thunderdome.1985.1080p.BluRay.x264-%5BYTS.AG%5D.mp4</link>
	<thumbnail>https://www.movieposter.com/posters/archive/main/201/MPW-100780</thumbnail>
	<fanart>https://i.imgur.com/9rwoFrr.jpg</fanart>
</item>

<item>
	<title>Mad Max Fury Road FHD</title>
	<link>https://openload.co/f/Hy1TRk8qCYw/Mad.Max.Fury.Road.mp4</link>
	<thumbnail>https://20ui41tp7v127j03rcnp97oh-wpengine.netdna-ssl.com/wp-content/uploads/2015/10/markbuttonmax.jpg</thumbnail>
	<fanart>https://i.imgur.com/9rwoFrr.jpg</fanart>
</item>

<item>
	<title>Lethal Weapon 1987 FHD</title>
	<link>https://openload.co/f/1L0k2j4WSpQ/Lethal_Weapon.mp4</link>
	<thumbnail>https://zuts.files.wordpress.com/2015/06/lethal-weapon-poster.jpg</thumbnail>
	<fanart>https://i.imgur.com/9rwoFrr.jpg</fanart>
</item>

<item>
	<title>The Butterfly Effect (Directors Cut) FHD</title>
	<link>https://openload.co/f/Fh5oChCQQqk/The_Butterfly_Effect_DC_%282004%29_1080p_BrRip_5.1_x264_aac_%5BTuGAZx%5D.mp4</link>
	<thumbnail>https://images-na.ssl-images-amazon.com/images/I/91n2kdL0xdL._SL1500_.jpg</thumbnail>
	<fanart>https://i.imgur.com/9rwoFrr.jpg</fanart>
</item>

<item>
	<title>The Crow FHD</title>
	<link>https://openload.co/f/BEma2mfB438/The_Crow_%281994%29.mkv.mp4</link>
	<thumbnail>http://img.moviepostershop.com/the-crow-movie-poster-1994-1010263843.jpg</thumbnail>
	<fanart>https://i.imgur.com/9rwoFrr.jpg</fanart>
</item>

<item>
	<title>South Park The Movie HD</title>
	<link>https://openload.co/f/bjqiQl5xXgc/South.Park.Bigger.Longer.and.Uncut.1999.720p.BluRay.x264.YIFY.mp4</link>
	<thumbnail>http://assets.flicks.co.nz/images/movies/poster/72/72007983849f4fcb0ad565439834756b_500x735.jpg</thumbnail>
	<fanart>https://i.imgur.com/9rwoFrr.jpg</fanart>
</item>

<item>
	<title>Deadpool FHD</title>
	<link>https://openload.co/f/YEzEzH2Dpek/Deadpool.2016.1080p.BluRay.5.1.HEVC.x265-GIRAYS.mkv.mp4</link>
	<thumbnail>https://vignette1.wikia.nocookie.net/xmenmovies/images/f/f0/Deadpool_poster_3.jpg/revision/latest?cb=20160115013939</thumbnail>
	<fanart>https://i.imgur.com/9rwoFrr.jpg</fanart>
</item>

<item>
	<title>Who Framed Roger Rabbit FHD</title>
	<link>https://openload.co/f/T1oeFy8AEKc/Who.Framed.Roger.Rabbit.1988.1080p.BluRay.x264.anoXmous_.mp4</link>
	<thumbnail>https://orig00.deviantart.net/bdf8/f/2014/215/1/3/who_framed_roger_rabbit_movie_poster_by_expofever-d7tk5ak.jpg</thumbnail>
	<fanart>https://i.imgur.com/9rwoFrr.jpg</fanart>
</item>

<item>
	<title>Who Framed Roger Rabbit (Restored Uncensored) HD</title>
	<link>https://openload.co/f/oMfd8JUHQ20/Who_Framed_Roger_Rabbit_1080p_%28Uncensored_Restoration%29_fiveofseven.mp4</link>
	<thumbnail>https://i.imgur.com/tu7okOy.jpg</thumbnail>
	<fanart>https://i.imgur.com/9rwoFrr.jpg</fanart>
</item>

<item>
	<title>Hancock 2008 Unrated 10bit FHD</title>
	<link>https://openload.co/f/eG4s7QHSI-w/Hancock_2008_Unrated_%281080p_x265_10bit_Tigole%29.mkv.mp4</link>
	<thumbnail>https://www.movieposter.com/posters/archive/main/66/MPW-33159</thumbnail>
	<fanart>https://i.imgur.com/9rwoFrr.jpg</fanart>
</item>

<item>
	<title>What Happened To Monday (Seven Sisters) FHD</title>
	<link>https://openload.co/f/E3770osJ-8k/What_Happened_to_Monday_2017_1080p_Netflix_WEBRip_AAC5.1_x264-PSYPHER.mp4</link>
	<thumbnail>https://i2.wp.com/teaser-trailer.com/wp-content/uploads/What-Happened-to-Monday-Film-Poster-1.jpg?ssl=1</thumbnail>
	<fanart>https://i.imgur.com/9rwoFrr.jpg</fanart>
</item>

<item>
	<title>28 Days Later 10bit FHD</title>
	<link>https://openload.co/f/yjpuecaNz_A/28_Days_Later..._2002_%281080p_x265_10bit_Tigole%29.mkv.mp4</link>
	<thumbnail>https://www.movieposter.com/posters/archive/main/11/MPW-5897</thumbnail>
	<fanart>https://i.imgur.com/9rwoFrr.jpg</fanart>
</item>

<item>
	<title>Hellraiser FHD</title>
	<link>https://openload.co/f/62VS23Sg9i8/Hellraiser.1987.REMASTERED.1080p.BRRip.x264.AAC-Ozlem.mp4</link>
	<thumbnail>https://i.imgur.com/qKIlxzz.jpg</thumbnail>
	<fanart>https://i.imgur.com/9rwoFrr.jpg</fanart>
</item>

<item>
	<title>Unforgettable HD</title>
	<link>https://openload.co/f/YZEZX4ltyT0/Unforgettable.mkv.mp4</link>
	<thumbnail>https://cdn.traileraddict.com/content/warner-bros-pictures/unforgettable-2017-poster-3.jpg</thumbnail>
	<fanart>https://i.imgur.com/9rwoFrr.jpg</fanart>
</item>

<item>
	<title>Gifted FHD</title>
	<link>https://openload.co/f/-LUmp3bxuZY/Gifted.BR.mp4</link>
	<thumbnail>http://www.movielov.com/wp-content/uploads/2017/03/gifted-poster.jpg</thumbnail>
	<fanart>https://i.imgur.com/9rwoFrr.jpg</fanart>
</item>

<item>
	<title>Kidnap HD</title>
	<link>https://openload.co/f/DXcsk6Qtio4/Kidnap.2017.720p.WEB.mp4</link>
	<thumbnail>https://s-media-cache-ak0.pinimg.com/736x/be/7c/fe/be7cfe9927d78774d6c42ca1e7167c88.jpg</thumbnail>
	<fanart>https://i.imgur.com/9rwoFrr.jpg</fanart>
</item>

<item>
	<title>Going In Style HD</title>
	<link>https://openload.co/f/WUoTh8NBp_k/Going.in.Style.2017.720p.WEB-DL.H264.AC3-EVO.mkv.mp4</link>
	<thumbnail>http://cdn1-www.comingsoon.net/assets/uploads/gallery/going-in-style/goinginstyleposter.jpg</thumbnail>
	<fanart>https://i.imgur.com/9rwoFrr.jpg</fanart>
</item>

<item>
	<title>The Mummy HC FHD</title>
	<link>https://openload.co/f/nxP2j-Y3_TA/The.Mummy.2017.1080p.HC.HDRip.X264.AC3-EVO.mkv.mp4</link>
	<thumbnail>http://digitalspyuk.cdnds.net/16/48/640x1013/gallery-1480602663-the-mummy-poster.jpg</thumbnail>
	<fanart>https://i.imgur.com/9rwoFrr.jpg</fanart>
</item>

<item>
	<title>Wonder Woman HC HD</title>
	<link>https://openload.co/f/HTnC_byl7Q4/Wonder_Woman_2017_HC_720p_WEBRip_999_MB_-_iExTV.mp4</link>
	<thumbnail>https://cdn.traileraddict.com/content/warner-bros-pictures/wonder-woman-2017-5.jpg</thumbnail>
	<fanart>https://i.imgur.com/9rwoFrr.jpg</fanart>
</item>

<item>
	<title>Alien Covenant HC HD</title>
	<link>https://openload.co/f/85Q0tnOxCrU/Alien_Covenant_2017_HC_720p_WEBRip_900_MB_-_iExTV.mp4</link>
	<thumbnail>http://www.scified.com/u/IMG_20170323_0950491.jpg</thumbnail>
	<fanart>https://i.imgur.com/9rwoFrr.jpg</fanart>
</item>

<item>
	<title>Aliens 1986 Directors Cut FHD</title>
	<link>https://openload.co/f/IVuTX_cpSK4/Aliens.Directors.Cut.1986.1080p.BR.mp4</link>
	<thumbnail>http://static.rogerebert.com/uploads/movie/movie_poster/aliens-1986/large_rKk44esuoJx9ePrZSdt0NwmJmkI.jpg</thumbnail>
	<fanart>https://i.imgur.com/9rwoFrr.jpg</fanart>
</item>

<item>
	<title>Star Wars Rogue One FHD 10 bit</title>
	<link>https://openload.co/f/wW2Erzrt73w/Rogue_One_%282016%29_1080p_x265.mkv</link>
	<thumbnail>http://img.lum.dolimg.com/v1/images/rogueone_onesheeta_1000_309ed8f6.jpeg?region=0%2C0%2C1000%2C1481&width=480</thumbnail>
	<fanart>https://i.imgur.com/9rwoFrr.jpg</fanart>
</item>

<item>
	<title>Hickok HD</title>
	<link>https://openload.co/f/Fs6mVFAMcag/Hickok.mp4</link>
	<thumbnail>https://cdn.traileraddict.com/content/cinedigm/hickok-poster.jpg</thumbnail>
	<fanart>https://i.imgur.com/9rwoFrr.jpg</fanart>
</item>

<item>
	<title>Trainspotting FHD</title>
	<link>https://openload.co/f/kHWRpGGP8V0/Trainspotting.1996.1080p.BrRip.x264.BOKUTOX.YIFY.mp4</link>
	<thumbnail>http://www.motionpictureart.com/images/P/TrainSpottingMoviePosterDutch.jpg</thumbnail>
	<fanart>https://i.imgur.com/9rwoFrr.jpg</fanart>
</item>

<item>
	<title>Trainspotting 2 HD</title>
	<link>https://openload.co/f/omMfc6Rvd5A/T2.Trainspotting.2017.720p.HDRiP.x264.AC3-MAJESTIC.mkv</link>
	<thumbnail>http://digitalspyuk.cdnds.net/16/49/768x1228/gallery-1481028117-5x8-banners-renton-t2-trainspotting.jpg</thumbnail>
	<fanart>https://i.imgur.com/9rwoFrr.jpg</fanart>
</item>

<item>
	<title>Top Gun FHD</title>
	<link>https://openload.co/f/ToMZ8xkL0TA/Top.Gun.1986.1080p.FardaDownload_ir.mp4</link>
	<thumbnail>https://images-na.ssl-images-amazon.com/images/I/710nsn-AYoL._SY445_.jpg</thumbnail>
	<fanart>https://i.imgur.com/9rwoFrr.jpg</fanart>
</item>

<item>
	<title>The Warriors 1979 HD</title>
	<link>https://openload.co/f/tbihT3ESbvs/warr.mp4</link>
	<thumbnail>http://vignette1.wikia.nocookie.net/thewarriors/images/7/7c/The-warriors-poster-artwork-michael-beck-james-remar-david-patrick-kelly.jpg/revision/latest?cb=20140424162727</thumbnail>
	<fanart>https://i.imgur.com/9rwoFrr.jpg</fanart>
</item>

<item>
	<title>The Wanderers HD</title>
	<link>https://openload.co/f/qbi0Bq6kK08/The_Wanderers_1979_720p_BRRip_5.1_H264_LKRG.mp4</link>
	<thumbnail>http://a3.mzstatic.com/us/r30/Video/v4/5b/5e/d4/5b5ed4f1-0ac8-fbba-d34f-c65ab7979d0e/The_Wanderers_PosterArt.jpg</thumbnail>
	<fanart>https://i.imgur.com/9rwoFrr.jpg</fanart>
</item>

<item>
	<title>Enter The Dragon FHD</title>
	<link>https://openload.co/f/wXZVZo-ytfM/Enter.The.Dragon.1973.1080p.BluRay.x264.YIFY.mp4</link>
	<thumbnail>http://www.fatmovieguy.com/wp-content/uploads/2014/12/Enter-the-Dragon-Movie-Poster.jpg</thumbnail>
	<fanart>https://i.imgur.com/9rwoFrr.jpg</fanart>
</item>

<item>
	<title>Back To The Future Part FHD</title>
	<link>https://openload.co/f/r5FRm0mumMQ/Back.to.the.Future.1985.1080p.Brrip.x264.Deceit.YIFY.mp4</link>
	<thumbnail>http://vignette1.wikia.nocookie.net/bttf/images/5/52/Back_to_the_future.jpg/revision/latest?cb=20150928161335</thumbnail>
	<fanart>https://i.imgur.com/9rwoFrr.jpg</fanart>
</item>

<item>
	<title>Back To The Future Part 2 FHD</title>
	<link>https://openload.co/f/h7BZIgOUmBw/Back.to.the.Future.Part.2.1989.1080p.Brrip.x264.Deceit.YIFY.mp4</link>
	<thumbnail>https://www.movieposter.com/posters/archive/main/15/MPW-7684</thumbnail>
	<fanart>https://i.imgur.com/9rwoFrr.jpg</fanart>
</item>

<item>
	<title>Back To The Future Part 3 FHD</title>
	<link>https://openload.co/f/kwkFchT8n0c/Back.to.the.Future.Part.3.1990.1080p.Brrip.x264.Deceit.YIFY.mp4</link>
	<thumbnail>http://images5.fanpop.com/image/polls/1042000/1042136_1338502936438_full.jpg</thumbnail>
	<fanart>https://i.imgur.com/9rwoFrr.jpg</fanart>
</item>

<item>
	<title>The Exorcist FHD (Extended Version)</title>
	<link>https://openload.co/f/KpIH7U_0d-4/The.Exorcist.1973.1080p.BrRip.x264.bitloks.YIFY.mp4</link>
	<thumbnail>http://images3.static-bluray.com/movies/covers/11045_front.jpg</thumbnail>
	<fanart>https://i.imgur.com/9rwoFrr.jpg</fanart>
</item>

<item>
	<title>The Godfather FHD</title>
	<link>https://openload.co/f/G30Ccg0nD34/The.Godfather.1972.1080p.BluRay.x264.anoXmous_.mp4</link>
	<thumbnail>https://movietalkexpress.files.wordpress.com/2015/12/the-godfather.jpeg</thumbnail>
	<fanart>https://i.imgur.com/9rwoFrr.jpg</fanart>
</item>

<item>
	<title>The Godfather Part II FHD</title>
	<link>https://openload.co/f/nUzNSocjdgA/The.Godfather.Part.II.1974.1080p.BluRay.x264.anoXmous_.mp4</link>
	<thumbnail>http://66.media.tumblr.com/a7a68840f0ca95da2d341b09475074fa/tumblr_nuywndRhMY1tfd6dso1_1280.jpg</thumbnail>
	<fanart>https://i.imgur.com/9rwoFrr.jpg</fanart>
</item>

<item>
	<title>The Godfather Part III FHD</title>
	<link>https://openload.co/f/tvrukwo5cBE/The.Godfather.Part.III.1990.1080p.BluRay.x264.anoXmous_.mp4</link>
	<thumbnail>http://static.rogerebert.com/uploads/movie/movie_poster/the-godfather-part-iii-1990/large_uzaP0L7BEprcJHCuwbaHiYT0UYX.jpg</thumbnail>
	<fanart>https://i.imgur.com/9rwoFrr.jpg</fanart>
</item>

<item>
	<title>Scarface HD</title>
	<link>https://openload.co/f/zdkEtrF05QU/Scarface.1983.720p.FardaDownload_ir.mkv</link>
	<thumbnail>https://s-media-cache-ak0.pinimg.com/236x/15/40/0c/15400cd5c101c3eeddff344677107c51.jpg</thumbnail>
	<fanart>https://i.imgur.com/9rwoFrr.jpg</fanart>
</item>

<item>
	<title>Goodfellas FHD</title>
	<link>https://openload.co/f/XKfPJNYKB3U/Goodfellas.1990.1080p.FardaDownload_ir.mkv.mp4</link>
	<thumbnail>https://upload.wikimedia.org/wikipedia/en/7/7b/Goodfellas.jpg</thumbnail>
	<fanart>https://i.imgur.com/9rwoFrr.jpg</fanart>
</item>

<item>
	<title>The Shawshank Redemption FHD</title>
	<link>https://openload.co/f/YVEbtppgABU/The.Shawshank.Redemption.1994.1080p.5.1CH.FardaDownload_ir.mkv.mp4</link>
	<thumbnail>http://www.1art1.de/images/imagel/s//s1630.jpg</thumbnail>
	<fanart>https://i.imgur.com/9rwoFrr.jpg</fanart>
</item>

<item>
	<title>Pulp Fiction FHD</title>
	<link>https://openload.co/f/sKaSoLl7JKY/Pulp.Fiction.1994.1080p.FardaDownload_ir.mkv</link>
	<thumbnail>http://dgeiu3fz282x5.cloudfront.net/g/l/lgpp30791+movie-one-sheet-pulp-fiction-poster.jpg</thumbnail>
	<fanart>https://i.imgur.com/9rwoFrr.jpg</fanart>
</item>

<item>
	<title>Breaking Bad The Movie HD</title>
	<link>https://openload.co/f/bH7Q0fgiGuQ/Breaking_Bad_The_Movie_%282017%29_720p_WEB-DL_x264_870MB_%28nItRo%29-XpoZ.mkv</link>
	<thumbnail>https://s-media-cache-ak0.pinimg.com/736x/a4/b9/de/a4b9de044d3967643e70a87827523ef2.jpg</thumbnail>
	<fanart>https://i.imgur.com/9rwoFrr.jpg</fanart>
</item>

<item>
	<title>Schindlers List FHD</title>
	<link>https://openload.co/f/MytjKegyVT4/Schindlers.List.1993.1080p.5.1CH.FardaDownload_ir.mkv</link>
	<thumbnail>http://www.filme-streamz.com/photos/21%20locandina-schindler-s-list.jpg</thumbnail>
	<fanart>https://i.imgur.com/9rwoFrr.jpg</fanart>
</item>

<item>
	<title>Robocop 1987 FHD Remastered (Directors Cut)</title>
	<link>https://openload.co/f/ueIaWj5qFu0/RoboCop.1987.US.Remastered.Directors.Cut.1080p.BluRay.x264.anoXmous_.mp4</link>
	<thumbnail>http://cdn.onemorething.nl/uploads/community/e78a2c9224a67a3d81ec67eff96d8da4eb9b5c8f_63821.jpg</thumbnail>
	<fanart>https://i.imgur.com/9rwoFrr.jpg</fanart>
</item>

<item>
	<title>Close Encounters Of The Third Kind HD</title>
	<link>https://openload.co/f/lb-RZClq3wg/Close.Encounters.of.the.Third.Kind.720p.BrRip.YIFY.mp4</link>
	<thumbnail>https://static.rogerebert.com/uploads/movie/movie_poster/close-encounters-of-the-third-kind-1980/large_mABOVIUl5lB0WF4HG28rfamgxG1.jpg</thumbnail>
	<fanart>https://i.imgur.com/9rwoFrr.jpg</fanart>
</item>

<item>
	<title>Star Wars IV The A New Hope 1977 (Digitally Remastered) HD</title>
	<link>https://openload.co/f/rKZ-uteDcMc/Star.Wars.Episode.4.A.New.Hope.1977.1080p.BrRip.x264.BOKUTOX.YIFY.mp4</link>
	<thumbnail>https://upload.wikimedia.org/wikipedia/en/8/87/StarWarsMoviePoster1977.jpg</thumbnail>
	<fanart>https://i.imgur.com/9rwoFrr.jpg</fanart>
</item>

<item>
	<title>Star Wars V The Empire Strikes Back 1980 (Digitally Remastered) HD</title>
	<link>https://openload.co/f/vlC5tFebs0o/Star.Wars.Episode.5.The.Empire.Strikes.Back.1980.1080p.BrRip.x264.BOKUTOX.YIFY.mp4</link>
	<thumbnail>https://upload.wikimedia.org/wikipedia/en/3/3c/SW_-_Empire_Strikes_Back.jpg</thumbnail>
	<fanart>https://i.imgur.com/9rwoFrr.jpg</fanart>
</item>

<item>
	<title>Star Wars VI Return Of The Jedi 1985 (Digitally Remastered) HD</title>
	<link>https://openload.co/f/60ZV39Ws6bQ/Star.Wars.Episode.6.Return.of.the.Jedi.1983.1080p.BrRip.x264.BOKUTOX.YIFY.mp4</link>
	<thumbnail>https://upload.wikimedia.org/wikipedia/en/b/b2/ReturnOfTheJediPoster1983.jpg</thumbnail>
	<fanart>https://i.imgur.com/9rwoFrr.jpg</fanart>
</item>

<item>
	<title>Star Wars Episode IV The A New Hope 1977 (Despecialized Edition) HD</title>
	<link>https://openload.co/f/KbsHbRJNRbI/sw1.mkv.mp4</link>
	<thumbnail>https://upload.wikimedia.org/wikipedia/en/8/87/StarWarsMoviePoster1977.jpg</thumbnail>
	<fanart>https://i.imgur.com/9rwoFrr.jpg</fanart>
</item>

<item>
	<title>Star Wars Episode V The Empire Strikes Back 1980 (Despecialized Edition) HD</title>
	<link>https://openload.co/f/0sqsbDV8hGc/sw2.mkv</link>
	<thumbnail>https://upload.wikimedia.org/wikipedia/en/3/3c/SW_-_Empire_Strikes_Back.jpg</thumbnail>
	<fanart>https://i.imgur.com/9rwoFrr.jpg</fanart>
</item>

<item>
	<title>Star Wars Episode VI Return Of The Jedi 1985 (Despecialized Edition) HD</title>
	<link>https://openload.co/f/9q9G5eRYqMU/Sw3.mkv</link>
	<thumbnail>https://upload.wikimedia.org/wikipedia/en/b/b2/ReturnOfTheJediPoster1983.jpg</thumbnail>
	<fanart>https://i.imgur.com/9rwoFrr.jpg</fanart>
</item>

<item>
	<title>The Terminator FHD</title>
	<link>https://openload.co/f/OOEVju5McAM/The.Terminator.1984.1080p.BRrip.x264.GAZ.YIFY.mp4</link>
	<thumbnail>http://www.dafont.com/forum/attach/orig/4/0/40939.jpg</thumbnail>
	<fanart>https://i.imgur.com/9rwoFrr.jpg</fanart>
</item>

<item>
	<title>Terminator 2 Judgement Day FHD (Directors Cut)</title>
	<link>https://openload.co/f/avQ-rt8DMoE/Terminator.2.Judgment.Day.1991.DC.1080p.BRrip.x264.GAZ.YIFY.mp4</link>
	<thumbnail>http://www.screamhorrormag.com/wp-content/uploads/2015/12/T2-Poster.jpg</thumbnail>
	<fanart>https://i.imgur.com/9rwoFrr.jpg</fanart>
</item>

<item>
	<title>The Running Man HD</title>
	<link>https://openload.co/f/O6c1l0Eyvfo/running.mp4</link>
	<thumbnail>http://vignette3.wikia.nocookie.net/stephenking/images/0/0f/THe_Runing_Mantumblr_lrrj5hkiKv1qiasj1.jpg/revision/latest?cb=20140618060340</thumbnail>
	<fanart>https://i.imgur.com/9rwoFrr.jpg</fanart>
</item>

<item>
	<title>Total Recall 1990 HD</title>
	<link>https://openload.co/f/fwjcz1ca6JM/total1990.mp4</link>
	<thumbnail>http://i0.wp.com/theyoungfolks.com/wp-content/uploads/2015/05/total-recall-poster.jpg</thumbnail>
	<fanart>https://i.imgur.com/9rwoFrr.jpg</fanart>
</item>

<item>
	<title>Titanic 1997 FHD</title>
	<link>https://openload.co/f/uZZGU6NLSHo/Titanic.1997.1080p.5.1CH.FardaDownload_ir.mkv</link>
	<thumbnail>https://images-na.ssl-images-amazon.com/images/I/51d17yMqhVL.jpg</thumbnail>
	<fanart>https://i.imgur.com/9rwoFrr.jpg</fanart>
</item>

<item>
	<title>Saving Private Ryan FHD</title>
	<link>https://openload.co/f/oSUxUbUJbpA/Saving.Private.Ryan.1998.1080p.5.1CH.FardaDownload_ir.mkv</link>
	<thumbnail>https://upload.wikimedia.org/wikipedia/en/a/ac/Saving_Private_Ryan_poster.jpg</thumbnail>
	<fanart>https://i.imgur.com/9rwoFrr.jpg</fanart>
</item>

<item>
	<title>The Green Mile HD</title>
	<link>https://openload.co/f/rDJlN_BDbD4/The_Green_Mile_%281999%29_720p_BRRiP_x264_AAC_%5BTeam_Nanban%5D.mp4</link>
	<thumbnail>https://s-media-cache-ak0.pinimg.com/736x/4c/02/69/4c02692df7da88ac121d92e4f805c4a3--king-quotes-book-quotes.jpg</thumbnail>
	<fanart>https://i.imgur.com/9rwoFrr.jpg</fanart>
</item>

<item>
	<title>Forrest Gump FHD</title>
	<link>https://openload.co/f/U17ALy0SjkM/Forrest.Gump.1994.1080p.BrRip.x264.YIFY.mp4</link>
	<thumbnail>http://2.bp.blogspot.com/-i03dWHqsKuY/Ucw2YpUKlOI/AAAAAAAAAFQ/NqfUh7pHZZQ/s1456/forrest-gump-poster-1994-tom-hanks.png</thumbnail>
	<fanart>https://i.imgur.com/9rwoFrr.jpg</fanart>
</item>

<item>
	<title>Big 1988 (Extended Edition) HD</title>
	<link>https://openload.co/f/AHAYuDWjuEw/Big.1988.Extended.Edition.720p.BluRay.x264.YIFY.mkv</link>
	<thumbnail>https://s-media-cache-ak0.pinimg.com/originals/7e/f0/dc/7ef0dca68dbedec112a6a8bfd0fc354a.jpg</thumbnail>
	<fanart>https://i.imgur.com/9rwoFrr.jpg</fanart>
</item>

<item>
	<title>Avatar (Extended) FHD</title>
	<link>https://openload.co/f/0Rul0zpzFkY/Avatar.2009.Extended.1080p.FardaDownload.mkv.mp4</link>
	<thumbnail>https://www.movieposter.com/posters/archive/main/98/MPW-49246</thumbnail>
	<fanart>https://i.imgur.com/9rwoFrr.jpg</fanart>
</item>

<item>
	<title>Die Hard FHD</title>
	<link>https://openload.co/f/-LI3o8Z-PWs/Die.Hard.BluRay.1080p.x264.5.1.Judas.mp4</link>
	<thumbnail>https://vignette2.wikia.nocookie.net/diehard/images/c/c3/DieHard.jpg/revision/latest?cb=20110515165526</thumbnail>
	<fanart>https://i.imgur.com/9rwoFrr.jpg</fanart>
</item>

<item>
	<title>Die Hard 2 Die Harder FHD</title>
	<link>https://openload.co/f/9CcqRzPLQkQ/Die.Hard.2.BluRay.1080p.x264.5.1.Judas.mp4</link>
	<thumbnail>https://i.jeded.com/i/die-hard-2-die-harder.15820.jpg</thumbnail>
	<fanart>https://i.imgur.com/9rwoFrr.jpg</fanart>
</item>

<item>
	<title>The Krays 1991 HD</title>
	<link>https://openload.co/f/J6jKoZisO3E/kray.mp4</link>
	<thumbnail>http://4.bp.blogspot.com/-RCegl1KrMN0/Vfv9qO12pTI/AAAAAAAAop8/2T6HEIDNOto/s1600/1FPqVdLNjz2lc25r76MoRLXXJcA.jpg</thumbnail>
	<fanart>https://i.imgur.com/9rwoFrr.jpg</fanart>
</item>

<item>
	<title>Legend (The Krays) FHD</title>
	<link>https://openload.co/f/2OqCf7grLAc/Legend.2015.1080p.BRRip.x264.AAC-ETRG.mp4</link>
	<thumbnail>https://metrouk2.files.wordpress.com/2015/07/legend.jpg?w=748&h=1105&crop=1</thumbnail>
	<fanart>https://i.imgur.com/9rwoFrr.jpg</fanart>
</item>

<item>
	<title>Blade Runner FHD</title>
	<link>https://openload.co/f/vxnQxdfWrzk/Blade.Runner.1982.Final.Cut.1080p.BluRay.x264.anoXmous_.mp4</link>
	<thumbnail>https://upload.wikimedia.org/wikipedia/en/5/53/Blade_Runner_poster.jpg</thumbnail>
	<fanart>https://i.imgur.com/9rwoFrr.jpg</fanart>
</item>

<item>
	<title>This Is England HD</title>
	<link>https://openload.co/f/5u_dCqutO3E/This.Is.England.2006.720p.BRRip.900MB.MkvCage.mkv.mp4</link>
	<thumbnail>https://www.cinematerial.com/media/posters/md/bz/bzkppogd.jpg?v=1456766578</thumbnail>
	<fanart>https://i.imgur.com/9rwoFrr.jpg</fanart>
</item>

<item>
	<title>Dead Mans Shoes HD</title>
	<link>https://openload.co/f/ZJj32EGsKng/dms.mp4</link>
	<thumbnail>http://www.severed-cinema.com/images/abcd/dead-mans-shoes/dead-man's-shoes-dvd.jpg</thumbnail>
	<fanart>https://i.imgur.com/9rwoFrr.jpg</fanart>
</item>

<item>
	<title>Tyrannosaur HD</title>
	<link>https://openload.co/f/dB9Z_Ir03wU/tyran.mp4</link>
	<thumbnail>http://www.filmofilia.com/wp-content/uploads/2012/03/Tyrannosaur_poster5.jpg</thumbnail>
	<fanart>https://i.imgur.com/9rwoFrr.jpg</fanart>
</item>

<item>
	<title>Rambo First Blood Part I HD</title>
	<link>https://openload.co/f/74KkuhsJ6O4/Rambo_1_1982.mp4</link>
	<thumbnail>http://cdn.collider.com/wp-content/uploads/2015/09/rambo-first-blood-poster-stream-this.jpg</thumbnail>
	<fanart>https://i.imgur.com/9rwoFrr.jpg</fanart>
</item>

<item>
	<title>Rambo First Blood Part II HD</title>
	<link>https://openload.co/f/oaPb9v-2W8g/Rambo_2_1985.mp4</link>
	<thumbnail>https://cdn.europosters.eu/image/1300/posters/rambo-first-blood-part-2-i3542.jpg</thumbnail>
	<fanart>https://i.imgur.com/9rwoFrr.jpg</fanart>
</item>

<item>
	<title>Rocky FHD</title>
	<link>https://openload.co/f/pWfufrjUdXk/Rocky.1976.1080p.BrRip.x264.YIFY.mp4</link>
	<thumbnail>https://www.movieposter.com/posters/archive/main/228/MPW-114094</thumbnail>
	<fanart>https://i.imgur.com/9rwoFrr.jpg</fanart>
</item>

<item>
	<title>Rocky II FHD</title>
	<link>https://openload.co/f/pl3SN7o91eU/Rocky.II.1979.1080p.BrRip.x264.YIFY.mp4</link>
	<thumbnail>https://s-media-cache-ak0.pinimg.com/736x/cf/f3/6d/cff36da1e6816ffb905ec4cd7d22f04e--rocky-ii-movie-sequels.jpg</thumbnail>
	<fanart>https://i.imgur.com/9rwoFrr.jpg</fanart>
</item>

<item>
	<title>Rocky III FHD</title>
	<link>https://openload.co/f/5aXpOmyk_W4/Rocky.III.1982.1080p.BrRip.x264.YIFY.mp4</link>
	<thumbnail>https://www.cinematerial.com/media/posters/md/bj/bj5jssqt.jpg?v=1456604558</thumbnail>
	<fanart>https://i.imgur.com/9rwoFrr.jpg</fanart>
</item>

<item>
	<title>Rocky IV FHD</title>
	<link>https://openload.co/f/SQe9RvJfMU8/Rocky.IV.1985.1080p.BrRip.x264.YIFY.mp4</link>
	<thumbnail>https://www.movieposter.com/posters/archive/main/30/MPW-15447</thumbnail>
	<fanart>https://i.imgur.com/9rwoFrr.jpg</fanart>
</item>

<item>
	<title>Rocky V FHD</title>
	<link>https://openload.co/f/ql7KB1rKFLk/Rocky.V.1990.1080p.BrRip.x264.YIFY.mp4</link>
	<thumbnail>https://images-na.ssl-images-amazon.com/images/I/519RESMWT0L.jpg</thumbnail>
	<fanart>https://i.imgur.com/9rwoFrr.jpg</fanart>
</item>

<item>
	<title>The Matrix FHD</title>
	<link>https://openload.co/f/c075zc6_Ih0/The.Matrix.1999.1080p.BrRip.x264.YIFY.mp4</link>
	<thumbnail>https://fanart.tv/fanart/movies/603/movieposter/the-matrix-570449138c634.jpg</thumbnail>
	<fanart>https://i.imgur.com/9rwoFrr.jpg</fanart>
</item>

<item>
	<title>The Matrix Reloaded FHD</title>
	<link>https://openload.co/f/u8iJwFE1m-Q/The.Matrix.Reloaded.2003.1080p.BrRip.x264.YIFY.mp4</link>
	<thumbnail>https://fanart.tv/fanart/movies/604/movieposter/the-matrix-reloaded-5236744339bde.jpg</thumbnail>
	<fanart>https://i.imgur.com/9rwoFrr.jpg</fanart>
</item>

<item>
	<title>The Matrix Revolutions FHD</title>
	<link>https://openload.co/f/geuILPrZ-Do/The.Matrix.Revolutions.2003.1080p.BrRip.x264.YIFY.mp4</link>
	<thumbnail>http://www.matrixfans.net/thematrix3/images/posters/rv_poster_smith_int.jpg</thumbnail>
	<fanart>https://i.imgur.com/9rwoFrr.jpg</fanart>
</item>

<item>
	<title>Full Metal Jacket FHD 10Bit</title>
	<link>https://openload.co/f/kFnbzXqrByg/Full_Metal_Jacket_1987_Deluxe_Edition_%281080p_x265_10bit_Joy%29.mkv</link>
	<thumbnail>https://68.media.tumblr.com/4ba1d6261acc361963ae0717efb142b9/tumblr_o5rdzlZXlW1v96fx4o1_1280.jpg</thumbnail>
	<fanart>https://i.imgur.com/9rwoFrr.jpg</fanart>
</item>

<item>
	<title>Quadrophenia HD</title>
	<link>https://openload.co/f/vJt5gEp3gT4/Quadrophenia_1979_720p_BRRip_.mkv.mp4</link>
	<thumbnail>https://s-media-cache-ak0.pinimg.com/originals/0e/8d/95/0e8d95b56c9fbc648bf08ff2a68cf72f.jpg</thumbnail>
	<fanart>https://i.imgur.com/9rwoFrr.jpg</fanart>
</item>

<item>
	<title>Convoy FHD</title>
	<link>https://openload.co/f/Re-zrwk7CHY/Convoy.1978.720p.BluRay.x264.YIFY.mp4</link>
	<thumbnail>http://images.moviepostershop.com/convoy-movie-poster-1978-1020195366.jpg</thumbnail>
	<fanart>https://i.imgur.com/9rwoFrr.jpg</fanart>
</item>

<item>
	<title>Monty Python And The Holy Grail FHD</title>
	<link>https://openload.co/f/ApcA0dBpWmU/Monty_Python_and_the_Holy_Grail.mkv</link>
	<thumbnail>http://www.movieposters101.com/gallery/Hollywood/1975/Monty_Python_and_the_Holy_Grail/2013/7/9/Monty_Python_and_the_Holy_Grail_1975_Movie_Poster_4_hnbrw_movieposters101(com).JPG</thumbnail>
	<fanart>https://i.imgur.com/9rwoFrr.jpg</fanart>
</item>

<item>
	<title>The Life Of Brian FHD</title>
	<link>https://openload.co/f/a9Rg26cXfkY/Life.Of.Brian..1979.1080p.BluRay.X264.YIFY.mp4</link>
	<thumbnail>http://www.readygopodcast.com/wp-content/uploads/2013/02/936full-life-of-brian-poster.jpg</thumbnail>
	<fanart>https://i.imgur.com/9rwoFrr.jpg</fanart>
</item>

<item>
	<title>National Lampoons Animal House FHD</title>
	<link>https://openload.co/f/r6tVjR-YG3w/animal.mp4</link>
	<thumbnail>http://www.cinemit.com/images/coolposters/animalhouse.jpg</thumbnail>
	<fanart>https://i.imgur.com/9rwoFrr.jpg</fanart>
</item>

<item>
	<title>Pink Floyd The Wall 1982 FHD</title>
	<link>https://openload.co/f/5ebjmVJmf0c/Pink_Floyd_The_Wall_-_Drama_Musical_Eng_Subs_1080p_%5BH264-mp4%5D.mp4</link>
	<thumbnail>http://pics.filmaffinity.com/The_Wall-803804838-large.jpg</thumbnail>
	<fanart>https://i.imgur.com/9rwoFrr.jpg</fanart>
</item>

<item>
	<title>Ted FHD</title>
	<link>https://openload.co/f/k8Ivbc2UQTI/Ted.2012.BluRay.1080p.x264.YIFY.mp4</link>
	<thumbnail>http://4.bp.blogspot.com/-zPmBB7jcvc8/UdLLUldSjBI/AAAAAAAAAwM/fnoPHjL8rNo/s1600/Ted+the+movie+poster...jpg</thumbnail>
	<fanart>https://i.imgur.com/9rwoFrr.jpg</fanart>
</item>