<item>
	<title>Davina Fit in 15 (2015)</title>
	<link>http://36.download.real-debrid.com/r/5WYMOD4HRQQA2/Davina%20Fit%20in%2015.iso.ISO</link>
	<thumbnail>https://images-na.ssl-images-amazon.com/images/I/71BuPy5mJSL._SL1500_.jpg</thumbnail>
	<fanart>https://images-na.ssl-images-amazon.com/images/I/71BuPy5mJSL._SL1500_.jpg</fanart>
</item>


<dir>
	<name>[B]INSANITY WORKOUT[/B]</name>
	<link>file://lists/fitness/Insanity.xml</link>
	<thumbnail>https://images-na.ssl-images-amazon.com/images/I/615QTJRiPIL.jpg</thumbnail>
	<fanart>https://www.lifestyleupdated.com/wp-content/uploads/2012/10/shaun-t-insanity-group.jpg</fanart>
</dir>

<plugin>
	<title>[B]30 Minute HIIT Cardio and Lower Body Strength Workout[/B]</title>
	<link>plugin://plugin.video.youtube/playlist/PLCFB1EDF24798F84E/</link>
	<thumbnail/>
</plugin>

<plugin>
	<title>[B]At Home Glute Workout[/B]</title>
	<link>plugin://plugin.video.youtube/playlist/PLkoA185FDMCOhGs66jHw9CZiBe1ZKAaa6/</link>
	<thumbnail/>
</plugin>

<plugin>
	<title>[B]5 Day Challenge[/B]</title>
	<link>plugin://plugin.video.youtube/playlist/PLkoA185FDMCNa4nubol0RUV6vuLXafhaE/</link>
	<thumbnail/>
</plugin>

<plugin>
	<title>[B]Lower Body HIIT for Strong Legs[/B]</title>
	<link>plugin://plugin.video.youtube/playlist/PLkoA185FDMCOTFnilNrjSaSrCi3ocuire/</link>
	<thumbnail/>
</plugin>

<plugin>
	<title>[B]At Home Abs Workouts[/B]</title>
	<link>plugin://plugin.video.youtube/playlist/PL5lPziO_t_VgfB_jYUsKy2dkYi_bMNBYP/</link>
	<thumbnail/>
</plugin>

<plugin>
	<title>[B]Cardio Workout[/B]</title>
	<link>plugin://plugin.video.youtube/playlist/PLkoA185FDMCNyFbzaY15nc0rK6mCocD2H/</link>
	<thumbnail/>
</plugin>

<plugin>
	<title>[B]Full-Body Dumbell Workout[/B]</title>
	<link>plugin://plugin.video.youtube/playlist/PLkoA185FDMCM7Eu7AdJvgANo_wy0jd1Vh/</link>
	<thumbnail/>
</plugin>

<plugin>
	<title>[B]Zumba Workout[/B]</title>
	<link>plugin://plugin.video.youtube/playlist/PLkoA185FDMCOAXCxzQ8Q4dZq_gNoopqWE/</link>
	<thumbnail/>
</plugin>


