		<Layouttype>List</Layouttype>
		
        <plugin>
			<name>[COLOR red]NEW[/COLOR] [B]MOBDRO[/B]</name>
			<link>plugin://script.module.mobdro</link>
			<thumbnail></thumbnail>
			<fanart></fanart>
			<summary>Mobdro Live TV</summary>
        </plugin>

		<dir>
			<title/>
			<m3u>http://</m3u>
		</dir>
		
		<dir>
			<title>Tv Channels</title>
			<Airtable>tv_channels</Airtable>
		</dir>

		<dir>
			<title/>
			<m3u>http://</m3u>
		</dir>

		<item>
			<title>[B]BBC ONE HD[/B]</title>
			<link>http://a.files.bbci.co.uk/media/live/manifesto/audio_video/simulcast/hls/uk/abr_hdtv/ak/bbc_one_hd.m3u8</link>
			<thumbnail>https://www.freeview.co.uk/app/themes/freeview/assets/images/channels/hd/bbconehd.png</thumbnail>
			<summary>Bbc1 HD</summary>
		</item>

		<item>
			<title>[B]BBC TWO HD[/B]</title>
			<link>http://a.files.bbci.co.uk/media/live/manifesto/audio_video/simulcast/hls/uk/abr_hdtv/llnw/bbc_two_england.m3u8</link>
			<thumbnail>https://www.freeview.co.uk/app/themes/freeview/assets/images/channels/hd/bbctwohd.png</thumbnail>
			<summary>Bbc2 HD</summary>
		</item>

		<item>
			<title>[B]BLAZE HD[/B]</title>
			<link>http://live.blaze.simplestreamcdn.com/blaze/5/prog_index.m3u8</link>
			<thumbnail>http://www.blaze.tv/assets/blaze/images/logo_blaze.png</thumbnail>
			<fanart>https://upload.wikimedia.org/wikipedia/en/6/68/Pawn_Stars_cast.png</fanart>
			<summary>Blaze for all your hardcore pawn/pawn stars/storage wars etc...</summary>			
		</item>

		<item>
			<title>[B]SKY NEWS HD[/B]</title>
			<link>http://skydvn-nowtv-atv-prod.skydvn.com/atv/skynews/1404/live/04.m3u8</link>
			<thumbnail>https://news.sky.com/assets/2018/sky-news-logo.png</thumbnail>
		</item>

		<item>
			<title>Sky Movies Select [COLOR aqua]HD[/COLOR]</title>
			<link>http://wowza2.mysoltv.com:1992/UK_ENG_Sky_Movie_select/index.m3u8</link>
			<thumbnail>https://upload.wikimedia.org/wikipedia/commons/4/44/Sky_Cinema_Select_DE_Logo_2016.png</thumbnail>
		</item>

		<item>
			<title>Sky Premiere [COLOR aqua]HD[/COLOR]</title>
			<link>http://wowza2.mysoltv.com:1992/UK_ENG_Sky_Movie_premium/index.m3u8</link>
			<thumbnail>http://vignette3.wikia.nocookie.net/logopedia/images/0/08/Sky-Movies-Premiere.png/revision/latest?cb=20111118185228</thumbnail>
		</item>

		<item>
			<title>Sky Greats [COLOR aqua]HD[/COLOR]</title>
			<link>http://wowza2.mysoltv.com:1992/UK_ENG_Sky_Movie_greats/index.m3u8</link>
			<thumbnail>http://vignette2.wikia.nocookie.net/logopedia/images/9/9a/Sky-Movies-Modern-Greats.png/revision/latest?cb=20111118190641</thumbnail>
		</item>

		<item>
			<title>Sky Family [COLOR aqua]HD[/COLOR]</title>
			<link>http://wowza2.mysoltv.com:1992/UK_ENG_Sky_Movie_family/index.m3u8</link>
			<thumbnail>http://vignette3.wikia.nocookie.net/logopedia/images/2/24/Sky-Movies-HD-Family.png/revision/latest?cb=20111119124035</thumbnail>
		</item>

		<item>
			<title>Sky Disney [COLOR aqua]HD[/COLOR]</title>
			<link>http://wowza2.mysoltv.com:1992/UK_ENG_Sky_Movie_disney/index.m3u8</link>
			<thumbnail>http://vignette1.wikia.nocookie.net/disney/images/c/ce/Media-sky-movies-disney_1.jpg/revision/latest?cb=20130324202349</thumbnail>
		</item>

		<item>
			<title>Sky Comedy [COLOR aqua]HD[/COLOR]</title>
			<link>http://wowza2.mysoltv.com:1992/UK_ENG_Sky_Movie_comedy/index.m3u8</link>
			<thumbnail>http://vignette1.wikia.nocookie.net/logopedia/images/c/c6/Sky-Movies-Comedy.png/revision/latest?cb=20111118185407</thumbnail>
		</item>

		<item>
			<title>Sky Action [COLOR aqua]HD[/COLOR]</title>
			<link>http://wowza2.mysoltv.com:1992/UK_ENG_Sky_Action&Adventure_gd/index.m3u8</link>
			<thumbnail>http://vignette2.wikia.nocookie.net/logopedia/images/f/f0/Sky_uk_movies_action_adventure_hd.png/revision/latest?cb=20140329135514</thumbnail>
		</item>

		<item>
			<title>Sky Thriller [COLOR aqua]HD[/COLOR]</title>
			<link>http://wowza2.mysoltv.com:1992/UK_ENG_Sky_Movie_thriller/index.m3u8</link>
			<thumbnail>http://www.shoofeetv.com/images/2013/09/20130902215244_channelsbig.png</thumbnail>
		</item>

		<item>
			<title>Film4 [COLOR aqua]HD[/COLOR]</title>
			<link>https://par-5.firstone.tv/hls/1235f399-733f-8ac4-8735-fd7e60800899.m3u8</link>
			<thumbnail>https://i.ytimg.com/vi/-o3VLgdTX8U/maxresdefault.jpg</thumbnail>
		</item>

		<item>
			<title>Movies4Men [COLOR aqua]HD[/COLOR]</title>
			<link>http://wowza2.mysoltv.com:1992/UK_ENG_movies_4men/index.m3u8</link>
			<thumbnail>https://i.imgur.com/vZV5URc.jpg</thumbnail>
		</item>
