<dipshit>
	<wannabe>
		<item>
			<title>Temptation: Confessions of a Marriage Counselor (2013)</title>
			<meta>
				<content>movie</content>
				<imdb>tt2070862</imdb>
				<title>Temptation: Confessions of a Marriage Counselor</title>
				<year>2013</year>
			</meta>
			<link>
				<sublink>searchhd</sublink>
				<sublink>searchsd</sublink>
			</link>
			<thumbnail>https://image.tmdb.org/t/p/w1280/unJXZA2IeJ6aTs7tplTTbVRgBjZ.jpg</thumbnail>
			<fanart>https://image.tmdb.org/t/p/w1280/y0F3zYnrkODYs2NzHRknzhVJTbh.jpg</fanart>
		</item>
		<item>
			<title>Texas Killing Fields (2011)</title>
			<meta>
				<content>movie</content>
				<imdb>tt1389127</imdb>
				<title>Texas Killing Fields</title>
				<year>2011</year>
			</meta>
			<link>
				<sublink>searchhd</sublink>
				<sublink>searchsd</sublink>
			</link>
			<thumbnail>https://image.tmdb.org/t/p/w1280/rvM3xqGDoNwXhzfO7qTLlIU8DZ8.jpg</thumbnail>
			<fanart>https://image.tmdb.org/t/p/w1280/jHh5Oy4NZIV4UuuR70hNsND9Uap.jpg</fanart>
		</item>
		<item>
			<title>That Awkward Moment (2014)</title>
			<meta>
				<content>movie</content>
				<imdb>tt1800246</imdb>
				<title>That Awkward Moment</title>
				<year>2014</year>
			</meta>
			<link>
				<sublink>searchhd</sublink>
				<sublink>searchsd</sublink>
			</link>
			<thumbnail>https://image.tmdb.org/t/p/w1280/lvj2Nqr9RLA6ichyui5Th8oZq5s.jpg</thumbnail>
			<fanart>https://image.tmdb.org/t/p/w1280/unSGNsOvQgTHkIAFMeXzEZ24RB4.jpg</fanart>
		</item>
		<item>
			<title>The 13th Warrior (1999)</title>
			<meta>
				<content>movie</content>
				<imdb>tt0120657</imdb>
				<title>The 13th Warrior</title>
				<year>1999</year>
			</meta>
			<link>
				<sublink>searchhd</sublink>
				<sublink>searchsd</sublink>
			</link>
			<thumbnail>https://image.tmdb.org/t/p/w1280/ooR8S0O0ZgxK2OBnT1GWHrr9w92.jpg</thumbnail>
			<fanart>https://image.tmdb.org/t/p/w1280/mrjQsj4BtLtHj6Qcvp7n9XxdDnx.jpg</fanart>
		</item>
		<item>
			<title>The Blind Side (2009)</title>
			<meta>
				<content>movie</content>
				<imdb>tt0878804</imdb>
				<title>The Blind Side</title>
				<year>2009</year>
			</meta>
			<link>
				<sublink>searchhd</sublink>
				<sublink>searchsd</sublink>
			</link>
			<thumbnail>https://image.tmdb.org/t/p/w1280/wEGFSgPebLk6g1ngKsJ6a46PYLV.jpg</thumbnail>
			<fanart>https://image.tmdb.org/t/p/w1280/qVjKZMB0IdOc2JlwiiGsuKTvTJs.jpg</fanart>
		</item>
		<item>
			<title>The Bling Ring (2013)</title>
			<meta>
				<content>movie</content>
				<imdb>tt2132285</imdb>
				<title>The Bling Ring</title>
				<year>2013</year>
			</meta>
			<link>
				<sublink>searchhd</sublink>
				<sublink>searchsd</sublink>
			</link>
			<thumbnail>https://image.tmdb.org/t/p/w1280/9Z2KAOP1X3ACE22moHu9QdYUK7U.jpg</thumbnail>
			<fanart>https://image.tmdb.org/t/p/w1280/nq4fAIN7oIn3NUP4mqZZACmhMAo.jpg</fanart>
		</item>
		<item>
			<title>The Company You Keep (2012)</title>
			<meta>
				<content>movie</content>
				<imdb>tt1381404</imdb>
				<title>The Company You Keep</title>
				<year>2012</year>
			</meta>
			<link>
				<sublink>searchhd</sublink>
				<sublink>searchsd</sublink>
			</link>
			<thumbnail>https://image.tmdb.org/t/p/w1280/8tP3MK8A5Qah2bMHcXB6E7QF1aN.jpg</thumbnail>
			<fanart>https://image.tmdb.org/t/p/w1280/2p4dSrGUij4Geg17C2N7augYL4T.jpg</fanart>
		</item>
		<item>
			<title>The Counselor (2013)</title>
			<meta>
				<content>movie</content>
				<imdb>tt2193215</imdb>
				<title>The Counselor</title>
				<year>2013</year>
			</meta>
			<link>
				<sublink>searchhd</sublink>
				<sublink>searchsd</sublink>
			</link>
			<thumbnail>https://image.tmdb.org/t/p/w1280/uxp6rHVBzUqZCyTaUI8xzUP5sOf.jpg</thumbnail>
			<fanart>https://image.tmdb.org/t/p/w1280/aWqyoI3u1PigWrXAMyeX568vTXW.jpg</fanart>
		</item>
		<item>
			<title>The Departed (2006)</title>
			<meta>
				<content>movie</content>
				<imdb>tt0407887</imdb>
				<title>The Departed</title>
				<year>2006</year>
			</meta>
			<link>
				<sublink>searchhd</sublink>
				<sublink>searchsd</sublink>
			</link>
			<thumbnail>https://image.tmdb.org/t/p/w1280/tGLO9zw5ZtCeyyEWgbYGgsFxC6i.jpg</thumbnail>
			<fanart>https://image.tmdb.org/t/p/w1280/8Od5zV7Q7zNOX0y9tyNgpTmoiGA.jpg</fanart>
		</item>
		<item>
			<title>The Devil's Advocate (1997)</title>
			<meta>
				<content>movie</content>
				<imdb>tt0118971</imdb>
				<title>The Devil's Advocate</title>
				<year>1997</year>
			</meta>
			<link>
				<sublink>searchhd</sublink>
				<sublink>searchsd</sublink>
			</link>
			<thumbnail>https://image.tmdb.org/t/p/w1280/eSivb4EyOAyEum70mOSHtAWiUe3.jpg</thumbnail>
			<fanart>https://image.tmdb.org/t/p/w1280/A6KRu9aQmf2bKpHjlaVXmiSA3iv.jpg</fanart>
		</item>
		<item>
			<title>The Eagle (2011)</title>
			<meta>
				<content>movie</content>
				<imdb>tt1034389</imdb>
				<title>The Eagle</title>
				<year>2011</year>
			</meta>
			<link>
				<sublink>searchhd</sublink>
				<sublink>searchsd</sublink>
			</link>
			<thumbnail>https://image.tmdb.org/t/p/w1280/1e3SKFIEy8zPYICzQXBqeKM6xx8.jpg</thumbnail>
			<fanart>https://image.tmdb.org/t/p/w1280/aRL0VSl58stheyPRVDRtgbq1TEx.jpg</fanart>
		</item>
		<item>
			<title>The Family (2013)</title>
			<meta>
				<content>movie</content>
				<imdb>tt2404311</imdb>
				<title>The Family</title>
				<year>2013</year>
			</meta>
			<link>
				<sublink>searchhd</sublink>
				<sublink>searchsd</sublink>
			</link>
			<thumbnail>https://image.tmdb.org/t/p/w1280/9Qnug9QrwUCQhd7dSfGJfJMO1zS.jpg</thumbnail>
			<fanart>https://image.tmdb.org/t/p/w1280/3igy0yH1ihCBbvzWo2AeldRzbSg.jpg</fanart>
		</item>
		<item>
			<title>The Fan (1996)</title>
			<meta>
				<content>movie</content>
				<imdb>tt0116277</imdb>
				<title>The Fan</title>
				<year>1996</year>
			</meta>
			<link>
				<sublink>searchhd</sublink>
				<sublink>searchsd</sublink>
			</link>
			<thumbnail>https://image.tmdb.org/t/p/w1280/fdW8T9kkYlPyOGh0V5eodFr8SQq.jpg</thumbnail>
			<fanart>https://image.tmdb.org/t/p/w1280/bFITxFD1GXRLdsb3AErnPPliNi9.jpg</fanart>
		</item>
		<item>
			<title>The Fate of the Furious (2017)</title>
			<meta>
				<content>movie</content>
				<imdb>tt4630562</imdb>
				<title>The Fate of the Furious</title>
				<year>2017</year>
			</meta>
			<link>
				<sublink>searchhd</sublink>
				<sublink>searchsd</sublink>
			</link>
			<thumbnail>https://image.tmdb.org/t/p/w1280/dImWM7GJqryWJO9LHa3XQ8DD5NH.jpg</thumbnail>
			<fanart>https://image.tmdb.org/t/p/w1280/jzdnhRhG0dsuYorwvSqPqqnM1cV.jpg</fanart>
		</item>
		<item>
			<title>The Fugitive (1993)</title>
			<meta>
				<content>movie</content>
				<imdb>tt0106977</imdb>
				<title>The Fugitive</title>
				<year>1993</year>
			</meta>
			<link>
				<sublink>searchhd</sublink>
				<sublink>searchsd</sublink>
			</link>
			<thumbnail>https://image.tmdb.org/t/p/w1280/3gzLGFBoJM1xlNk0Ulzp0cJ6uPp.jpg</thumbnail>
			<fanart>https://image.tmdb.org/t/p/w1280/nhLNyUCyyrTaTNOqwJ2Xlp9qYb4.jpg</fanart>
		</item>
		<item>
			<title>The Gift (2000)</title>
			<meta>
				<content>movie</content>
				<imdb>tt0219699</imdb>
				<title>The Gift</title>
				<year>2000</year>
			</meta>
			<link>
				<sublink>searchhd</sublink>
				<sublink>searchsd</sublink>
			</link>
			<thumbnail>https://image.tmdb.org/t/p/w1280/mC66QbJk1PbUrVMu3kh14adLpQl.jpg</thumbnail>
			<fanart>https://image.tmdb.org/t/p/w1280/17DPnjwKCVZKWwHAtGUt6XeO1MB.jpg</fanart>
		</item>
		<item>
			<title>The Gunman (2015)</title>
			<meta>
				<content>movie</content>
				<imdb>tt2515034</imdb>
				<title>The Gunman</title>
				<year>2015</year>
			</meta>
			<link>
				<sublink>searchhd</sublink>
				<sublink>searchsd</sublink>
			</link>
			<thumbnail>https://image.tmdb.org/t/p/w1280/k7WX4UTkiWqef3pM20iuj122mL7.jpg</thumbnail>
			<fanart>https://image.tmdb.org/t/p/w1280/jVU1bRNcXCfX9LC8pj9Hp9McN7x.jpg</fanart>
		</item>
		<item>
			<title>The Heat (2013)</title>
			<meta>
				<content>movie</content>
				<imdb>tt2404463</imdb>
				<title>The Heat</title>
				<year>I 2013</year>
			</meta>
			<link>
				<sublink>searchhd</sublink>
				<sublink>searchsd</sublink>
			</link>
			<thumbnail>https://image.tmdb.org/t/p/w1280/tM3hDt8JcU8Y8i6vzTcbnocM2bx.jpg</thumbnail>
			<fanart>https://image.tmdb.org/t/p/w1280/2wKw8M6g7wj0RNz9zAeqU9s1BKl.jpg</fanart>
		</item>
		<item>
			<title>The Host (2013)</title>
			<meta>
				<content>movie</content>
				<imdb>tt1517260</imdb>
				<title>The Host</title>
				<year>2013</year>
			</meta>
			<link>
				<sublink>searchhd</sublink>
				<sublink>searchsd</sublink>
			</link>
			<thumbnail>https://image.tmdb.org/t/p/w1280/jnPOLAPQLhqMeDLV2BsQfrd6R11.jpg</thumbnail>
			<fanart>https://image.tmdb.org/t/p/w1280/j69L2Fhp6LpVNyn0FqQtoQGlw3r.jpg</fanart>
		</item>
		<item>
			<title>The Hunger (1983)</title>
			<meta>
				<content>movie</content>
				<imdb>tt0085701</imdb>
				<title>The Hunger</title>
				<year>1983</year>
			</meta>
			<link>
				<sublink>searchhd</sublink>
				<sublink>searchsd</sublink>
			</link>
			<thumbnail>https://image.tmdb.org/t/p/w1280/ua5BKMRDqchLWQiJi7HfXlxELec.jpg</thumbnail>
			<fanart>https://image.tmdb.org/t/p/w1280/nSeLgxW7GDJ1iWLlgghBJD0vtej.jpg</fanart>
		</item>
		<item>
			<title>The Hunt for Red October (1990)</title>
			<meta>
				<content>movie</content>
				<imdb>tt0099810</imdb>
				<title>The Hunt for Red October</title>
				<year>1990</year>
			</meta>
			<link>
				<sublink>searchhd</sublink>
				<sublink>searchsd</sublink>
			</link>
			<thumbnail>https://image.tmdb.org/t/p/w1280/bqvlKYlWq2uibsuVzKTWseeccd2.jpg</thumbnail>
			<fanart>https://image.tmdb.org/t/p/w1280/pXBGI43RCsbxNQNEPnkXC6GQMx3.jpg</fanart>
		</item>
		<item>
			<title>The Hurt Locker (2008)</title>
			<meta>
				<content>movie</content>
				<imdb>tt0887912</imdb>
				<title>The Hurt Locker</title>
				<year>2008</year>
			</meta>
			<link>
				<sublink>searchhd</sublink>
				<sublink>searchsd</sublink>
			</link>
			<thumbnail>https://image.tmdb.org/t/p/w1280/uduCNFTuEcbvhvK8rrvNdf3ahzW.jpg</thumbnail>
			<fanart>https://image.tmdb.org/t/p/w1280/3iPnZOXR9mpcK8RwvAW7b7Axr8v.jpg</fanart>
		</item>
		<item>
			<title>The Insider (1999)</title>
			<meta>
				<content>movie</content>
				<imdb>tt0140352</imdb>
				<title>The Insider</title>
				<year>1999</year>
			</meta>
			<link>
				<sublink>searchhd</sublink>
				<sublink>searchsd</sublink>
			</link>
			<thumbnail>https://image.tmdb.org/t/p/w1280/sYQsmMl4oG56NtFaNkDxuJhhODa.jpg</thumbnail>
			<fanart>https://image.tmdb.org/t/p/w1280/xra1bQnjUUNHSebQeRNKJdO2oJ6.jpg</fanart>
		</item>
		<item>
			<title>The International (2009)</title>
			<meta>
				<content>movie</content>
				<imdb>tt0963178</imdb>
				<title>The International</title>
				<year>I 2009</year>
			</meta>
			<link>
				<sublink>searchhd</sublink>
				<sublink>searchsd</sublink>
			</link>
			<thumbnail>https://image.tmdb.org/t/p/w1280/xwH65cbBMAoZ01kcRpQw2dCRsw0.jpg</thumbnail>
			<fanart>https://image.tmdb.org/t/p/w1280/bADjtiEq2kQ75UHkdnIe13CftsX.jpg</fanart>
		</item>
		<item>
			<title>The Island (2005)</title>
			<meta>
				<content>movie</content>
				<imdb>tt0399201</imdb>
				<title>The Island</title>
				<year>2005</year>
			</meta>
			<link>
				<sublink>searchhd</sublink>
				<sublink>searchsd</sublink>
			</link>
			<thumbnail>https://image.tmdb.org/t/p/w1280/zE9OTe7JvcX1jyFXs0GEL2f3RkZ.jpg</thumbnail>
			<fanart>https://image.tmdb.org/t/p/w1280/7gckgf6lmlKsjtkmS8O0oT3iEev.jpg</fanart>
		</item>
		<item>
			<title>The Kingdom (2007)</title>
			<meta>
				<content>movie</content>
				<imdb>tt0431197</imdb>
				<title>The Kingdom</title>
				<year>2007</year>
			</meta>
			<link>
				<sublink>searchhd</sublink>
				<sublink>searchsd</sublink>
			</link>
			<thumbnail>https://image.tmdb.org/t/p/w1280/83eJJlHscLsi9DHsqsyk1hIXL83.jpg</thumbnail>
			<fanart>https://image.tmdb.org/t/p/w1280/zGP9UgLsMUZUlZwR2s6wUk0Qgp5.jpg</fanart>
		</item>
		<item>
			<title>The Last Boy Scout (1991)</title>
			<meta>
				<content>movie</content>
				<imdb>tt0102266</imdb>
				<title>The Last Boy Scout</title>
				<year>1991</year>
			</meta>
			<link>
				<sublink>searchhd</sublink>
				<sublink>searchsd</sublink>
			</link>
			<thumbnail>https://image.tmdb.org/t/p/w1280/cTl2WqsERuZ5vYmAmtfsPIJBLr0.jpg</thumbnail>
			<fanart>https://image.tmdb.org/t/p/w1280/7crRVZFSGSrDk0wR3Lahxr1Fb7P.jpg</fanart>
		</item>
		<item>
			<title>The Last Samurai (2003)</title>
			<meta>
				<content>movie</content>
				<imdb>tt0325710</imdb>
				<title>The Last Samurai</title>
				<year>2003</year>
			</meta>
			<link>
				<sublink>searchhd</sublink>
				<sublink>searchsd</sublink>
			</link>
			<thumbnail>https://image.tmdb.org/t/p/w1280/sLv5pXysIz7QbtKFJy85d5yxv2W.jpg</thumbnail>
			<fanart>https://image.tmdb.org/t/p/w1280/cQ6oBTUkkl26Ndmpte2wYEdACBu.jpg</fanart>
		</item>
		<item>
			<title>The Last of the Mohicans (1992)</title>
			<meta>
				<content>movie</content>
				<imdb>tt0104691</imdb>
				<title>The Last of the Mohicans</title>
				<year>1992</year>
			</meta>
			<link>
				<sublink>searchhd</sublink>
				<sublink>searchsd</sublink>
			</link>
			<thumbnail>https://image.tmdb.org/t/p/w1280/6FHoUoYrfmwXJsDIR0s8YvV1Ctj.jpg</thumbnail>
			<fanart>https://image.tmdb.org/t/p/w1280/fRkIu9XNb4Xi9k5ikAxGTiDrj1G.jpg</fanart>
		</item>
		<item>
			<title>The Legend of Hercules (2014)</title>
			<meta>
				<content>movie</content>
				<imdb>tt1043726</imdb>
				<title>The Legend of Hercules</title>
				<year>2014</year>
			</meta>
			<link>
				<sublink>searchhd</sublink>
				<sublink>searchsd</sublink>
			</link>
			<thumbnail>https://image.tmdb.org/t/p/w1280/eIHrBHeqfQodgEjSPdZWh9b5lV3.jpg</thumbnail>
			<fanart>https://image.tmdb.org/t/p/w1280/5W1jTxgPcoTKbXLb0fgMDrbphpH.jpg</fanart>
		</item>
		<item>
			<title>The Lone Ranger (2013)</title>
			<meta>
				<content>movie</content>
				<imdb>tt1210819</imdb>
				<title>The Lone Ranger</title>
				<year>2013</year>
			</meta>
			<link>
				<sublink>searchhd</sublink>
				<sublink>searchsd</sublink>
			</link>
			<thumbnail>https://image.tmdb.org/t/p/w1280/b4vil5ueYJNBNypHmo1tpuevh4z.jpg</thumbnail>
			<fanart>https://image.tmdb.org/t/p/w1280/sgcgfrlOOB6lVXbfl75YTszF4jI.jpg</fanart>
		</item>
		<item>
			<title>The Lords of Salem (2012)</title>
			<meta>
				<content>movie</content>
				<imdb>tt1731697</imdb>
				<title>The Lords of Salem</title>
				<year>2012</year>
			</meta>
			<link>
				<sublink>searchhd</sublink>
				<sublink>searchsd</sublink>
			</link>
			<thumbnail>https://image.tmdb.org/t/p/w1280/1McyfXZO1F0zfrpbqqz3DvvlZ73.jpg</thumbnail>
			<fanart>https://image.tmdb.org/t/p/w1280/1a7qD3kTVVIj8HDXXxviWJ1Hinu.jpg</fanart>
		</item>
		<item>
			<title>The Martian (2015)</title>
			<meta>
				<content>movie</content>
				<imdb>tt3659388</imdb>
				<title>The Martian</title>
				<year>2015</year>
			</meta>
			<link>
				<sublink>searchhd</sublink>
				<sublink>searchsd</sublink>
			</link>
			<thumbnail>https://image.tmdb.org/t/p/w1280/5aGhaIHYuQbqlHWvWYqMCnj40y2.jpg</thumbnail>
			<fanart>https://image.tmdb.org/t/p/w1280/sy3e2e4JwdAtd2oZGA2uUilZe8j.jpg</fanart>
		</item>
		<item>
			<title>The Mask of Zorro (1998)</title>
			<meta>
				<content>movie</content>
				<imdb>tt0120746</imdb>
				<title>The Mask of Zorro</title>
				<year>1998</year>
			</meta>
			<link>
				<sublink>searchhd</sublink>
				<sublink>searchsd</sublink>
			</link>
			<thumbnail>https://image.tmdb.org/t/p/w1280/QBxafkXiqUadYWsVZGhi8qyPT6.jpg</thumbnail>
			<fanart>https://image.tmdb.org/t/p/w1280/zQu6bClLL0wnrHDlQYA43wtSiWg.jpg</fanart>
		</item>
		<item>
			<title>Joan of Arc (1999)</title>
			<meta>
				<content>movie</content>
				<imdb>tt0151137</imdb>
				<title>Joan of Arc</title>
				<year>1999</year>
			</meta>
			<link>
				<sublink>searchhd</sublink>
				<sublink>searchsd</sublink>
			</link>
			<thumbnail>https://image.tmdb.org/t/p/w1280/3XCzDTqh4X5YHxwys0IOpDyi7ly.jpg</thumbnail>
			<fanart>https://image.tmdb.org/t/p/w1280/xh0UGiLqfM1OfRBvmQ5AVF4h0dj.jpg</fanart>
		</item>
		<item>
			<title>The Natural (1984)</title>
			<meta>
				<content>movie</content>
				<imdb>tt0087781</imdb>
				<title>The Natural</title>
				<year>1984</year>
			</meta>
			<link>
				<sublink>searchhd</sublink>
				<sublink>searchsd</sublink>
			</link>
			<thumbnail>https://image.tmdb.org/t/p/w1280/f1iPiQoYbQ40XsJHPyMIiBmSrDB.jpg</thumbnail>
			<fanart>https://image.tmdb.org/t/p/w1280/mZGGoFWy8pCUDse0iFTG6uEkQW9.jpg</fanart>
		</item>
		<item>
			<title>The Net (1995)</title>
			<meta>
				<content>movie</content>
				<imdb>tt0113957</imdb>
				<title>The Net</title>
				<year>1995</year>
			</meta>
			<link>
				<sublink>searchhd</sublink>
				<sublink>searchsd</sublink>
			</link>
			<thumbnail>https://image.tmdb.org/t/p/w1280/gKDNaAFzT21cSVeKQop7d1uhoSp.jpg</thumbnail>
			<fanart>https://image.tmdb.org/t/p/w1280/uBqa8nPu3HUtfSHtWqo7VhYG0Uc.jpg</fanart>
		</item>
		<item>
			<title>The Nice Guys (2016)</title>
			<meta>
				<content>movie</content>
				<imdb>tt3799694</imdb>
				<title>The Nice Guys</title>
				<year>2016</year>
			</meta>
			<link>
				<sublink>searchhd</sublink>
				<sublink>searchsd</sublink>
			</link>
			<thumbnail>https://image.tmdb.org/t/p/w1280/pbJ1vNwK9X6ZQm2vxarxcLJ0aGn.jpg</thumbnail>
			<fanart>https://image.tmdb.org/t/p/w1280/i7cfiBGnOZNQcT4zRHqQx1XGVT8.jpg</fanart>
		</item>
		<item>
			<title>The November Man (2014)</title>
			<meta>
				<content>movie</content>
				<imdb>tt2402157</imdb>
				<title>The November Man</title>
				<year>2014</year>
			</meta>
			<link>
				<sublink>searchhd</sublink>
				<sublink>searchsd</sublink>
			</link>
			<thumbnail>https://image.tmdb.org/t/p/w1280/lcg1bkriMVvc8m0jz5zk0yvzVTA.jpg</thumbnail>
			<fanart>https://image.tmdb.org/t/p/w1280/hSvpWAVXC781u5rOgI44799p2WL.jpg</fanart>
		</item>
		<item>
			<title>The Paperboy (2012)</title>
			<meta>
				<content>movie</content>
				<imdb>tt1496422</imdb>
				<title>The Paperboy</title>
				<year>2012</year>
			</meta>
			<link>
				<sublink>searchhd</sublink>
				<sublink>searchsd</sublink>
			</link>
			<thumbnail>https://image.tmdb.org/t/p/w1280/foYlHgTIT8PFOeHOFxBICDZmYrm.jpg</thumbnail>
			<fanart>https://image.tmdb.org/t/p/w1280/atMRLGuU69e2SVSY8A7EwhWz0ip.jpg</fanart>
		</item>
		<item>
			<title>The Patriot (2000)</title>
			<meta>
				<content>movie</content>
				<imdb>tt0187393</imdb>
				<title>The Patriot</title>
				<year>2000</year>
			</meta>
			<link>
				<sublink>searchhd</sublink>
				<sublink>searchsd</sublink>
			</link>
			<thumbnail>https://image.tmdb.org/t/p/w1280/tgXOraQmKatqrVs2KMgnNn6QpO.jpg</thumbnail>
			<fanart>https://image.tmdb.org/t/p/w1280/lFfll0tmi5a6p9RvSIxpKBbrxY2.jpg</fanart>
		</item>
		<item>
			<title>The Perks of Being a Wallflower (2012)</title>
			<meta>
				<content>movie</content>
				<imdb>tt1659337</imdb>
				<title>The Perks of Being a Wallflower</title>
				<year>2012</year>
			</meta>
			<link>
				<sublink>searchhd</sublink>
				<sublink>searchsd</sublink>
			</link>
			<thumbnail>https://image.tmdb.org/t/p/w1280/cyNQLnHnXZcTUDXVVSEYmquOTOI.jpg</thumbnail>
			<fanart>https://image.tmdb.org/t/p/w1280/yvZfKUEppwrBSnsawzZzfSQaKoN.jpg</fanart>
		</item>
		<item>
			<title>The Predator (2018)</title>
			<meta>
				<content>movie</content>
				<imdb>tt3829266</imdb>
				<title>The Predator</title>
				<year>2018</year>
			</meta>
			<link>
				<sublink>searchhd</sublink>
				<sublink>searchsd</sublink>
			</link>
			<thumbnail>https://image.tmdb.org/t/p/w1280/r12SXV9zoSxKpP5qoNTu4CoIsuB.jpg</thumbnail>
			<fanart>https://image.tmdb.org/t/p/w1280/wJf7utJdTo49FQ2PFih4a6tiEab.jpg</fanart>
		</item>
		<item>
			<title>The Replacement Killers (1998)</title>
			<meta>
				<content>movie</content>
				<imdb>tt0120008</imdb>
				<title>The Replacement Killers</title>
				<year>1998</year>
			</meta>
			<link>
				<sublink>searchhd</sublink>
				<sublink>searchsd</sublink>
			</link>
			<thumbnail>https://image.tmdb.org/t/p/w1280/w3a8vGtEyCPypK1muKOO6h1VLAY.jpg</thumbnail>
			<fanart>https://image.tmdb.org/t/p/w1280/4eOlKrgGDfTncQTwVhm2I4A5Tlo.jpg</fanart>
		</item>
		<item>
			<title>The Rock (1996)</title>
			<meta>
				<content>movie</content>
				<imdb>tt0117500</imdb>
				<title>The Rock</title>
				<year>1996</year>
			</meta>
			<link>
				<sublink>searchhd</sublink>
				<sublink>searchsd</sublink>
			</link>
			<thumbnail>https://image.tmdb.org/t/p/w1280/pAVaLJQBRM4JlZEGXvezwbxOd15.jpg</thumbnail>
			<fanart>https://image.tmdb.org/t/p/w1280/oxDIJiMnOebGkz1fD60SHbHhiTX.jpg</fanart>
		</item>
		<item>
			<title>The Specialist (1994)</title>
			<meta>
				<content>movie</content>
				<imdb>tt0111255</imdb>
				<title>The Specialist</title>
				<year>1994</year>
			</meta>
			<link>
				<sublink>searchhd</sublink>
				<sublink>searchsd</sublink>
			</link>
			<thumbnail>https://image.tmdb.org/t/p/w1280/flK0OtdFRvfbs5BixEqU327H8ZB.jpg</thumbnail>
			<fanart>https://image.tmdb.org/t/p/w1280/dcHU8hCNqo5TEPLJSX4nFW2jDVY.jpg</fanart>
		</item>
		<item>
			<title>The Taking of Pelham 123 (2009)</title>
			<meta>
				<content>movie</content>
				<imdb>tt1111422</imdb>
				<title>The Taking of Pelham 123</title>
				<year>2009</year>
			</meta>
			<link>
				<sublink>searchhd</sublink>
				<sublink>searchsd</sublink>
			</link>
			<thumbnail>https://image.tmdb.org/t/p/w1280/rqbG1uRKSNDLnDx1Jl7LBc4AtSy.jpg</thumbnail>
			<fanart>https://image.tmdb.org/t/p/w1280/eltn62uDNkDg27dhQS6nVvmLKIU.jpg</fanart>
		</item>
		<item>
			<title>The Thing (1982)</title>
			<meta>
				<content>movie</content>
				<imdb>tt0084787</imdb>
				<title>The Thing</title>
				<year>1982</year>
			</meta>
			<link>
				<sublink>searchhd</sublink>
				<sublink>searchsd</sublink>
			</link>
			<thumbnail>https://image.tmdb.org/t/p/w1280/s5fH3GqFcHbi2F0NSBSh4KRNTc0.jpg</thumbnail>
			<fanart>https://image.tmdb.org/t/p/w1280/7mdGrxp3ZL2OqNSrQ5LoYySi5MH.jpg</fanart>
		</item>
		<item>
			<title>The Thomas Crown Affair (1999)</title>
			<meta>
				<content>movie</content>
				<imdb>tt0155267</imdb>
				<title>The Thomas Crown Affair</title>
				<year>1999</year>
			</meta>
			<link>
				<sublink>searchhd</sublink>
				<sublink>searchsd</sublink>
			</link>
			<thumbnail>https://image.tmdb.org/t/p/w1280/jpRUaqNuQInXxdsLIncGJW5u3u2.jpg</thumbnail>
			<fanart>https://image.tmdb.org/t/p/w1280/wnm7ySqYugSMhu4wTdMbkueqNHP.jpg</fanart>
		</item>
		<item>
			<title>The Three Musketeers (2011)</title>
			<meta>
				<content>movie</content>
				<imdb>tt1509767</imdb>
				<title>The Three Musketeers</title>
				<year>2011</year>
			</meta>
			<link>
				<sublink>searchhd</sublink>
				<sublink>searchsd</sublink>
			</link>
			<thumbnail>https://image.tmdb.org/t/p/w1280/n8ob0xjLIjnvqgWY57rPQYOw7t.jpg</thumbnail>
			<fanart>https://image.tmdb.org/t/p/w1280/4YNvdDlnwQF00KyS02QnLoCuoFc.jpg</fanart>
		</item>
		<item>
			<title>The Untouchables (1987)</title>
			<meta>
				<content>movie</content>
				<imdb>tt0094226</imdb>
				<title>The Untouchables</title>
				<year>1987</year>
			</meta>
			<link>
				<sublink>searchhd</sublink>
				<sublink>searchsd</sublink>
			</link>
			<thumbnail>https://image.tmdb.org/t/p/w1280/qx4CDBhJDX5LQoVZ8UXPxQy5pt7.jpg</thumbnail>
			<fanart>https://image.tmdb.org/t/p/w1280/4cJv0cghFaJfepzGdOyqeNaJWYb.jpg</fanart>
		</item>
		<item>
			<title>The Vanishing (1993)</title>
			<meta>
				<content>movie</content>
				<imdb>tt0108473</imdb>
				<title>The Vanishing</title>
				<year>1993</year>
			</meta>
			<link>
				<sublink>searchhd</sublink>
				<sublink>searchsd</sublink>
			</link>
			<thumbnail>https://image.tmdb.org/t/p/w1280/sfgbgbOZUZHRuE3vZ1f1tGOjn8g.jpg</thumbnail>
			<fanart>https://image.tmdb.org/t/p/w1280/4se9tOD7rlzVR5DF94UqRgJZzcr.jpg</fanart>
		</item>
		<item>
			<title>This Is the End (2013)</title>
			<meta>
				<content>movie</content>
				<imdb>tt1245492</imdb>
				<title>This Is the End</title>
				<year>2013</year>
			</meta>
			<link>
				<sublink>searchhd</sublink>
				<sublink>searchsd</sublink>
			</link>
			<thumbnail>https://image.tmdb.org/t/p/w1280/bmdv8Fshq0ZUt1jfyVusJGz8wAf.jpg</thumbnail>
			<fanart>https://image.tmdb.org/t/p/w1280/s7p708Zf4a3CxXZeqEJN0YoU3x.jpg</fanart>
		</item>
		<item>
			<title>Timecop (1994)</title>
			<meta>
				<content>movie</content>
				<imdb>tt0111438</imdb>
				<title>Timecop</title>
				<year>1994</year>
			</meta>
			<link>
				<sublink>searchhd</sublink>
				<sublink>searchsd</sublink>
			</link>
			<thumbnail>https://image.tmdb.org/t/p/w1280/q2ENMsGRUmoglHKPyOQe2fdy1cb.jpg</thumbnail>
			<fanart>https://image.tmdb.org/t/p/w1280/3iDik1VJkpZbmUNNOKHlWKu3or4.jpg</fanart>
		</item>
		<item>
			<title>Top Gun (1986)</title>
			<meta>
				<content>movie</content>
				<imdb>tt0092099</imdb>
				<title>Top Gun</title>
				<year>1986</year>
			</meta>
			<link>
				<sublink>searchhd</sublink>
				<sublink>searchsd</sublink>
			</link>
			<thumbnail>https://image.tmdb.org/t/p/w1280/orGXnBKfT41LxZhitLkXhqUfJJW.jpg</thumbnail>
			<fanart>https://image.tmdb.org/t/p/w1280/9GyBSsMiGkPSk4OESIYZuedijBI.jpg</fanart>
		</item>
		<item>
			<title>Trance (2013)</title>
			<meta>
				<content>movie</content>
				<imdb>tt1924429</imdb>
				<title>Trance</title>
				<year>2013</year>
			</meta>
			<link>
				<sublink>searchhd</sublink>
				<sublink>searchsd</sublink>
			</link>
			<thumbnail>https://image.tmdb.org/t/p/w1280/cr1vVtymoiW23ETEycUgiAZYMur.jpg</thumbnail>
			<fanart>https://image.tmdb.org/t/p/w1280/bsa7cusK4Uw7wX7szy8ilXiJavN.jpg</fanart>
		</item>
		<item>
			<title>Troy (2004)</title>
			<meta>
				<content>movie</content>
				<imdb>tt0332452</imdb>
				<title>Troy</title>
				<year>2004</year>
			</meta>
			<link>
				<sublink>searchhd</sublink>
				<sublink>searchsd</sublink>
			</link>
			<thumbnail>https://image.tmdb.org/t/p/w1280/edMlij7nw2NMla32xskDnzMCFBM.jpg</thumbnail>
			<fanart>https://image.tmdb.org/t/p/w1280/lIyNUZbIeEwWpaWXAO5gnciB8Dq.jpg</fanart>
		</item>
		<item>
			<title>True Lies (1994)</title>
			<meta>
				<content>movie</content>
				<imdb>tt0111503</imdb>
				<title>True Lies</title>
				<year>1994</year>
			</meta>
			<link>
				<sublink>searchhd</sublink>
				<sublink>searchsd</sublink>
			</link>
			<thumbnail>https://image.tmdb.org/t/p/w1280/mTAHr5h5i64hTLqo0cW2X2083Cx.jpg</thumbnail>
			<fanart>https://image.tmdb.org/t/p/w1280/eQZCyr28X5rRxlAm7EUofX3Jhxm.jpg</fanart>
		</item>
		<item>
			<title>Unforgiven (1992)</title>
			<meta>
				<content>movie</content>
				<imdb>tt0105695</imdb>
				<title>Unforgiven</title>
				<year>1992</year>
			</meta>
			<link>
				<sublink>searchhd</sublink>
				<sublink>searchsd</sublink>
			</link>
			<thumbnail>https://image.tmdb.org/t/p/w1280/km6qw4qUkHQRN5y2U1juM1WkBFh.jpg</thumbnail>
			<fanart>https://image.tmdb.org/t/p/w1280/nKYH8DaWjKE3RhEyaa0Ue01kPCp.jpg</fanart>
		</item>
		<item>
			<title>Universal Soldier (1992)</title>
			<meta>
				<content>movie</content>
				<imdb>tt0105698</imdb>
				<title>Universal Soldier</title>
				<year>1992</year>
			</meta>
			<link>
				<sublink>searchhd</sublink>
				<sublink>searchsd</sublink>
			</link>
			<thumbnail>https://image.tmdb.org/t/p/w1280/jABswtfPt03TWjfJnUJ3HmMWWjT.jpg</thumbnail>
			<fanart>https://image.tmdb.org/t/p/w1280/vDzW5BmYnuHbDiMJ6je5E9FLzEJ.jpg</fanart>
		</item>
		<item>
			<title>Unleashed (2005)</title>
			<meta>
				<content>movie</content>
				<imdb>tt0342258</imdb>
				<title>Unleashed</title>
				<year>2005</year>
			</meta>
			<link>
				<sublink>searchhd</sublink>
				<sublink>searchsd</sublink>
			</link>
			<thumbnail>https://image.tmdb.org/t/p/w1280/hfyZgFOjZAk10YlsRl9krBMuQ9K.jpg</thumbnail>
			<fanart>https://image.tmdb.org/t/p/w1280/xd3hJY0064vBH6eUBlK9V3G1TkX.jpg</fanart>
		</item>
		<item>
			<title>Unstoppable (2010)</title>
			<meta>
				<content>movie</content>
				<imdb>tt0477080</imdb>
				<title>Unstoppable</title>
				<year>2010</year>
			</meta>
			<link>
				<sublink>searchhd</sublink>
				<sublink>searchsd</sublink>
			</link>
			<thumbnail>https://image.tmdb.org/t/p/w1280/b2uI9tSssC4D7vCgdES6IZJXuCs.jpg</thumbnail>
			<fanart>https://image.tmdb.org/t/p/w1280/pddDWflAgEUex06MOjfRmAl9ZWq.jpg</fanart>
		</item>
		<item>
			<title>Valerian and the City of a Thousand Planets (2017)</title>
			<meta>
				<content>movie</content>
				<imdb>tt2239822</imdb>
				<title>Valerian and the City of a Thousand Planets</title>
				<year>2017</year>
			</meta>
			<link>
				<sublink>searchhd</sublink>
				<sublink>searchsd</sublink>
			</link>
			<thumbnail>https://image.tmdb.org/t/p/w1280/jfIpMh79fGRqYJ6PwZLCntzgxlF.jpg</thumbnail>
			<fanart>https://image.tmdb.org/t/p/w1280/xniozTQSuimoQGEdV6ieUQPRTyu.jpg</fanart>
		</item>
		<item>
			<title>Vanilla Sky (2001)</title>
			<meta>
				<content>movie</content>
				<imdb>tt0259711</imdb>
				<title>Vanilla Sky</title>
				<year>2001</year>
			</meta>
			<link>
				<sublink>searchhd</sublink>
				<sublink>searchsd</sublink>
			</link>
			<thumbnail>https://image.tmdb.org/t/p/w1280/ujMy9P4VczTW9YSpAM31uqdOMpz.jpg</thumbnail>
			<fanart>https://image.tmdb.org/t/p/w1280/6XwX3HzKhlBUbTy2qZx0THQOu2T.jpg</fanart>
		</item>
		<item>
			<title>Wanted (2008)</title>
			<meta>
				<content>movie</content>
				<imdb>tt0493464</imdb>
				<title>Wanted</title>
				<year>2008</year>
			</meta>
			<link>
				<sublink>searchhd</sublink>
				<sublink>searchsd</sublink>
			</link>
			<thumbnail>https://image.tmdb.org/t/p/w1280/mUrkppyahzk6koYFekxeu0tmcPd.jpg</thumbnail>
			<fanart>https://image.tmdb.org/t/p/w1280/nUqFvwyLwZwT6Y3phbRNliTimZ5.jpg</fanart>
		</item>
		<item>
			<title>War of the Worlds (2005)</title>
			<meta>
				<content>movie</content>
				<imdb>tt0407304</imdb>
				<title>War of the Worlds</title>
				<year>2005</year>
			</meta>
			<link>
				<sublink>searchhd</sublink>
				<sublink>searchsd</sublink>
			</link>
			<thumbnail>https://image.tmdb.org/t/p/w1280/xXMM9KY2eq1SDOQif9zO91YOBA8.jpg</thumbnail>
			<fanart>https://image.tmdb.org/t/p/w1280/bwTb66gicrB7HbkogwNs9V37Ddb.jpg</fanart>
		</item>
		<item>
			<title>Welcome to the Punch (2013)</title>
			<meta>
				<content>movie</content>
				<imdb>tt1684233</imdb>
				<title>Welcome to the Punch</title>
				<year>2013</year>
			</meta>
			<link>
				<sublink>searchhd</sublink>
				<sublink>searchsd</sublink>
			</link>
			<thumbnail>https://image.tmdb.org/t/p/w1280/iX4zxMPuQPpaUpbwG1vBHR78XcW.jpg</thumbnail>
			<fanart>https://image.tmdb.org/t/p/w1280/ncd51Nzk7a6DJKpD5FIMx9iRbWY.jpg</fanart>
		</item>
		<item>
			<title>White House Down (2013)</title>
			<meta>
				<content>movie</content>
				<imdb>tt2334879</imdb>
				<title>White House Down</title>
				<year>2013</year>
			</meta>
			<link>
				<sublink>searchhd</sublink>
				<sublink>searchsd</sublink>
			</link>
			<thumbnail>https://image.tmdb.org/t/p/w1280/niYdnzkrtBduR5lKtfeLXKXNaTT.jpg</thumbnail>
			<fanart>https://image.tmdb.org/t/p/w1280/dyVFl6I0IQEKE3YAbLKwYLGymyp.jpg</fanart>
		</item>
		<item>
			<title>Windtalkers (2002)</title>
			<meta>
				<content>movie</content>
				<imdb>tt0245562</imdb>
				<title>Windtalkers</title>
				<year>2002</year>
			</meta>
			<link>
				<sublink>searchhd</sublink>
				<sublink>searchsd</sublink>
			</link>
			<thumbnail>https://image.tmdb.org/t/p/w1280/siWpVZlD3pahKXNnV9M52yCMZJG.jpg</thumbnail>
			<fanart>https://image.tmdb.org/t/p/w1280/gP9C1wmbF2CV4SZkPbVvfawRuTv.jpg</fanart>
		</item>
		<item>
			<title>Zero Dark Thirty (2012)</title>
			<meta>
				<content>movie</content>
				<imdb>tt1790885</imdb>
				<title>Zero Dark Thirty</title>
				<year>2012</year>
			</meta>
			<link>
				<sublink>searchhd</sublink>
				<sublink>searchsd</sublink>
			</link>
			<thumbnail>https://image.tmdb.org/t/p/w1280/yg6IDNucLAEj7E5loTyTnUW2pgb.jpg</thumbnail>
			<fanart>https://image.tmdb.org/t/p/w1280/zy5hyStEkQyjZgYtvKzJQBr7MpJ.jpg</fanart>
		</item>
	</wannabe>
</dipshit>