<dipshit>
    <wannabe>
		<item>
			<title>Oblivion (I) (2013)</title>
			<meta>
				<content>movie</content>
				<imdb>tt1483013</imdb>
				<title>Oblivion</title>
				<year>I 2013</year>
			</meta>
			<link>
				<sublink>searchhd</sublink>
				<sublink>searchsd</sublink>
			</link>
			<thumbnail>https://image.tmdb.org/t/p/w1280/hmOzkHlkGvi8x24fYpFSnXvjklv.jpg</thumbnail>
			<fanart>https://image.tmdb.org/t/p/w1280/8TE77jL2e4zdERpv8hnBAHUmFRx.jpg</fanart>
		</item>
		<item>
			<title>Once Upon a Time in the West (1968)</title>
			<meta>
				<content>movie</content>
				<imdb>tt0064116</imdb>
				<title>Once Upon a Time in the West</title>
				<year>1968</year>
			</meta>
			<link>
				<sublink>searchhd</sublink>
				<sublink>searchsd</sublink>
			</link>
			<thumbnail>https://image.tmdb.org/t/p/w1280/rVAHRtAMhV8QVXQMQ8NxNbZXCDp.jpg</thumbnail>
			<fanart>https://image.tmdb.org/t/p/w1280/sNaQWTsQFfdhjKweXbgjSHKZ8YS.jpg</fanart>
		</item>
		<item>
			<title>Only God Forgives (2013)</title>
			<meta>
				<content>movie</content>
				<imdb>tt1602613</imdb>
				<title>Only God Forgives</title>
				<year>2013</year>
			</meta>
			<link>
				<sublink>searchhd</sublink>
				<sublink>searchsd</sublink>
			</link>
			<thumbnail>https://image.tmdb.org/t/p/w1280/8KUPbn7gBm5o4cHM1K8SFfCpxOg.jpg</thumbnail>
			<fanart>https://image.tmdb.org/t/p/w1280/bWOeaxfLBf5G7qfsC2a2gGuKx6X.jpg</fanart>
		</item>
		<item>
			<title>Out of Africa (1985)</title>
			<meta>
				<content>movie</content>
				<imdb>tt0089755</imdb>
				<title>Out of Africa</title>
				<year>1985</year>
			</meta>
			<link>
				<sublink>searchhd</sublink>
				<sublink>searchsd</sublink>
			</link>
			<thumbnail>https://image.tmdb.org/t/p/w1280/bLXD2jp0img4RJiczAwnS7m7jF9.jpg</thumbnail>
			<fanart>https://image.tmdb.org/t/p/w1280/uMPrCi5DA0kuIeZGjoE7FPGqETW.jpg</fanart>
		</item>
		<item>
			<title>Oz the Great and Powerful (2013)</title>
			<meta>
				<content>movie</content>
				<imdb>tt1623205</imdb>
				<title>Oz the Great and Powerful</title>
				<year>2013</year>
			</meta>
			<link>
				<sublink>searchhd</sublink>
				<sublink>searchsd</sublink>
			</link>
			<thumbnail>https://image.tmdb.org/t/p/w1280/7qzLIcYR7ev7iXngY8NKHBZHwwT.jpg</thumbnail>
			<fanart>https://image.tmdb.org/t/p/w1280/4jv4TsBccZt60ltlPYmL8vaG8cu.jpg</fanart>
		</item>
		<item>
			<title>Pain & Gain (2013)</title>
			<meta>
				<content>movie</content>
				<imdb>tt1980209</imdb>
				<title>Pain & Gain</title>
				<year>2013</year>
			</meta>
			<link>
				<sublink>searchhd</sublink>
				<sublink>searchsd</sublink>
			</link>
			<thumbnail>https://image.tmdb.org/t/p/w1280/mFaT4CfHGlRXAWe8qS7IJHwZgeb.jpg</thumbnail>
			<fanart>https://image.tmdb.org/t/p/w1280/uWREpRwvl2AYqKNmrubGgE68gnC.jpg</fanart>
		</item>
		<item>
			<title>Parkland (2013)</title>
			<meta>
				<content>movie</content>
				<imdb>tt2345112</imdb>
				<title>Parkland</title>
				<year>2013</year>
			</meta>
			<link>
				<sublink>searchhd</sublink>
				<sublink>searchsd</sublink>
			</link>
			<thumbnail>https://image.tmdb.org/t/p/w1280/4XnQohEzB4XwISgoJEmH7M8GcPq.jpg</thumbnail>
			<fanart>https://image.tmdb.org/t/p/w1280/ytU5qFmKYIDhWg8mnJxh1V603Rj.jpg</fanart>
		</item>
		<item>
			<title>Passion (2012)</title>
			<meta>
				<content>movie</content>
				<imdb>tt1829012</imdb>
				<title>Passion</title>
				<year>2012</year>
			</meta>
			<link>
				<sublink>searchhd</sublink>
				<sublink>searchsd</sublink>
			</link>
			<thumbnail>https://image.tmdb.org/t/p/w1280/fb4odFgekpIlFRGnW47D52Qwbky.jpg</thumbnail>
			<fanart>https://image.tmdb.org/t/p/w1280/a8VBIEbwhn7hEjIJU0vMOJibqNV.jpg</fanart>
		</item>
		<item>
			<title>Paycheck (2003)</title>
			<meta>
				<content>movie</content>
				<imdb>tt0338337</imdb>
				<title>Paycheck</title>
				<year>2003</year>
			</meta>
			<link>
				<sublink>searchhd</sublink>
				<sublink>searchsd</sublink>
			</link>
			<thumbnail>https://image.tmdb.org/t/p/w1280/fvp8I0d21MMbpd0Z8HMeGZXMKGU.jpg</thumbnail>
			<fanart>https://image.tmdb.org/t/p/w1280/7GyIzZImsBTAH0teL1XKG6Nz3OL.jpg</fanart>
		</item>
		<item>
			<title>Pearl Harbor (2001)</title>
			<meta>
				<content>movie</content>
				<imdb>tt0213149</imdb>
				<title>Pearl Harbor</title>
				<year>2001</year>
			</meta>
			<link>
				<sublink>searchhd</sublink>
				<sublink>searchsd</sublink>
			</link>
			<thumbnail>https://image.tmdb.org/t/p/w1280/gzjMpcyV1RksWonaA87DZ8wQTH0.jpg</thumbnail>
			<fanart>https://image.tmdb.org/t/p/w1280/cDctk61tUeQz4LX7tTFPknI28ea.jpg</fanart>
		</item>
		<item>
			<title>Pirates of the Caribbean: Dead Men Tell No Tales (2017)</title>
			<meta>
				<content>movie</content>
				<imdb>tt1790809</imdb>
				<title>Pirates of the Caribbean: Dead Men Tell No Tales</title>
				<year>2017</year>
			</meta>
			<link>
				<sublink>searchhd</sublink>
				<sublink>searchsd</sublink>
			</link>
			<thumbnail>https://image.tmdb.org/t/p/w1280/xbpSDU3p7YUGlu9Mr6Egg2Vweto.jpg</thumbnail>
			<fanart>https://image.tmdb.org/t/p/w1280/7C921eWK06n12c1miRXnYoEu5Yv.jpg</fanart>
		</item>
		<item>
			<title>Pirates of the Caribbean: The Curse of the Black Pearl (2003)</title>
			<meta>
				<content>movie</content>
				<imdb>tt0325980</imdb>
				<title>Pirates of the Caribbean: The Curse of the Black Pearl</title>
				<year>2003</year>
			</meta>
			<link>
				<sublink>searchhd</sublink>
				<sublink>searchsd</sublink>
			</link>
			<thumbnail>https://image.tmdb.org/t/p/w1280/tkt9xR1kNX5R9rCebASKck44si2.jpg</thumbnail>
			<fanart>https://image.tmdb.org/t/p/w1280/8AUQ7YlJJA9C8kWk8P4YNHIcFDE.jpg</fanart>
		</item>
		<item>
			<title>Point Break (1991)</title>
			<meta>
				<content>movie</content>
				<imdb>tt0102685</imdb>
				<title>Point Break</title>
				<year>1991</year>
			</meta>
			<link>
				<sublink>searchhd</sublink>
				<sublink>searchsd</sublink>
			</link>
			<thumbnail>https://image.tmdb.org/t/p/w1280/zAt6vprHgkQCaQ5n6qwfXd4zAcD.jpg</thumbnail>
			<fanart>https://image.tmdb.org/t/p/w1280/b6lTtyq6o4k10CEMnblFBPiaH6t.jpg</fanart>
		</item>
		<item>
			<title>Pompeii (I) (2014)</title>
			<meta>
				<content>movie</content>
				<imdb>tt1921064</imdb>
				<title>Pompeii</title>
				<year>I 2014</year>
			</meta>
			<link>
				<sublink>searchhd</sublink>
				<sublink>searchsd</sublink>
			</link>
			<thumbnail>https://image.tmdb.org/t/p/w1280/idiv0IxVhVSDW8cWxfprYyY5Yev.jpg</thumbnail>
			<fanart>https://image.tmdb.org/t/p/w1280/6Q4GeMo08AOJJos9BzgnutFiZTG.jpg</fanart>
		</item>
		<item>
			<title>Predator (1987)</title>
			<meta>
				<content>movie</content>
				<imdb>tt0093773</imdb>
				<title>Predator</title>
				<year>1987</year>
			</meta>
			<link>
				<sublink>searchhd</sublink>
				<sublink>searchsd</sublink>
			</link>
			<thumbnail>https://image.tmdb.org/t/p/w1280/p6fhq04t75yCfE0kSTNZGQvWuQ1.jpg</thumbnail>
			<fanart>https://image.tmdb.org/t/p/w1280/ib247UzpzFwZp5XW2RZtwSHqLf0.jpg</fanart>
		</item>
		<item>
			<title>Pretty Woman (1990)</title>
			<meta>
				<content>movie</content>
				<imdb>tt0100405</imdb>
				<title>Pretty Woman</title>
				<year>1990</year>
			</meta>
			<link>
				<sublink>searchhd</sublink>
				<sublink>searchsd</sublink>
			</link>
			<thumbnail>https://image.tmdb.org/t/p/w1280/fgmdaCMxXClZm2ePteLzCPySB1n.jpg</thumbnail>
			<fanart>https://image.tmdb.org/t/p/w1280/fztlIPN1EAO2kFVdJhKaXjAgjhH.jpg</fanart>
		</item>
		<item>
			<title>Prometheus (I) (2012)</title>
			<meta>
				<content>movie</content>
				<imdb>tt1446714</imdb>
				<title>Prometheus</title>
				<year>I 2012</year>
			</meta>
			<link>
				<sublink>searchhd</sublink>
				<sublink>searchsd</sublink>
			</link>
			<thumbnail>https://image.tmdb.org/t/p/w1280/ng8ALjSDhUmwLl7vtjUWIZNQSlt.jpg</thumbnail>
			<fanart>https://image.tmdb.org/t/p/w1280/rRhoMIqgdX9wEtRUOLsqXKkH9I0.jpg</fanart>
		</item>
		<item>
			<title>Public Enemies (2009)</title>
			<meta>
				<content>movie</content>
				<imdb>tt1152836</imdb>
				<title>Public Enemies</title>
				<year>2009</year>
			</meta>
			<link>
				<sublink>searchhd</sublink>
				<sublink>searchsd</sublink>
			</link>
			<thumbnail>https://image.tmdb.org/t/p/w1280/qisfF7ENdmGI8fpQJoCxIIU1QhH.jpg</thumbnail>
			<fanart>https://image.tmdb.org/t/p/w1280/xwdGyVw5ELdfGMwpmN6D5Bk4THH.jpg</fanart>
		</item>
		<item>
			<title>Riddick (2013)</title>
			<meta>
				<content>movie</content>
				<imdb>tt1411250</imdb>
				<title>Riddick</title>
				<year>2013</year>
			</meta>
			<link>
				<sublink>searchhd</sublink>
				<sublink>searchsd</sublink>
			</link>
			<thumbnail>https://image.tmdb.org/t/p/w1280/duoN6oNGp1emHkkhlTcY76Wz2ED.jpg</thumbnail>
			<fanart>https://image.tmdb.org/t/p/w1280/bMMhbyEUudWOLOcgHORZ57LArRL.jpg</fanart>
		</item>
		<item>
			<title>Robin Hood (2010)</title>
			<meta>
				<content>movie</content>
				<imdb>tt0955308</imdb>
				<title>Robin Hood</title>
				<year>2010</year>
			</meta>
			<link>
				<sublink>searchhd</sublink>
				<sublink>searchsd</sublink>
			</link>
			<thumbnail>https://image.tmdb.org/t/p/w1280/4gH0vhyOcl7QV3t81653CpWjEB6.jpg</thumbnail>
			<fanart>https://image.tmdb.org/t/p/w1280/avhEibZxIr8NzHQFBjw3FjLjN7u.jpg</fanart>
		</item>
		<item>
			<title>RoboCop (2014)</title>
			<meta>
				<content>movie</content>
				<imdb>tt1234721</imdb>
				<title>RoboCop</title>
				<year>2014</year>
			</meta>
			<link>
				<sublink>searchhd</sublink>
				<sublink>searchsd</sublink>
			</link>
			<thumbnail>https://image.tmdb.org/t/p/w1280/hFQcC5eSSHqJfk70RdgrMMxGuYt.jpg</thumbnail>
			<fanart>https://image.tmdb.org/t/p/w1280/zkBSu5jNI9YrAGvvy8cAAc7BZX5.jpg</fanart>
		</item>
		<item>
			<title>Ronin (1998)</title>
			<meta>
				<content>movie</content>
				<imdb>tt0122690</imdb>
				<title>Ronin</title>
				<year>1998</year>
			</meta>
			<link>
				<sublink>searchhd</sublink>
				<sublink>searchsd</sublink>
			</link>
			<thumbnail>https://image.tmdb.org/t/p/w1280/UoFUXemMYGKuCN01Y111JlPjjr.jpg</thumbnail>
			<fanart>https://image.tmdb.org/t/p/w1280/oluhanwldGYjwIJ1hzfWlhSsXr3.jpg</fanart>
		</item>
		<item>
			<title>Sabotage (2014)</title>
			<meta>
				<content>movie</content>
				<imdb>tt1742334</imdb>
				<title>Sabotage</title>
				<year>2014</year>
			</meta>
			<link>
				<sublink>searchhd</sublink>
				<sublink>searchsd</sublink>
			</link>
			<thumbnail>https://image.tmdb.org/t/p/w1280/iVpNb776SBRslpXBd20G38i9oBy.jpg</thumbnail>
			<fanart>https://image.tmdb.org/t/p/w1280/zb0zgDuXC25zMGyiPeOiFDEHvmi.jpg</fanart>
		</item>
		<item>
			<title>Sand Castle (2017)</title>
			<meta>
				<content>movie</content>
				<imdb>tt2582576</imdb>
				<title>Sand Castle</title>
				<year>2017</year>
			</meta>
			<link>
				<sublink>searchhd</sublink>
				<sublink>searchsd</sublink>
			</link>
			<thumbnail>https://image.tmdb.org/t/p/w1280/c9buG2jVRgAu68E4D4jpwlgqhO1.jpg</thumbnail>
			<fanart>https://image.tmdb.org/t/p/w1280/eM9MZ1dhDCbRzwQg0FWpWWtLPMn.jpg</fanart>
		</item>
		<item>
			<title>Secret Games 3 (1994)</title>
			<meta>
				<content>movie</content>
				<imdb>tt0111104</imdb>
				<title>Secret Games 3</title>
				<year>1994</year>
			</meta>
			<link>
				<sublink>searchhd</sublink>
				<sublink>searchsd</sublink>
			</link>
			<thumbnail>https://image.tmdb.org/t/p/w1280/zjZLOepsneGehtQ0oGAG3hnegdn.jpg</thumbnail>
			<fanart>https://image.tmdb.org/t/p/w1280none</fanart>
		</item>
		<item>
			<title>Shade (2003)</title>
			<meta>
				<content>movie</content>
				<imdb>tt0323939</imdb>
				<title>Shade</title>
				<year>2003</year>
			</meta>
			<link>
				<sublink>searchhd</sublink>
				<sublink>searchsd</sublink>
			</link>
			<thumbnail>https://image.tmdb.org/t/p/w1280/hmgj0eyAXhHGeLyoKBUsGq0NiIw.jpg</thumbnail>
			<fanart>https://image.tmdb.org/t/p/w1280/wZc98T1RgeYYGhk9DefvwOOhES9.jpg</fanart>
		</item>
		<item>
			<title>Showdown in Little Tokyo (1991)</title>
			<meta>
				<content>movie</content>
				<imdb>tt0102915</imdb>
				<title>Showdown in Little Tokyo</title>
				<year>1991</year>
			</meta>
			<link>
				<sublink>searchhd</sublink>
				<sublink>searchsd</sublink>
			</link>
			<thumbnail>https://image.tmdb.org/t/p/w1280/xGE0TFCsNincYgC8c8nWS8aKZKY.jpg</thumbnail>
			<fanart>https://image.tmdb.org/t/p/w1280/fTbBtJrmiFRJocoGDHqNPqimz5m.jpg</fanart>
		</item>
		<item>
			<title>Sin City (2005)</title>
			<meta>
				<content>movie</content>
				<imdb>tt0401792</imdb>
				<title>Sin City</title>
				<year>2005</year>
			</meta>
			<link>
				<sublink>searchhd</sublink>
				<sublink>searchsd</sublink>
			</link>
			<thumbnail>https://image.tmdb.org/t/p/w1280/vKJVGOKPyWqp9d2EX5NH1liqRqR.jpg</thumbnail>
			<fanart>https://image.tmdb.org/t/p/w1280/my81Hjt7NpZhaMX9bHi4wVhFy0v.jpg</fanart>
		</item>
		<item>
			<title>Sin City: A Dame to Kill For (2014)</title>
			<meta>
				<content>movie</content>
				<imdb>tt0458481</imdb>
				<title>Sin City: A Dame to Kill For</title>
				<year>2014</year>
			</meta>
			<link>
				<sublink>searchhd</sublink>
				<sublink>searchsd</sublink>
			</link>
			<thumbnail>https://image.tmdb.org/t/p/w1280/k80qKrJ0qQ6ocVo5N932stNSg6j.jpg</thumbnail>
			<fanart>https://image.tmdb.org/t/p/w1280/khzRw7ZDE3NIrYpe0RYyB864FPT.jpg</fanart>
		</item>
		<item>
			<title>Soldier (I) (1998)</title>
			<meta>
				<content>movie</content>
				<imdb>tt0120157</imdb>
				<title>Soldier</title>
				<year>I 1998</year>
			</meta>
			<link>
				<sublink>searchhd</sublink>
				<sublink>searchsd</sublink>
			</link>
			<thumbnail>https://image.tmdb.org/t/p/w1280/lpByPXb2xJvsmeEBxO9YPADLLdi.jpg</thumbnail>
			<fanart>https://image.tmdb.org/t/p/w1280/47gRJs6hozTKhg8jaqkEyQQ6NrA.jpg</fanart>
		</item>
		<item>
			<title>Song to Song (2017)</title>
			<meta>
				<content>movie</content>
				<imdb>tt2062700</imdb>
				<title>Song to Song</title>
				<year>2017</year>
			</meta>
			<link>
				<sublink>searchhd</sublink>
				<sublink>searchsd</sublink>
			</link>
			<thumbnail>https://image.tmdb.org/t/p/w1280/rEvtGhNY2DQ4L8Ma6rpMhL6IbKM.jpg</thumbnail>
			<fanart>https://image.tmdb.org/t/p/w1280/7y9v3rlbClIodJ8FYAnAHWJ0Zu8.jpg</fanart>
		</item>
		<item>
			<title>Southpaw (2015)</title>
			<meta>
				<content>movie</content>
				<imdb>tt1798684</imdb>
				<title>Southpaw</title>
				<year>2015</year>
			</meta>
			<link>
				<sublink>searchhd</sublink>
				<sublink>searchsd</sublink>
			</link>
			<thumbnail>https://image.tmdb.org/t/p/w1280/50d0XQQETSyg3bwBXhC7K33pKgc.jpg</thumbnail>
			<fanart>https://image.tmdb.org/t/p/w1280/tTt1cdEEkKMJ1R4VBTe5vbE3bWO.jpg</fanart>
		</item>
		<item>
			<title>Spartacus (1960)</title>
			<meta>
				<content>movie</content>
				<imdb>tt0054331</imdb>
				<title>Spartacus</title>
				<year>1960</year>
			</meta>
			<link>
				<sublink>searchhd</sublink>
				<sublink>searchsd</sublink>
			</link>
			<thumbnail>https://image.tmdb.org/t/p/w1280/hpICDCTdMIpcqEeNa0k3rcedw2B.jpg</thumbnail>
			<fanart>https://image.tmdb.org/t/p/w1280/z7tLZ3c17Ch6qGIhUuiXBGGwHv0.jpg</fanart>
		</item>
		<item>
			<title>Speed (1994)</title>
			<meta>
				<content>movie</content>
				<imdb>tt0111257</imdb>
				<title>Speed</title>
				<year>1994</year>
			</meta>
			<link>
				<sublink>searchhd</sublink>
				<sublink>searchsd</sublink>
			</link>
			<thumbnail>https://image.tmdb.org/t/p/w1280/u5ZqizbcZ0RZhVqmu8lSU4SARBT.jpg</thumbnail>
			<fanart>https://image.tmdb.org/t/p/w1280/pGVpDc6MgLRtOYdxsA5fhj1SZki.jpg</fanart>
		</item>
		<item>
			<title>Spider-Man: Homecoming (2017)</title>
			<meta>
				<content>movie</content>
				<imdb>tt2250912</imdb>
				<title>Spider-Man: Homecoming</title>
				<year>2017</year>
			</meta>
			<link>
				<sublink>searchhd</sublink>
				<sublink>searchsd</sublink>
			</link>
			<thumbnail>https://image.tmdb.org/t/p/w1280/c24sv2weTHPsmDa7jEMN0m2P3RT.jpg</thumbnail>
			<fanart>https://image.tmdb.org/t/p/w1280/vc8bCGjdVp0UbMNLzHnHSLRbBWQ.jpg</fanart>
		</item>
		<item>
			<title>Spring Breakers (2012)</title>
			<meta>
				<content>movie</content>
				<imdb>tt2101441</imdb>
				<title>Spring Breakers</title>
				<year>2012</year>
			</meta>
			<link>
				<sublink>searchhd</sublink>
				<sublink>searchsd</sublink>
			</link>
			<thumbnail>https://image.tmdb.org/t/p/w1280/nDs6gn1VH5MmF7l8G8UABBBX0G1.jpg</thumbnail>
			<fanart>https://image.tmdb.org/t/p/w1280/44njc1OWRwl5GGCYZ5OAuTIVkC.jpg</fanart>
		</item>
		<item>
			<title>Spy (2015)</title>
			<meta>
				<content>movie</content>
				<imdb>tt3079380</imdb>
				<title>Spy</title>
				<year>2015</year>
			</meta>
			<link>
				<sublink>searchhd</sublink>
				<sublink>searchsd</sublink>
			</link>
			<thumbnail>https://image.tmdb.org/t/p/w1280/xaOq0BnMHl445iZ4B7szBzaWgjS.jpg</thumbnail>
			<fanart>https://image.tmdb.org/t/p/w1280/AoYGqtWxcNmQjQIpRCMtzpFfL1T.jpg</fanart>
		</item>
		<item>
			<title>Spy Game (2001)</title>
			<meta>
				<content>movie</content>
				<imdb>tt0266987</imdb>
				<title>Spy Game</title>
				<year>2001</year>
			</meta>
			<link>
				<sublink>searchhd</sublink>
				<sublink>searchsd</sublink>
			</link>
			<thumbnail>https://image.tmdb.org/t/p/w1280/hsb8hBeU3tkTX8SUYW6YYw6JPYD.jpg</thumbnail>
			<fanart>https://image.tmdb.org/t/p/w1280/ncF0ozvDnIVFzKF0J5iqwEIezRJ.jpg</fanart>
		</item>
		<item>
			<title>Star Trek: Into Darkness (2013)</title>
			<meta>
				<content>movie</content>
				<imdb>tt1408101</imdb>
				<title>Star Trek: Into Darkness</title>
				<year>2013</year>
			</meta>
			<link>
				<sublink>searchhd</sublink>
				<sublink>searchsd</sublink>
			</link>
			<thumbnail>https://image.tmdb.org/t/p/w1280/41mhrXASAW3sdn7LBWF49uCX0xi.jpg</thumbnail>
			<fanart>https://image.tmdb.org/t/p/w1280/ns0IojuqJe24AHTxe8RVcWJUCDM.jpg</fanart>
		</item>
		<item>
			<title>Stoker (2013)</title>
			<meta>
				<content>movie</content>
				<imdb>tt1682180</imdb>
				<title>Stoker</title>
				<year>2013</year>
			</meta>
			<link>
				<sublink>searchhd</sublink>
				<sublink>searchsd</sublink>
			</link>
			<thumbnail>https://image.tmdb.org/t/p/w1280/mif93qTCI33RyoxhroEK0ANsGbk.jpg</thumbnail>
			<fanart>https://image.tmdb.org/t/p/w1280/6BqAHEKpm88t3z678mxJnpWNx55.jpg</fanart>
		</item>
		<item>
			<title>Stratton (2017)</title>
			<meta>
				<content>movie</content>
				<imdb>tt3567666</imdb>
				<title>Stratton</title>
				<year>2017</year>
			</meta>
			<link>
				<sublink>searchhd</sublink>
				<sublink>searchsd</sublink>
			</link>
			<thumbnail>https://image.tmdb.org/t/p/w1280/dRpFotBljdbhXKQJd1lzmS4Onyv.jpg</thumbnail>
			<fanart>https://image.tmdb.org/t/p/w1280/f30alhDnRnqXxZc6GIc2blDHsyf.jpg</fanart>
		</item>
		<item>
			<title>Street Kings (2008)</title>
			<meta>
				<content>movie</content>
				<imdb>tt0421073</imdb>
				<title>Street Kings</title>
				<year>2008</year>
			</meta>
			<link>
				<sublink>searchhd</sublink>
				<sublink>searchsd</sublink>
			</link>
			<thumbnail>https://image.tmdb.org/t/p/w1280/2h2mThLae2QZLprtovKXRBgMM1E.jpg</thumbnail>
			<fanart>https://image.tmdb.org/t/p/w1280/vQL3dus5e8XtpAiJKFcI8YiITlV.jpg</fanart>
		</item>
		<item>
			<title>Sudden Death (1995)</title>
			<meta>
				<content>movie</content>
				<imdb>tt0114576</imdb>
				<title>Sudden Death</title>
				<year>1995</year>
			</meta>
			<link>
				<sublink>searchhd</sublink>
				<sublink>searchsd</sublink>
			</link>
			<thumbnail>https://image.tmdb.org/t/p/w1280/eoWvKD60lT95Ss1MYNgVExpo5iU.jpg</thumbnail>
			<fanart>https://image.tmdb.org/t/p/w1280/y6A4PUAD61r15CgtuuQhWxLh6Vx.jpg</fanart>
		</item>
	</wannabe>
</dipshit>