<addon id="plugin.program.HighEnergy" name="HighEnergy Wizard " version="1.2" provider-name="Daffy">
  <requires>
    <import addon="xbmc.python" version="2.1.0"/>
	<import addon="script.module.addon.common" />
  </requires>
  <extension point="xbmc.python.pluginsource" library="default.py">
        <provides>executable</provides>
  </extension>
  <extension point="xbmc.addon.metadata">
		<summary lang="en">HighEnergy Wizard</summary>
		<description lang="en">Install my wizard to download my HighEnergy Build also my maintanance tool, my first time at sknning and a build, hope you guys like it.</description>
		<disclaimer lang="en"></disclaimer>
    <platform>all</platform>
  </extension>
</addon>