<?xml version="1.0" encoding="UTF-8"?>
<addon id="plugin.program.aeom.notifications" version="03.18.18" name="All Eyez On Me Notifications" provider-name="TUPAC">
  <requires>
  	<import addon="xbmc.python" version="2.1.0"/>
  	<import addon="script.module.addon.common" optional="true" />
  </requires>
  <extension point="xbmc.python.script" library="default.py">
    <provides>executable</provides>
  </extension>
  <extension point="xbmc.service" library="service.py" start="startup">
  </extension>
  <extension point="xbmc.addon.metadata">
  	<summary></summary>
  	<description>All Eyez On Me Repo/Addon Notifications Area.</description>
  	<disclaimer>All Eyez On Me Repo/Addon Notifications Area.</disclaimer>
  	<language>en</language>
  	<platform>all</platform>
  	<forum></forum>
  	<website></website>
  	<source></source>
  	<email></email>
  </extension>
</addon>
